#include <wx/image.h>
#include <wx/mstream.h>
static const unsigned char image_Wood29[] = {
  0xff,  0xd8,  0xff,  0xe0,  0x00,  0x10,  0x4a,  0x46,  0x49,  0x46,  0x00,  0x01,  0x01,  0x01,  0x00,  0x60,
  0x00,  0x60,  0x00,  0x00,  0xff,  0xdb,  0x00,  0x43,  0x00,  0x03,  0x02,  0x02,  0x03,  0x02,  0x02,  0x03,
  0x03,  0x03,  0x03,  0x04,  0x03,  0x03,  0x04,  0x05,  0x08,  0x05,  0x05,  0x04,  0x04,  0x05,  0x0a,  0x07,
  0x07,  0x06,  0x08,  0x0c,  0x0a,  0x0c,  0x0c,  0x0b,  0x0a,  0x0b,  0x0b,  0x0d,  0x0e,  0x12,  0x10,  0x0d,
  0x0e,  0x11,  0x0e,  0x0b,  0x0b,  0x10,  0x16,  0x10,  0x11,  0x13,  0x14,  0x15,  0x15,  0x15,  0x0c,  0x0f,
  0x17,  0x18,  0x16,  0x14,  0x18,  0x12,  0x14,  0x15,  0x14,  0xff,  0xdb,  0x00,  0x43,  0x01,  0x03,  0x04,
  0x04,  0x05,  0x04,  0x05,  0x09,  0x05,  0x05,  0x09,  0x14,  0x0d,  0x0b,  0x0d,  0x14,  0x14,  0x14,  0x14,
  0x14,  0x14,  0x14,  0x14,  0x14,  0x14,  0x14,  0x14,  0x14,  0x14,  0x14,  0x14,  0x14,  0x14,  0x14,  0x14,
  0x14,  0x14,  0x14,  0x14,  0x14,  0x14,  0x14,  0x14,  0x14,  0x14,  0x14,  0x14,  0x14,  0x14,  0x14,  0x14,
  0x14,  0x14,  0x14,  0x14,  0x14,  0x14,  0x14,  0x14,  0x14,  0x14,  0x14,  0x14,  0x14,  0x14,  0xff,  0xc0,
  0x00,  0x11,  0x08,  0x01,  0x00,  0x01,  0x00,  0x03,  0x01,  0x22,  0x00,  0x02,  0x11,  0x01,  0x03,  0x11,
  0x01,  0xff,  0xc4,  0x00,  0x1b,  0x00,  0x00,  0x03,  0x01,  0x01,  0x01,  0x01,  0x01,  0x00,  0x00,  0x00,
  0x00,  0x00,  0x00,  0x00,  0x00,  0x00,  0x03,  0x04,  0x05,  0x02,  0x06,  0x01,  0x00,  0x07,  0xff,  0xc4,
  0x00,  0x4a,  0x10,  0x00,  0x02,  0x01,  0x03,  0x03,  0x01,  0x04,  0x05,  0x09,  0x05,  0x05,  0x06,  0x06,
  0x02,  0x03,  0x00,  0x01,  0x02,  0x11,  0x00,  0x03,  0x04,  0x05,  0x12,  0x21,  0x31,  0x13,  0x22,  0x41,
  0x51,  0x06,  0x32,  0x61,  0x71,  0xd1,  0x14,  0x23,  0x42,  0x81,  0x91,  0xa1,  0xb1,  0xc1,  0xe1,  0x15,
  0x62,  0x72,  0x82,  0xf0,  0x24,  0x25,  0x33,  0x52,  0x92,  0x34,  0x43,  0x73,  0xa2,  0xb2,  0xf1,  0x07,
  0x16,  0x26,  0x35,  0x53,  0x63,  0x83,  0xd2,  0x36,  0xa3,  0xc2,  0xff,  0xc4,  0x00,  0x19,  0x01,  0x00,
  0x03,  0x01,  0x01,  0x01,  0x00,  0x00,  0x00,  0x00,  0x00,  0x00,  0x00,  0x00,  0x00,  0x00,  0x00,  0x01,
  0x02,  0x03,  0x00,  0x04,  0x06,  0xff,  0xc4,  0x00,  0x2c,  0x11,  0x00,  0x02,  0x01,  0x03,  0x01,  0x07,
  0x03,  0x05,  0x00,  0x03,  0x00,  0x00,  0x00,  0x00,  0x00,  0x00,  0x00,  0x01,  0x02,  0x11,  0x21,  0x31,
  0x41,  0x03,  0x32,  0x42,  0x51,  0x71,  0x81,  0xf0,  0x22,  0x61,  0x91,  0x12,  0x33,  0xb1,  0xc1,  0xd1,
  0x23,  0x52,  0xa1,  0xff,  0xda,  0x00,  0x0c,  0x03,  0x01,  0x00,  0x02,  0x11,  0x03,  0x11,  0x00,  0x3f,
  0x00,  0xfc,  0x3f,  0x29,  0x48,  0xbc,  0x7a,  0x02,  0x59,  0x47,  0xbb,  0xad,  0x35,  0x84,  0xa8,  0xf9,
  0x4a,  0x08,  0x2e,  0x6d,  0x64,  0xbb,  0x81,  0xc8,  0x0d,  0xcc,  0x7e,  0x66,  0x81,  0x92,  0xbb,  0xaf,
  0x73,  0xc0,  0x17,  0xd7,  0x80,  0x20,  0x75,  0x22,  0x8d,  0x89,  0x79,  0x53,  0x58,  0xb6,  0xa0,  0x12,
  0xad,  0x91,  0x72,  0x77,  0xf5,  0x1d,  0x4f,  0xe5,  0x5e,  0x69,  0xee,  0x9e,  0xc9,  0x13,  0x31,  0x0e,
  0xf4,  0x53,  0xc2,  0xf7,  0x0b,  0x79,  0x7d,  0x15,  0xa6,  0xb3,  0xd7,  0xff,  0x00,  0x4d,  0x5b,  0x62,
  0x7a,  0xde,  0x60,  0x04,  0xf1,  0xf4,  0xfe,  0xda,  0x53,  0x0e,  0xda,  0xdc,  0xb6,  0x4f,  0x7b,  0x72,
  0x59,  0x66,  0x81,  0xe2,  0x76,  0xa8,  0xfc,  0xe9,  0xac,  0xbb,  0x4b,  0xfb,  0x06,  0xd8,  0x9e,  0xf3,
  0x5f,  0x63,  0xff,  0x00,  0x57,  0xe9,  0x54,  0x79,  0x5d,  0x45,  0x3c,  0xd3,  0xd4,  0x26,  0x9d,  0x8c,
  0x0b,  0x6d,  0x86,  0x07,  0xa7,  0x5e,  0xf7,  0xe9,  0x57,  0x34,  0x4b,  0x64,  0x31,  0x21,  0xca,  0x12,
  0xd7,  0x3c,  0xa0,  0xf7,  0x45,  0x49,  0xc5,  0xb6,  0x17,  0x4c,  0xb4,  0xdd,  0x48,  0x6b,  0x63,  0xed,
  0x66,  0xa6,  0xb1,  0x2e,  0x0b,  0x6b,  0x6e,  0x1c,  0x2b,  0x35,  0xf7,  0x06,  0x39,  0xfa,  0x2b,  0xd4,
  0x79,  0x54,  0x67,  0x7a,  0x84,  0x43,  0x18,  0x1b,  0x16,  0xce,  0xeb,  0x92,  0x0d,  0xc1,  0x0a,  0x0f,
  0x3d,  0x6a,  0x9e,  0xa0,  0xa0,  0xe9,  0x59,  0x8c,  0xa0,  0xac,  0x83,  0xd4,  0xcc,  0xf7,  0xda,  0xa3,
  0xd8,  0x63,  0x71,  0xad,  0xf7,  0xa2,  0x2e,  0xed,  0x20,  0x79,  0xcf,  0x95,  0x52,  0xc8,  0xbc,  0x4e,
  0x99,  0x9a,  0x00,  0xee,  0x87,  0x2a,  0x25,  0xbf,  0x78,  0xfc,  0x69,  0xa4,  0xae,  0x8a,  0x48,  0x5b,
  0x5c,  0x01,  0x7d,  0x1f,  0xba,  0xa0,  0x41,  0x5b,  0xde,  0x5d,  0x01,  0x41,  0x5a,  0xf4,  0x5e,  0xd9,
  0x7d,  0x33,  0x18,  0x1e,  0x3f,  0xb4,  0x5a,  0x1c,  0x75,  0x1c,  0xb5,  0x63,  0x5c,  0x95,  0xd2,  0x32,
  0x06,  0xd8,  0x1d,  0xaa,  0xcf,  0xfa,  0x29,  0xaf,  0x44,  0x41,  0x16,  0x95,  0x43,  0x70,  0x32,  0x13,
  0xbb,  0x07,  0x9e,  0xf3,  0xf9,  0x7d,  0x75,  0x9b,  0xa6,  0xcb,  0xb9,  0x1d,  0x47,  0xb5,  0x34,  0x2d,
  0x82,  0x84,  0x0e,  0x1d,  0xee,  0x13,  0xd7,  0xa0,  0x51,  0x51,  0xd3,  0x27,  0xb1,  0xc4,  0x06,  0x24,
  0x94,  0x65,  0xee,  0xf8,  0x48,  0x61,  0x56,  0x73,  0xee,  0x7f,  0x63,  0xe7,  0x6b,  0x10,  0x2e,  0xf2,
  0x07,  0xb0,  0x0a,  0x85,  0x76,  0xdc,  0xe9,  0x4a,  0x54,  0xc9,  0xdd,  0x07,  0x8f,  0x63,  0xd2,  0x6c,
  0xf1,  0x46,  0x53,  0x0d,  0x0e,  0xe8,  0x4f,  0xb3,  0x58,  0x7b,  0x51,  0xb8,  0x94,  0x27,  0xce,  0x7c,
  0xa8,  0xfa,  0x82,  0x30,  0xb7,  0x99,  0x20,  0x6e,  0x5b,  0xa8,  0x0f,  0x1c,  0x71,  0xd4,  0xfb,  0x69,
  0x2d,  0x35,  0xbb,  0x3f,  0x4b,  0x6d,  0x84,  0xff,  0x00,  0x21,  0x81,  0xf5,  0x55,  0x2d,  0x50,  0xc3,
  0x6a,  0x50,  0xdb,  0xd4,  0x5e,  0x51,  0x03,  0xa0,  0xe1,  0xab,  0x4a,  0xd3,  0x4f,  0xd9,  0x06,  0x37,
  0x47,  0x25,  0xa4,  0x28,  0x39,  0x57,  0x43,  0x78,  0x5f,  0xb6,  0x7e,  0xc2,  0x4d,  0x75,  0x17,  0x96,
  0xea,  0xdb,  0xc3,  0x5b,  0x9d,  0xc4,  0x0c,  0x4a,  0xb0,  0xe2,  0x78,  0xf1,  0x3f,  0x65,  0x73,  0x1a,
  0x42,  0x93,  0x93,  0x74,  0x1e,  0x37,  0x5e,  0x42,  0x3f,  0xe6,  0xae,  0xaf,  0x52,  0xba,  0x2e,  0xe0,
  0xe1,  0x33,  0x72,  0x38,  0xe9,  0xe0,  0x60,  0x4d,  0x57,  0x6b,  0xbe,  0xbc,  0xd0,  0x58,  0x60,  0x5a,
  0xe0,  0x9f,  0x4b,  0xad,  0x80,  0xea,  0x5b,  0x6d,  0xae,  0x4f,  0x4f,  0x54,  0x78,  0x53,  0x9a,  0x1b,
  0x37,  0xc8,  0x32,  0x6e,  0x2b,  0x09,  0x36,  0xc2,  0x83,  0x13,  0xe0,  0xf3,  0xf7,  0x54,  0x8c,  0x52,
  0x4f,  0xa5,  0x3b,  0xc8,  0x00,  0x05,  0xb4,  0x79,  0xff,  0x00,  0x84,  0xb1,  0xf9,  0x55,  0x7d,  0x24,
  0x8b,  0x3a,  0x51,  0x28,  0xe1,  0x5b,  0x60,  0x03,  0xc6,  0x7d,  0x6a,  0x94,  0xd5,  0x22,  0x97,  0xb2,
  0x32,  0xd4,  0x67,  0x22,  0xdd,  0xcb,  0xba,  0x70,  0xb9,  0x2a,  0xb3,  0x90,  0xa0,  0xed,  0xe9,  0xeb,
  0x8f,  0x1f,  0xeb,  0xc6,  0x97,  0xd4,  0x43,  0xaf,  0xa3,  0x57,  0x38,  0x0c,  0xa7,  0x21,  0xbb,  0xd1,
  0xe4,  0x0f,  0x8f,  0xd7,  0x4e,  0x31,  0xb8,  0xf8,  0xb6,  0xed,  0x9d,  0xaa,  0x17,  0x21,  0x43,  0x12,
  0xdd,  0x46,  0xe5,  0xf0,  0xfb,  0x2a,  0x7e,  0x75,  0xeb,  0x83,  0xd1,  0xdb,  0xa8,  0x49,  0xd8,  0x6f,
  0xb3,  0x74,  0xe9,  0xdd,  0x35,  0x28,  0xe9,  0xd4,  0xc7,  0x9e,  0x81,  0x36,  0xdc,  0xad,  0x40,  0x98,
  0x91,  0x65,  0x88,  0x27,  0xcf,  0x70,  0xa4,  0xaf,  0x5c,  0xed,  0x34,  0x7b,  0x88,  0xbe,  0xa1,  0xbf,
  0x3e,  0xee,  0xf2,  0xd1,  0x3d,  0x0d,  0x66,  0x19,  0x59,  0xca,  0x27,  0x9b,  0x65,  0x78,  0x31,  0xd5,
  0xa9,  0x57,  0x26,  0xd6,  0x0e,  0x5a,  0x37,  0x3b,  0x6f,  0x83,  0x04,  0x41,  0x1d,  0xe1,  0x56,  0xa7,
  0xf9,  0x1f,  0x60,  0xc7,  0x74,  0xf3,  0x2e,  0xc0,  0xb7,  0xaa,  0x5a,  0x43,  0xd4,  0x31,  0x9e,  0x0f,
  0x3c,  0x37,  0xc2,  0xa8,  0xe0,  0xa7,  0x6a,  0x73,  0x14,  0xa0,  0x93,  0x91,  0x77,  0xaf,  0xb5,  0xff,
  0x00,  0x4a,  0x4b,  0x29,  0xc2,  0xea,  0x98,  0xe5,  0x46,  0xf9,  0x7b,  0x91,  0xb8,  0xf5,  0xff,  0x00,
  0x10,  0x55,  0x2b,  0x0c,  0xc7,  0x2d,  0xd5,  0xb8,  0x07,  0x2e,  0xfc,  0xa9,  0x1c,  0x13,  0xbf,  0xac,
  0xd6,  0x93,  0x74,  0x42,  0xbc,  0x93,  0x35,  0x43,  0x1a,  0xea,  0x29,  0x0d,  0x00,  0x77,  0x47,  0x87,
  0xbe,  0xb1,  0x9d,  0xdc,  0xb1,  0x70,  0xf9,  0x86,  0x13,  0xe7,  0xcd,  0x17,  0xd2,  0x04,  0x38,  0xfa,
  0xe6,  0xf5,  0xf5,  0x00,  0x5e,  0x3e,  0xbf,  0xd6,  0x85,  0xae,  0x7c,  0xdd,  0xb5,  0x1c,  0x72,  0x4f,
  0x4a,  0x78,  0xdf,  0xe9,  0x19,  0xe0,  0x67,  0x2e,  0xdf,  0x65,  0x66,  0xd9,  0x3b,  0x41,  0x36,  0xe4,
  0x09,  0xe4,  0x8e,  0xd4,  0x51,  0xb2,  0x71,  0x7e,  0x55,  0xa4,  0x69,  0xed,  0x6d,  0x84,  0x43,  0x2b,
  0xa8,  0xe9,  0xea,  0x93,  0x53,  0xf3,  0xaf,  0x35,  0xed,  0x41,  0xb9,  0x95,  0x5b,  0x60,  0x2f,  0x1d,
  0x39,  0x53,  0x35,  0xd2,  0xe8,  0xa4,  0x5f,  0xf4,  0x7b,  0x14,  0x12,  0x47,  0x74,  0x82,  0x20,  0x80,
  0x4e,  0xd8,  0xeb,  0x53,  0x93,  0x71,  0x4a,  0x43,  0x41,  0x5e,  0x87,  0x39,  0xa5,  0x23,  0x5b,  0xcb,
  0xbf,  0x70,  0xb2,  0x97,  0x0f,  0xeb,  0x19,  0xf2,  0x14,  0x65,  0x2d,  0xff,  0x00,  0x98,  0x9f,  0x7f,
  0xae,  0x6c,  0x1e,  0x49,  0x9f,  0x2a,  0x77,  0x4f,  0xc4,  0x29,  0x77,  0x51,  0xdd,  0x0d,  0xb3,  0x24,
  0x03,  0x27,  0xd8,  0x29,  0x3c,  0x9b,  0xe3,  0xff,  0x00,  0x32,  0xde,  0x60,  0xa4,  0x4d,  0x92,  0x0f,
  0x11,  0xe0,  0x0d,  0x35,  0x7e,  0xa6,  0xfa,  0x08,  0xcc,  0x6a,  0x60,  0xb3,  0x27,  0x11,  0xf3,  0xb6,
  0xcf,  0x5f,  0x68,  0xaf,  0x6d,  0x08,  0xcb,  0xc7,  0x05,  0x80,  0x36,  0xd1,  0xc0,  0xe2,  0x40,  0xef,
  0x3f,  0xc2,  0xb5,  0x99,  0x6d,  0x4d,  0xe8,  0x55,  0x8f,  0x9f,  0x12,  0x07,  0x8c,  0x13,  0x58,  0x7b,
  0x43,  0xf6,  0x95,  0xd0,  0xa0,  0x6d,  0xb5,  0xbc,  0xc0,  0x1d,  0x39,  0xb9,  0xc7,  0xb6,  0xb2,  0xc5,
  0x02,  0x0b,  0x2e,  0xe0,  0x4b,  0xa8,  0x42,  0xee,  0x02,  0xe0,  0x68,  0xf3,  0xe7,  0xdb,  0x5a,  0xbf,
  0x7f,  0xb2,  0xd6,  0xcb,  0x27,  0x74,  0xab,  0xdd,  0x71,  0xe5,  0xea,  0xb5,  0x62,  0xe2,  0x86,  0xbb,
  0x74,  0x95,  0x90,  0xbc,  0x82,  0x3f,  0x88,  0x50,  0xf3,  0xee,  0x05,  0xd6,  0x6e,  0xf6,  0xab,  0x1b,
  0x16,  0xe3,  0x10,  0x07,  0xee,  0x31,  0xa7,  0x4a,  0xbf,  0x02,  0xbc,  0x03,  0xd3,  0x8f,  0x71,  0x81,
  0x83,  0x36,  0x5f,  0xea,  0xf5,  0x29,  0x8b,  0x87,  0x7e,  0x8e,  0xbb,  0x64,  0xff,  0x00,  0x6b,  0x20,
  0x1f,  0xa2,  0x41,  0x59,  0xa0,  0xe0,  0xa0,  0x00,  0xb7,  0x95,  0x97,  0xe9,  0xed,  0xdb,  0x4e,  0xe3,
  0x58,  0x9f,  0x47,  0xac,  0x10,  0x60,  0x8c,  0xb0,  0x60,  0x8f,  0xdc,  0xf0,  0xfb,  0x6b,  0x49,  0xd1,
  0x80,  0xf9,  0x5b,  0xb3,  0xc0,  0xc7,  0x12,  0x49,  0x2f,  0x6f,  0xd8,  0x04,  0x13,  0xf1,  0xa3,  0x63,
  0x29,  0x5b,  0x58,  0xec,  0x38,  0xdd,  0x71,  0x8e,  0xef,  0x11,  0x3f,  0xf7,  0xac,  0xe4,  0x93,  0x67,
  0x03,  0x18,  0x08,  0x93,  0x70,  0x75,  0xf6,  0x11,  0xf1,  0xaf,  0xad,  0xc2,  0x61,  0x62,  0xb4,  0xc9,
  0x90,  0x63,  0xeb,  0xa9,  0xe5,  0x05,  0x93,  0xac,  0x2c,  0xad,  0x96,  0xda,  0x41,  0xed,  0x87,  0x7a,
  0x60,  0x7a,  0xd4,  0xf6,  0x4f,  0x1a,  0x6e,  0x6c,  0x00,  0x62,  0xff,  0x00,  0x27,  0xf9,  0xfa,  0xd2,
  0x78,  0xc0,  0x2e,  0x20,  0x25,  0x86,  0xe4,  0xba,  0x08,  0x48,  0x24,  0x81,  0xba,  0x8c,  0xef,  0xfd,
  0xdd,  0x9a,  0xa4,  0x6d,  0x06,  0xff,  0x00,  0x2b,  0xec,  0xdd,  0x54,  0x79,  0xee,  0x3b,  0x33,  0xe9,
  0x05,  0xb2,  0xb8,  0x39,  0x67,  0x80,  0x05,  0xf4,  0x5f,  0x19,  0x3d,  0xca,  0xa9,  0xe8,  0x85,  0xb7,
  0xb1,  0x96,  0xc8,  0x79,  0x2b,  0x70,  0x39,  0x45,  0x82,  0x58,  0x4b,  0x9f,  0xc0,  0xd2,  0x5e,  0x91,
  0x83,  0xf2,  0x0c,  0xd1,  0x0b,  0xb7,  0xe5,  0x08,  0x7a,  0x19,  0x9e,  0xcc,  0xf8,  0xd3,  0x9e,  0x8e,
  0x86,  0xbb,  0xa8,  0xe4,  0x05,  0x80,  0xe0,  0xc6,  0xef,  0x2f,  0x5f,  0xfa,  0xfa,  0xaa,  0x72,  0x75,
  0xd9,  0x79,  0xec,  0x26,  0xa0,  0x35,  0x3c,  0xb0,  0x0b,  0x5b,  0x07,  0x88,  0x70,  0x20,  0x47,  0x80,
  0xa5,  0x52,  0xd7,  0x6b,  0x87,  0x8a,  0x84,  0x9e,  0xf5,  0xd5,  0x8f,  0xf9,  0xa7,  0xf1,  0xa3,  0x6b,
  0xaa,  0x55,  0xed,  0x3b,  0x03,  0x0d,  0x71,  0xc1,  0x07,  0xea,  0xf8,  0xd7,  0xd8,  0xc8,  0xae,  0xb8,
  0x0a,  0xa0,  0x07,  0x37,  0x07,  0x8c,  0x48,  0x83,  0x14,  0x55,  0xa2,  0x98,  0x75,  0x14,  0x67,  0x16,
  0x7d,  0x2c,  0xb3,  0xc9,  0xf5,  0x94,  0x48,  0x15,  0x7b,  0x56,  0xb3,  0x0d,  0xa8,  0x08,  0x25,  0x45,
  0xe4,  0x1c,  0xf2,  0x3c,  0x63,  0x9f,  0xb6,  0xb9,  0xf2,  0x45,  0xcf,  0x4a,  0xec,  0x98,  0x04,  0x76,
  0x89,  0x3c,  0xfb,  0x2b,  0xa4,  0xd7,  0x1e,  0xdf,  0xf6,  0x95,  0x5f,  0x02,  0xb7,  0x02,  0x89,  0x3d,
  0x37,  0x74,  0x33,  0x42,  0x79,  0x8f,  0x40,  0xc7,  0x53,  0x91,  0xd3,  0x2c,  0xfc,  0xe5,  0xb7,  0x07,
  0xab,  0x49,  0x1e,  0xc0,  0x58,  0xd7,  0x4d,  0x9b,  0x73,  0xb4,  0xd1,  0x74,  0xb5,  0xda,  0xc4,  0x1b,
  0x83,  0xbc,  0x07,  0x24,  0x4d,  0x42,  0xc2,  0x42,  0xc7,  0x09,  0x04,  0x0d,  0xf6,  0xee,  0x44,  0x78,
  0xf2,  0xf5,  0x72,  0xfb,  0xb8,  0xd2,  0x30,  0x94,  0xa8,  0x3d,  0xfb,  0x7c,  0x9e,  0x80,  0xc9,  0xfc,
  0xa9,  0xb6,  0x97,  0x92,  0x34,  0x15,  0x99,  0x17,  0x46,  0xba,  0xd7,  0x75,  0xfd,  0xee,  0xc1,  0xa2,
  0x04,  0x91,  0xc4,  0x04,  0x80,  0x38,  0xf2,  0x81,  0x57,  0x70,  0x2e,  0x5b,  0x5d,  0x28,  0x30,  0x21,
  0x98,  0x1d,  0xbb,  0xbc,  0x47,  0xad,  0x35,  0xcf,  0x7a,  0x2a,  0x81,  0xf5,  0x26,  0x24,  0x95,  0xff,
  0x00,  0x10,  0xf1,  0xee,  0x63,  0x57,  0xb1,  0x7e,  0x67,  0x45,  0x7e,  0x65,  0x43,  0x7a,  0xb1,  0xec,
  0x6f,  0x1f,  0xeb,  0xa5,  0x0d,  0xad,  0x2b,  0x4e,  0x80,  0x8e,  0x1b,  0x29,  0x63,  0x93,  0xd8,  0xac,
  0x46,  0xd3,  0x90,  0xac,  0x24,  0xf1,  0x3b,  0x87,  0xff,  0x00,  0xad,  0x45,  0xcd,  0x33,  0x83,  0x96,
  0x39,  0x91,  0x71,  0x89,  0xf2,  0x3c,  0x3f,  0xc2,  0xac,  0x62,  0x19,  0xd3,  0x6d,  0x00,  0xb2,  0xbd,
  0xaf,  0x22,  0x7c,  0x01,  0xa9,  0x19,  0x9b,  0x9f,  0x16,  0xfa,  0x91,  0x3d,  0xe2,  0x4c,  0x1f,  0x18,
  0xb8,  0x6a,  0x30,  0xc9,  0x98,  0x3f,  0x44,  0x40,  0x4c,  0xac,  0xe6,  0x32,  0x42,  0xda,  0x2d,  0x00,
  0x7e,  0xf7,  0xeb,  0x59,  0xcf,  0xb4,  0x2e,  0x8d,  0x58,  0x6e,  0x21,  0x51,  0xf7,  0x82,  0x0c,  0x6e,
  0x83,  0x3d,  0x2b,  0x5e,  0x8e,  0xef,  0xb6,  0xf9,  0xac,  0x0c,  0x03,  0x61,  0xa4,  0xf9,  0x77,  0xe8,
  0xd7,  0x15,  0x2f,  0xe4,  0xea,  0xaa,  0xab,  0x21,  0xc0,  0x06,  0x5b,  0x8e,  0x62,  0x6a,  0xad,  0xd2,
  0x6d,  0xf4,  0xfd,  0x19,  0x60,  0x53,  0x96,  0xd4,  0xf4,  0xc0,  0x37,  0x00,  0x2e,  0x5c,  0x51,  0xb4,
  0x73,  0x1d,  0xf3,  0xf9,  0xd3,  0xfa,  0x73,  0xb5,  0xff,  0x00,  0x93,  0xbd,  0xc2,  0x58,  0x3e,  0x45,
  0xd7,  0x70,  0x04,  0x19,  0x2f,  0xf9,  0xd4,  0xd1,  0x77,  0x6e,  0xa5,  0xa5,  0x18,  0x90,  0xae,  0xe7,
  0xfe,  0xa1,  0xc5,  0x54,  0xd1,  0x18,  0xf6,  0x38,  0x7b,  0x40,  0x00,  0x5f,  0xb9,  0x21,  0xba,  0x72,
  0x45,  0x69,  0xd9,  0x79,  0xee,  0x07,  0x91,  0x0f,  0x49,  0x5c,  0xfe,  0xd9,  0x2c,  0xdc,  0xb2,  0xed,
  0x5e,  0x3a,  0x78,  0x1a,  0x4b,  0xd2,  0x1b,  0xd3,  0x7a,  0xda,  0x00,  0x44,  0x37,  0x43,  0xee,  0xaa,
  0x7e,  0x94,  0x25,  0xb7,  0xcf,  0xb9,  0x70,  0x26,  0xd6,  0x37,  0x17,  0x74,  0x9f,  0x1e,  0xef,  0xe5,
  0x52,  0xfd,  0x21,  0x6d,  0xd9,  0xea,  0x01,  0x95,  0x0d,  0x33,  0xf6,  0xd3,  0xec,  0xee,  0xa2,  0x19,
  0x05,  0xc8,  0x5e,  0xd7,  0x21,  0x8c,  0x10,  0x41,  0x71,  0x24,  0x75,  0x82,  0x2b,  0xa0,  0xd1,  0x07,
  0x67,  0xe8,  0xfd,  0xbb,  0xc3,  0xd6,  0x54,  0x2b,  0xc7,  0xd7,  0xe3,  0x51,  0x42,  0x9b,  0x97,  0xee,
  0x81,  0x32,  0x1c,  0x80,  0xc0,  0x71,  0xcb,  0x01,  0xf9,  0x8a,  0xad,  0xa0,  0xed,  0xb1,  0xa2,  0x46,
  0xe3,  0x06,  0xe1,  0x43,  0xc7,  0x91,  0x69,  0xa9,  0xed,  0x37,  0x47,  0x59,  0x17,  0xb5,  0x92,  0x89,
  0x95,  0x7a,  0xd8,  0x05,  0x77,  0xe5,  0xbc,  0x86,  0xeb,  0x00,  0x05,  0x22,  0x7d,  0xf5,  0x3f,  0x3d,
  0xbb,  0x1d,  0x73,  0x2d,  0xad,  0xc4,  0x0b,  0x65,  0x44,  0x7f,  0xc3,  0x15,  0xee,  0x52,  0x95,  0xd4,
  0xc1,  0x43,  0xd9,  0x0f,  0x94,  0xdc,  0x92,  0xa7,  0xf7,  0x8f,  0x4f,  0x3a,  0x16,  0xac,  0x7b,  0x3d,
  0x4f,  0x38,  0x88,  0x10,  0x59,  0x3b,  0xa7,  0x8f,  0xf0,  0xe9,  0xe2,  0xaf,  0xd8,  0x47,  0x81,  0xdc,
  0xd1,  0x39,  0x00,  0x46,  0xe2,  0x2e,  0xaf,  0x4e,  0x3c,  0xe8,  0x18,  0xe5,  0x6f,  0x65,  0x65,  0x98,
  0x8e,  0x5c,  0xfd,  0x7f,  0x39,  0xf1,  0xa6,  0x72,  0x2d,  0xc6,  0x43,  0x2c,  0xed,  0xf9,  0xd2,  0xc2,
  0x01,  0x81,  0xeb,  0x52,  0x78,  0x6c,  0xb6,  0xfe,  0x54,  0xc4,  0x99,  0x96,  0x01,  0x87,  0x4e,  0x43,
  0x7c,  0x68,  0x2d,  0xd0,  0xa3,  0x24,  0x17,  0xc9,  0xbb,  0xdd,  0x9e,  0x1b,  0x81,  0xe3,  0xd2,  0x92,
  0xf4,  0x83,  0x20,  0xd8,  0xd4,  0xf2,  0x18,  0x00,  0xc5,  0x97,  0x6f,  0xbb,  0x70,  0x20,  0xfe,  0x34,
  0xed,  0xc7,  0x03,  0x33,  0x20,  0x12,  0x4e,  0xe2,  0xfd,  0x3d,  0xcb,  0x53,  0x7d,  0x20,  0x01,  0xaf,
  0xb1,  0x11,  0xce,  0xd9,  0x03,  0xde,  0x6a,  0xd0,  0x5e,  0xa5,  0x51,  0x5e,  0xe9,  0x57,  0x4c,  0xb7,
  0xbd,  0x6f,  0x09,  0x80,  0x31,  0x98,  0x9e,  0x3d,  0xa2,  0x89,  0x8a,  0xe1,  0xb4,  0xcc,  0x4b,  0x6b,
  0x1d,  0xdc,  0x90,  0x58,  0xf9,  0x77,  0x45,  0x07,  0x4e,  0x73,  0x64,  0x64,  0x16,  0x70,  0x23,  0x19,
  0xa0,  0x1f,  0x1a,  0x26,  0x04,  0x9d,  0x21,  0xc0,  0x6e,  0xef,  0xca,  0xd0,  0xf5,  0x8f,  0xa1,  0x53,
  0x66,  0x0b,  0xa8,  0xac,  0x59,  0xd3,  0xfb,  0xbb,  0x77,  0x3b,  0x9e,  0x9e,  0x45,  0x7e,  0x35,  0x85,
  0x21,  0x6c,  0xda,  0x45,  0x90,  0xa1,  0x14,  0x99,  0x9e,  0x0e,  0xea,  0x73,  0x25,  0x3e,  0x63,  0x4a,
  0x40,  0x43,  0x4d,  0xa2,  0xeb,  0xde,  0x92,  0x25,  0xc0,  0xa5,  0x5a,  0x2d,  0xde,  0xba,  0x80,  0x19,
  0x55,  0x4f,  0x5b,  0xc4,  0xee,  0xa4,  0x4e,  0xab,  0xce,  0x61,  0x62,  0x88,  0x2e,  0x0b,  0x17,  0x14,
  0x0e,  0xe6,  0xf0,  0x67,  0xcb,  0xbf,  0xfa,  0xd1,  0x99,  0x41,  0xc5,  0xca,  0x69,  0x93,  0xda,  0x29,
  0x3f,  0xea,  0x14,  0xad,  0xa9,  0x16,  0x72,  0x1c,  0x91,  0x1b,  0xba,  0x7f,  0x38,  0xf8,  0xd3,  0x4c,
  0x3e,  0x6a,  0xf8,  0x1d,  0x0b,  0x4f,  0x3e,  0x3d,  0xe5,  0xaa,  0x31,  0xa5,  0xa0,  0x7d,  0x7d,  0xbf,
  0xbb,  0x32,  0x94,  0xf8,  0xdf,  0xdd,  0xff,  0x00,  0x27,  0xeb,  0x4c,  0x7a,  0x2c,  0x4d,  0xcd,  0x62,
  0xe5,  0xb0,  0x20,  0x5c,  0xba,  0x01,  0x22,  0x47,  0x40,  0xd4,  0x1d,  0x55,  0x27,  0x48,  0xcb,  0x24,
  0x03,  0xf3,  0xa7,  0x9f,  0x75,  0xb1,  0x44,  0xf4,  0x6c,  0x9b,  0x5a,  0xa5,  0xd6,  0xe8,  0x7e,  0x52,
  0x16,  0x7f,  0x91,  0xfe,  0x15,  0x27,  0xf6,  0x98,  0x9a,  0x81,  0xf4,  0xa7,  0xe6,  0xc5,  0xbb,  0x52,
  0x41,  0x5c,  0x8b,  0xc6,  0x18,  0xc9,  0xe8,  0x94,  0x2b,  0x41,  0x8b,  0x69,  0xa5,  0x4c,  0xf7,  0xff,
  0x00,  0xff,  0x00,  0x24,  0xd6,  0xfd,  0x2d,  0xb6,  0xb6,  0xae,  0x82,  0xaa,  0x54,  0x7c,  0xf3,  0x02,
  0x7a,  0x91,  0x08,  0x28,  0x58,  0xee,  0x02,  0x69,  0xc6,  0x48,  0x8b,  0x81,  0x8c,  0x03,  0xfe,  0x43,
  0x4d,  0x1f,  0xb6,  0xbb,  0x99,  0xe4,  0x4b,  0x4b,  0x3f,  0x28,  0xf4,  0xaf,  0x11,  0x4f,  0x33,  0x76,
  0xdc,  0xcd,  0x74,  0x7a,  0xf5,  0xa5,  0xdf,  0x79,  0xc8,  0x05,  0x85,  0xb1,  0xd0,  0xfb,  0x58,  0x7d,
  0x75,  0xcc,  0x7a,  0x34,  0x4d,  0xdf,  0x4a,  0xb1,  0x7b,  0xdb,  0x4f,  0x68,  0x39,  0x02,  0xba,  0xef,
  0x48,  0x1f,  0x6d,  0x92,  0x16,  0xdc,  0xef,  0x45,  0x86,  0xe8,  0x78,  0x77,  0xe7,  0xdd,  0x5b,  0x6b,
  0x6d,  0xa4,  0x57,  0xb0,  0x61,  0x73,  0x9f,  0xc4,  0x82,  0x34,  0x51,  0x20,  0x1f,  0x9e,  0xe8,  0x39,
  0x8d,  0xcd,  0x54,  0x6f,  0x11,  0xf2,  0x2b,  0x48,  0xa9,  0xb9,  0x85,  0xc4,  0x98,  0xe8,  0x0e,  0xe2,
  0x00,  0x3f,  0x67,  0xdd,  0x53,  0xf0,  0x80,  0x5b,  0x9a,  0x11,  0x71,  0xc3,  0x0b,  0xe0,  0xcf,  0x96,
  0xe6,  0xfd,  0x69,  0xb8,  0x1d,  0x8b,  0xf8,  0x9e,  0xd4,  0x10,  0x08,  0x88,  0xef,  0x9f,  0xb6,  0xb4,
  0xb3,  0xe7,  0x36,  0x34,  0x30,  0xc9,  0xbe,  0x8d,  0x24,  0xe5,  0xbc,  0xee,  0xda,  0x56,  0xe0,  0xe3,
  0xc3,  0xba,  0x79,  0xaa,  0x96,  0x6d,  0x39,  0xf4,  0x78,  0x33,  0x94,  0x65,  0xe4,  0x99,  0x1c,  0x93,
  0xcf,  0x8d,  0x29,  0xe8,  0xc0,  0x16,  0x32,  0xf2,  0xa4,  0x8f,  0x9b,  0x5b,  0xbd,  0x38,  0x06,  0x15,
  0xa9,  0xcb,  0x6b,  0xbf,  0xd1,  0xc8,  0x59,  0x3b,  0x40,  0x55,  0x9f,  0x73,  0x51,  0xda,  0x3f,  0x57,
  0xc0,  0xb1,  0xc1,  0x53,  0x09,  0xc1,  0xd3,  0xac,  0x6f,  0x07,  0x69,  0xbc,  0x62,  0x24,  0x47,  0x59,
  0xa9,  0x9a,  0x89,  0xec,  0xc6,  0xd0,  0xb1,  0x3d,  0x07,  0x40,  0x65,  0x5a,  0x9c,  0xc5,  0x6d,  0xba,
  0x75,  0x91,  0xc1,  0x3b,  0xe2,  0x3a,  0x48,  0x93,  0x3c,  0xd2,  0x79,  0x4c,  0x6e,  0x00,  0x0b,  0xf0,
  0x27,  0xc6,  0x4f,  0xf8,  0x6d,  0xc4,  0xd4,  0x62,  0xa8,  0xd9,  0x99,  0x9d,  0x2d,  0x4a,  0x2e,  0x4a,
  0x93,  0xcd,  0xcb,  0x50,  0x7c,  0x20,  0x6f,  0x07,  0x8a,  0xc5,  0xb0,  0x7b,  0x4c,  0xf3,  0x21,  0x81,
  0x2a,  0x24,  0x9f,  0x77,  0xc2,  0x9c,  0xc0,  0x56,  0xb7,  0x8b,  0x75,  0xb6,  0xee,  0x1d,  0x8a,  0x93,
  0xc7,  0x43,  0xba,  0xa7,  0x62,  0xa1,  0xec,  0x33,  0x2f,  0x48,  0x40,  0xce,  0x21,  0x67,  0xc2,  0x4f,
  0x4a,  0x75,  0x76,  0xc2,  0xb0,  0x2e,  0xa5,  0xad,  0xea,  0xb8,  0x47,  0xba,  0x48,  0x24,  0xc1,  0xf7,
  0x74,  0xaa,  0x5e,  0x8d,  0x9d,  0xd8,  0x3a,  0x68,  0xdc,  0xa1,  0x8b,  0x95,  0x96,  0x13,  0x3c,  0x8e,
  0xbe,  0x75,  0x0f,  0x37,  0x25,  0xad,  0x67,  0xda,  0x74,  0x20,  0x94,  0xde,  0x7c,  0xfc,  0x09,  0xaa,
  0xde,  0x8f,  0x93,  0xb3,  0x4f,  0x06,  0x08,  0x0e,  0x63,  0x98,  0x33,  0xc7,  0xd9,  0xd2,  0xa9,  0xb4,
  0x5e,  0x8a,  0xf9,  0xa8,  0x9a,  0x87,  0xd7,  0x90,  0x64,  0xea,  0x77,  0xac,  0xc2,  0x86,  0x17,  0x80,
  0xf6,  0xf4,  0x53,  0xc5,  0x45,  0xd4,  0xd4,  0xb6,  0x68,  0x5f,  0x59,  0x82,  0x8d,  0xc7,  0xcf,  0xaf,
  0x35,  0x6b,  0x58,  0x7e,  0xcf,  0x59,  0xcb,  0xb8,  0x25,  0x8a,  0xdc,  0x66,  0xe4,  0x88,  0x3d,  0xc1,
  0x53,  0x33,  0x07,  0x69,  0x9d,  0x71,  0xbf,  0xcb,  0x62,  0x63,  0xa7,  0x9f,  0x59,  0xa1,  0xb3,  0xb2,
  0x5d,  0x07,  0x99,  0xee,  0x1e,  0x49,  0xfd,  0xa1,  0xa8,  0x21,  0x30,  0x42,  0x8b,  0x8a,  0x7c,  0x41,
  0x0e,  0xb3,  0xf8,  0x51,  0x31,  0xf5,  0xa6,  0xc5,  0xcc,  0x1a,  0x73,  0x59,  0x31,  0x72,  0xfe,  0xfe,
  0xd3,  0xc8,  0x11,  0xc0,  0x03,  0xda,  0x67,  0xc6,  0x95,  0xd3,  0x5d,  0x9f,  0x5d,  0x96,  0x1b,  0x56,
  0xe5,  0xce,  0xc9,  0xa0,  0xf9,  0xc4,  0x7d,  0xf1,  0x5a,  0xd7,  0x6c,  0x9c,  0x27,  0xc7,  0xca,  0x3b,
  0x8b,  0x27,  0x66,  0xe4,  0xf5,  0x22,  0x20,  0xd3,  0xd1,  0x39,  0x7d,  0x2f,  0x51,  0x6b,  0x6a,  0x87,
  0xd6,  0x14,  0x3e,  0x9d,  0x6a,  0xf2,  0xac,  0x16,  0xbf,  0xda,  0x77,  0xcf,  0x3e,  0xbf,  0xea,  0x29,
  0x2c,  0xb6,  0x37,  0xee,  0xe6,  0x1f,  0x1e,  0xd5,  0xba,  0x74,  0xf5,  0x69,  0xbd,  0x71,  0xc3,  0xfa,
  0x35,  0x81,  0x73,  0xd5,  0xed,  0x55,  0xb8,  0xf0,  0xf5,  0x81,  0xa9,  0xd6,  0xae,  0x76,  0x96,  0xf2,
  0x6e,  0x47,  0xad,  0x75,  0xf8,  0xfe,  0x53,  0x46,  0x0b,  0xd3,  0x5e,  0xa0,  0x79,  0x2d,  0xe4,  0x91,
  0x73,  0x31,  0x09,  0x92,  0xdd,  0xa3,  0x18,  0x00,  0xf8,  0x4f,  0x85,  0x0a,  0xcd,  0xb7,  0x5b,  0x59,
  0x60,  0x70,  0xcb,  0x74,  0xc1,  0x07,  0xcd,  0x4f,  0xe9,  0xf6,  0xd1,  0x2d,  0x90,  0xb9,  0xd6,  0xc3,
  0x4e,  0xdd,  0xf7,  0x4a,  0xfd,  0xfd,  0x4d,  0x6a,  0xda,  0xb2,  0xe1,  0x64,  0x15,  0xfa,  0x47,  0x77,
  0x5e,  0x7d,  0x4e,  0x6a,  0x58,  0x43,  0xa2,  0x6e,  0x5b,  0x76,  0x99,  0x97,  0x18,  0xf2,  0x0b,  0x99,
  0x8f,  0x6c,  0x50,  0xf5,  0xfb,  0x1d,  0x93,  0x81,  0xb4,  0xa8,  0x91,  0xd7,  0xea,  0xa3,  0x5e,  0x48,
  0xcc,  0xb9,  0xb4,  0x12,  0x37,  0x80,  0x00,  0xf7,  0x8a,  0xfb,  0xd2,  0x24,  0x42,  0xe1,  0x90,  0x86,
  0x93,  0xeb,  0x4f,  0x94,  0x71,  0x55,  0x8b,  0xba,  0x15,  0xee,  0x85,  0xc4,  0x56,  0x3d,  0xa8,  0xdb,
  0xb9,  0x0e,  0x30,  0x0d,  0x24,  0xc0,  0x3d,  0x47,  0xe0,  0x6b,  0xdd,  0x36,  0xe8,  0xfd,  0x98,  0xea,
  0x41,  0x31,  0x90,  0xa6,  0x23,  0x81,  0xc4,  0x57,  0xd8,  0x6e,  0x7b,  0x1c,  0xdd,  0xaf,  0x0e,  0x31,
  0xf8,  0x23,  0x9e,  0x88,  0xf4,  0xbe,  0x96,  0xa1,  0xf0,  0x58,  0x97,  0x12,  0xb7,  0x44,  0x2f,  0xbe,
  0x79,  0xfb,  0x85,  0x2b,  0x55,  0x4f,  0xb0,  0x0e,  0x83,  0x1f,  0x19,  0x8a,  0xe2,  0xb2,  0x90,  0x7b,
  0x3c,  0x5b,  0x7d,  0x04,  0xc1,  0x37,  0x05,  0x49,  0xbd,  0x7f,  0xb6,  0xd4,  0x72,  0x1b,  0x69,  0x1c,
  0x28,  0x8f,  0xe6,  0xae,  0x83,  0x4c,  0x56,  0x36,  0xce,  0xc8,  0x80,  0xd6,  0x93,  0x88,  0x88,  0x1b,
  0x49,  0x26,  0xb9,  0xbb,  0x8c,  0xc3,  0x55,  0xbd,  0xc7,  0x58,  0x24,  0x7f,  0x3d,  0x46,  0x17,  0x6c,
  0x77,  0x94,  0x06,  0xe0,  0xec,  0xbe,  0x52,  0x26,  0x0c,  0xc0,  0x04,  0x72,  0x46,  0xe0,  0x68,  0xf7,
  0xa5,  0x2d,  0x3a,  0x98,  0x1f,  0x5f,  0x86,  0xe1,  0x42,  0xbe,  0x4f,  0x6b,  0x7c,  0x13,  0x3b,  0xb6,
  0x49,  0x07,  0x8f,  0x5a,  0x89,  0x9c,  0x61,  0xdc,  0x0d,  0xb2,  0x13,  0xbd,  0x1c,  0x47,  0x79,  0x6a,
  0xdc,  0x8d,  0x21,  0xdc,  0xd5,  0x2f,  0xa2,  0xe6,  0x18,  0x20,  0x2d,  0xc7,  0x89,  0x3f,  0xfd,  0x75,
  0x8d,  0x19,  0x85,  0x9c,  0xf6,  0x72,  0x06,  0xd1,  0x98,  0xa0,  0xac,  0x74,  0xee,  0xdc,  0xaf,  0x32,
  0xb6,  0xb6,  0x8d,  0x9c,  0xce,  0x65,  0xc3,  0x18,  0x07,  0xda,  0x86,  0xbc,  0xb7,  0x64,  0xda,  0xca,
  0xc8,  0x52,  0x76,  0x93,  0x90,  0xa4,  0x80,  0x20,  0x09,  0x46,  0xf8,  0xd4,  0xf8,  0x5a,  0x17,  0x53,
  0x5e,  0x9c,  0x98,  0xc9,  0x27,  0xa4,  0xad,  0xd3,  0x1e,  0x5e,  0xa5,  0x25,  0x85,  0x74,  0x0c,  0x6c,
  0x06,  0xdb,  0xd1,  0xc4,  0xb8,  0xfe,  0x16,  0xaa,  0x1e,  0x9f,  0x12,  0xb7,  0x15,  0x5b,  0x92,  0x16,
  0xe0,  0x1d,  0x27,  0xe8,  0x54,  0xfc,  0x2b,  0x7b,  0xb4,  0xac,  0x3b,  0x9b,  0x88,  0xdb,  0x70,  0x40,
  0x3d,  0x3e,  0x95,  0x3c,  0x3e,  0xd4,  0x4d,  0xa8,  0x97,  0xa2,  0xf7,  0xc5,  0x9f,  0x4a,  0xac,  0x39,
  0x62,  0xb0,  0xe0,  0x02,  0x04,  0x91,  0x3c,  0x7e,  0x75,  0xd6,  0x7a,  0x4a,  0x37,  0x6e,  0x0a,  0x60,
  0xdb,  0x44,  0x49,  0x8f,  0x6b,  0x9f,  0xc8,  0xd7,  0x15,  0xa1,  0x12,  0x35,  0xf4,  0x22,  0x09,  0xdc,
  0x08,  0x9f,  0x7d,  0x77,  0x7a,  0x95,  0xad,  0xe7,  0x51,  0x63,  0x0c,  0x52,  0x04,  0x93,  0x22,  0x21,
  0xcf,  0xdb,  0x5b,  0x6f,  0x6d,  0xa2,  0x7e,  0xc1,  0xd9,  0xe1,  0x9c,  0xfd,  0x94,  0x51,  0x91,  0xa0,
  0x93,  0x24,  0x15,  0xbe,  0x48,  0xdd,  0x00,  0x77,  0x9b,  0xec,  0xa6,  0x6e,  0xa4,  0x64,  0x08,  0x95,
  0x96,  0x30,  0xdd,  0x47,  0xae,  0x69,  0x7b,  0x0e,  0x05,  0xfd,  0x08,  0xed,  0x90,  0x8b,  0x75,  0x47,
  0x91,  0x96,  0x7a,  0x72,  0xe4,  0xdb,  0xd4,  0x5e,  0xd9,  0x84,  0x53,  0x76,  0x7c,  0xe3,  0x9e,  0x94,
  0xaf,  0x3e,  0x73,  0x63,  0x41,  0x64,  0x57,  0x49,  0xb7,  0xd9,  0xea,  0x19,  0x9d,  0x06,  0xd7,  0xba,
  0x0c,  0x9e,  0x22,  0x18,  0x1a,  0x2e,  0x3c,  0x7e,  0xc4,  0x45,  0xde,  0x37,  0x70,  0x76,  0x8f,  0xe6,
  0xe6,  0xbe,  0xc4,  0x0a,  0x33,  0xb3,  0xc0,  0xee,  0x36,  0xeb,  0xad,  0x07,  0x9e,  0x62,  0x7f,  0x1a,
  0xfb,  0x18,  0x7f,  0x76,  0xa4,  0x70,  0x4a,  0x0f,  0x1f,  0x7d,  0x67,  0x7b,  0xf4,  0x17,  0x41,  0xd0,
  0x3b,  0x3d,  0x3b,  0x15,  0xf7,  0x9d,  0xac,  0xc3,  0xa9,  0xe2,  0x64,  0xd2,  0xd7,  0x2f,  0x0b,  0x97,
  0x0c,  0x30,  0x28,  0x39,  0x90,  0x3f,  0xfa,  0xda,  0xbc,  0x47,  0x07,  0x49,  0xc3,  0x86,  0x8e,  0xf1,
  0xe0,  0x1e,  0x3e,  0x95,  0x0c,  0x91,  0x72,  0xda,  0x12,  0xac,  0x4c,  0x0e,  0xbe,  0x5b,  0x22,  0x95,
  0x2c,  0x99,  0xe0,  0xa9,  0x85,  0x07,  0x17,  0x27,  0xa4,  0x0b,  0x43,  0x83,  0xc4,  0xf3,  0x52,  0xf1,
  0x20,  0x69,  0xd7,  0x09,  0xe4,  0xf6,  0x8b,  0x30,  0x7c,  0xc9,  0xaa,  0x78,  0x84,  0xae,  0x1e,  0x6b,
  0x13,  0xb6,  0x16,  0x08,  0x9e,  0x4f,  0x78,  0x45,  0x4d,  0xd1,  0xac,  0xfc,  0xa3,  0x1d,  0x41,  0xfa,
  0x57,  0xd4,  0x11,  0x3c,  0x11,  0x24,  0x41,  0xfb,  0xe8,  0x47,  0x56,  0x32,  0xc1,  0x13,  0x5a,  0xb9,
  0xb7,  0x2d,  0x88,  0xee,  0x90,  0xd7,  0x47,  0x3e,  0xe2,  0x2a,  0xde,  0x83,  0x36,  0x93,  0x16,  0x47,
  0xd2,  0x62,  0x23,  0xaf,  0x43,  0x5c,  0xf6,  0xbe,  0xb1,  0x71,  0x41,  0x3b,  0x8f,  0x68,  0x79,  0xfa,
  0xeb,  0xa1,  0xd3,  0xd1,  0x96,  0xe6,  0x12,  0x8d,  0xa6,  0x4d,  0xc9,  0xf6,  0x08,  0x8a,  0xe8,  0x9f,
  0xdb,  0x44,  0xf8,  0x98,  0x7d,  0x52,  0x0e,  0xb1,  0xaa,  0x77,  0x04,  0x86,  0x60,  0x27,  0xac,  0xed,
  0x14,  0xa6,  0x43,  0x9f,  0x97,  0x66,  0x18,  0x32,  0x31,  0x48,  0x3f,  0x6f,  0x8d,  0x6f,  0x52,  0x20,
  0x6b,  0x1a,  0xb8,  0x50,  0x5c,  0x16,  0x21,  0x47,  0x4f,  0x2e,  0x6b,  0x17,  0x5a,  0x33,  0x32,  0xcb,
  0x8d,  0xdf,  0xd9,  0x58,  0x6d,  0x15,  0x28,  0xd9,  0x2e,  0x9f,  0xc1,  0xe4,  0x27,  0x8a,  0xa0,  0xda,
  0xcb,  0x20,  0xcd,  0xd5,  0x70,  0xe8,  0x7d,  0xa0,  0xad,  0x50,  0xf4,  0x8e,  0xd8,  0xbb,  0xe8,  0xf5,
  0xbb,  0xaa,  0x06,  0xd2,  0x7b,  0xad,  0x1c,  0x90,  0x49,  0x89,  0xfb,  0xa9,  0x2c,  0x24,  0x23,  0x26,
  0xe1,  0x0b,  0x00,  0x75,  0x1e,  0xf2,  0xa0,  0xfe,  0x14,  0xd6,  0xa2,  0xdb,  0xfd,  0x18,  0xb6,  0xa5,
  0x5f,  0x78,  0x65,  0xef,  0x10,  0x76,  0xc6,  0xd4,  0xe9,  0xf6,  0x9a,  0x67,  0xbc,  0x9f,  0xb8,  0x34,
  0x62,  0xda,  0x90,  0x47,  0xd0,  0x34,  0xf5,  0x2c,  0xdd,  0xdb,  0x37,  0x1a,  0x0f,  0x49,  0x00,  0x44,
  0x7f,  0x5e,  0x35,  0x37,  0x04,  0x6e,  0xc3,  0x33,  0xcc,  0xbb,  0x7f,  0xd0,  0x6a,  0xbd,  0xe4,  0xf9,
  0x46,  0x99,  0x8a,  0xac,  0x9b,  0x91,  0x2d,  0x3a,  0x92,  0x3d,  0xa5,  0x3e,  0x35,  0x33,  0x4a,  0x5d,
  0xd8,  0xca,  0x0c,  0xc1,  0xb8,  0xdd,  0x3f,  0x84,  0xd5,  0x22,  0xfd,  0x2c,  0x56,  0xae,  0x8b,  0x5b,
  0x67,  0x3c,  0x95,  0x0a,  0x08,  0x37,  0x4c,  0x91,  0xcf,  0x43,  0xf7,  0xc0,  0xaf,  0x71,  0xff,  0x00,
  0xd8,  0x64,  0xba,  0xb3,  0x12,  0xc4,  0x2f,  0xb4,  0x2d,  0x0f,  0x1d,  0x1a,  0xe6,  0x5a,  0x82,  0xc4,
  0x16,  0xed,  0x1f,  0x93,  0xd0,  0x73,  0x44,  0xc0,  0xb2,  0xaf,  0x83,  0x64,  0x6c,  0x62,  0xc4,  0x90,
  0x58,  0x1f,  0x31,  0xff,  0x00,  0x7a,  0x8b,  0xb0,  0xf1,  0x14,  0xb8,  0xdf,  0xdb,  0x19,  0x83,  0x41,
  0xed,  0x04,  0x12,  0x3f,  0x78,  0x56,  0xf5,  0xfb,  0x25,  0x52,  0xc3,  0xb8,  0x86,  0x76,  0xb8,  0x48,
  0x1c,  0x78,  0xd7,  0x96,  0xd3,  0xfb,  0x45,  0xb3,  0xc0,  0x5e,  0xd1,  0x23,  0xcb,  0xd6,  0xa7,  0x3d,
  0x22,  0xb4,  0xad,  0xd8,  0x41,  0x2c,  0x07,  0x6c,  0xd3,  0xf5,  0x93,  0x46,  0xb4,  0x92,  0x07,  0x09,
  0x33,  0x12,  0xef,  0x66,  0x99,  0x30,  0xa5,  0x83,  0x5a,  0xdb,  0xe5,  0x12,  0xae,  0x2b,  0x3a,  0x53,
  0x83,  0xa6,  0xb2,  0xc0,  0x25,  0xae,  0xf9,  0xf2,  0x3a,  0xd2,  0xc2,  0xeb,  0xd9,  0xb8,  0xe3,  0x92,
  0xac,  0x80,  0x18,  0x3e,  0x6d,  0x15,  0x9d,  0x1d,  0xd5,  0x31,  0xee,  0x83,  0xf4,  0xdd,  0x14,  0x7f,
  0xce,  0x7f,  0x2a,  0xb3,  0x8d,  0x9b,  0x26,  0x9d,  0xce,  0xdb,  0x05,  0xd0,  0x59,  0xc2,  0x58,  0x20,
  0x35,  0xe0,  0x4f,  0xb6,  0x36,  0x78,  0xfd,  0x75,  0xcb,  0xe6,  0x82,  0xba,  0xdd,  0xd0,  0x4c,  0x41,
  0x6e,  0x87,  0xc9,  0xcd,  0x5e,  0xc4,  0xba,  0x85,  0x30,  0x10,  0xb3,  0x2d,  0xcd,  0xc7,  0xd6,  0x30,
  0x23,  0x7a,  0xfc,  0x2b,  0x9d,  0xd4,  0x09,  0x6d,  0x71,  0xc9,  0xe4,  0x93,  0x73,  0x9e,  0xb3,  0xde,
  0x35,  0xcf,  0xb2,  0x57,  0x63,  0xbc,  0x8c,  0x65,  0x5b,  0xec,  0xee,  0xde,  0x52,  0x01,  0x50,  0xaa,
  0x41,  0x07,  0xdc,  0x68,  0xda,  0xd2,  0x14,  0xb9,  0x7c,  0x34,  0x6e,  0xec,  0x81,  0xee,  0xfb,  0x59,
  0x69,  0x7b,  0xac,  0xef,  0x69,  0x9d,  0x47,  0x74,  0xdb,  0x86,  0x04,  0x74,  0x02,  0x04,  0xfd,  0xd5,
  0x4b,  0xd2,  0x64,  0xec,  0xb2,  0x2f,  0x06,  0x1b,  0x89,  0xb4,  0x9d,  0xef,  0xad,  0x78,  0xa6,  0xad,
  0x24,  0xbc,  0xe4,  0x3c,  0x84,  0xca,  0xce,  0x83,  0x9e,  0x5f,  0x96,  0x2c,  0x23,  0xd9,  0xdc,  0x3f,
  0x1a,  0x64,  0x28,  0xf9,  0x66,  0x59,  0x65,  0x2a,  0x45,  0xdb,  0x71,  0x3e,  0xb0,  0xee,  0xfe,  0xb4,
  0x9e,  0x53,  0x14,  0xd0,  0xb2,  0x14,  0x81,  0xdf,  0x70,  0x77,  0x79,  0xf7,  0x69,  0xec,  0x87,  0x03,
  0x3b,  0x34,  0x88,  0x52,  0x6e,  0xd8,  0x21,  0x7a,  0x8e,  0x56,  0x83,  0xf3,  0xfe,  0x08,  0xb2,  0x07,
  0xd3,  0xf5,  0x40,  0x6d,  0xdc,  0x59,  0xef,  0x6e,  0x99,  0x33,  0xfe,  0x5a,  0x53,  0x02,  0xe3,  0x1d,
  0x03,  0x1b,  0xc8,  0x5d,  0x5e,  0x7e,  0xb6,  0xa3,  0xff,  0x00,  0xe2,  0x02,  0xaa,  0xda,  0xb6,  0x53,
  0x92,  0x58,  0x83,  0x1d,  0x26,  0x07,  0xe5,  0x14,  0xb6,  0x9c,  0xcb,  0xfb,  0x02,  0xc0,  0xe3,  0x70,
  0x65,  0x23,  0xcf,  0xd6,  0x34,  0xd0,  0xfb,  0x31,  0xea,  0x0e,  0x22,  0x46,  0x8a,  0x42,  0xeb,  0x92,
  0x7c,  0x0f,  0xe7,  0x5d,  0xe6,  0xa4,  0x5d,  0x9b,  0x54,  0x64,  0xe2,  0xd9,  0xba,  0x67,  0x74,  0xcf,
  0x46,  0xf0,  0xfa,  0xeb,  0x82,  0xd2,  0x67,  0xf6,  0xb5,  0xc2,  0x24,  0x47,  0x97,  0x5a,  0xec,  0xb2,
  0x1d,  0xae,  0xdb,  0xd4,  0x1b,  0x7c,  0x6e,  0xc8,  0x69,  0xdd,  0xc4,  0x99,  0x34,  0x76,  0xeb,  0xd4,
  0x98,  0xdb,  0x3c,  0x31,  0x0d,  0x3d,  0x82,  0x5d,  0xd3,  0x83,  0xb4,  0x42,  0xdc,  0x13,  0x3d,  0x07,
  0x68,  0xde,  0x15,  0xb7,  0xef,  0xea,  0x76,  0x12,  0x43,  0x17,  0xbc,  0x0f,  0x7b,  0xa5,  0x29,  0x8a,
  0xc1,  0x6f,  0xe0,  0x13,  0x20,  0x4d,  0xc0,  0xa0,  0x8f,  0x5a,  0x1c,  0x9f,  0xeb,  0xdd,  0x4d,  0x97,
  0x5f,  0xdb,  0x98,  0xaf,  0x70,  0xc9,  0x52,  0x0b,  0x09,  0xe7,  0xad,  0x2b,  0x57,  0xf9,  0x1e,  0x18,
  0x35,  0x68,  0x3d,  0x8d,  0x43,  0x31,  0x60,  0x02,  0x5e,  0xe8,  0x9f,  0x01,  0x31,  0xf1,  0xa2,  0x5b,
  0x1d,  0x9e,  0x9d,  0x6d,  0x47,  0x25,  0x80,  0x04,  0xfd,  0x47,  0xa1,  0xac,  0xeb,  0x37,  0x23,  0x3b,
  0x50,  0x2b,  0xf3,  0x85,  0x4f,  0x58,  0x82,  0x7b,  0x89,  0x4e,  0xe1,  0xed,  0xb9,  0xa2,  0x2d,  0xd2,
  0x16,  0x56,  0x00,  0xdc,  0x2a,  0x6d,  0xd9,  0x3e,  0x82,  0xbc,  0x34,  0x4e,  0xb5,  0x6c,  0x8d,  0x17,
  0x0c,  0xee,  0x92,  0x4b,  0x1e,  0x3a,  0x2f,  0x5a,  0x35,  0xb3,  0xbe,  0xda,  0xa8,  0x21,  0x97,  0x62,
  0x75,  0xfe,  0x13,  0x22,  0xb2,  0xdf,  0xfb,  0x16,  0x24,  0x30,  0xf1,  0xe3,  0xdb,  0xc5,  0x17,  0x08,
  0x86,  0x7b,  0x0a,  0x40,  0x86,  0x09,  0xcc,  0xc7,  0x85,  0x16,  0xf2,  0xc1,  0xa2,  0x3e,  0xc6,  0xba,
  0x8b,  0xa6,  0xe5,  0xee,  0x3b,  0x09,  0x57,  0x65,  0x49,  0xfd,  0xf5,  0xfd,  0x68,  0x5a,  0x10,  0x5f,
  0x91,  0xa0,  0xd8,  0x3f,  0xda,  0x6d,  0x19,  0x62,  0x66,  0x0b,  0x19,  0x22,  0x3e,  0xaa,  0xf6,  0xe8,
  0x26,  0xc6,  0x5e,  0xcd,  0xa7,  0xe6,  0x2e,  0x11,  0x27,  0xac,  0x5c,  0x1d,  0x0d,  0x67,  0x43,  0xd8,
  0xf8,  0xa9,  0x13,  0x6d,  0xda,  0xf5,  0x9f,  0x68,  0x23,  0x71,  0xe7,  0xf0,  0xac,  0xf7,  0x5b,  0xf7,
  0x1d,  0x60,  0xe7,  0x35,  0x95,  0x26,  0xe5,  0xa9,  0x04,  0x13,  0x70,  0x9f,  0xf9,  0x8d,  0x75,  0x76,
  0x6d,  0x3d,  0x9c,  0x8c,  0x55,  0x03,  0xbc,  0x12,  0xe1,  0x26,  0x08,  0x9e,  0x62,  0xb9,  0x8d,  0x4e,
  0xd9,  0x55,  0xc2,  0x11,  0xcc,  0xfd,  0xbd,  0xf3,  0x5d,  0x75,  0xbf,  0xfd,  0xc2,  0xc8,  0x25,  0xd8,
  0x1c,  0x77,  0xea,  0x3a,  0x55,  0x36,  0xaf,  0xd2,  0xbb,  0x93,  0x59,  0x64,  0x8b,  0x73,  0x93,  0xad,
  0x66,  0xb3,  0x90,  0x54,  0xab,  0xb9,  0xe6,  0x3a,  0x0a,  0x1e,  0x7d,  0xe0,  0xba,  0x8d,  0xc4,  0x80,
  0x03,  0x62,  0x33,  0x02,  0xa7,  0xaf,  0x13,  0x44,  0xb1,  0x67,  0x6e,  0x7e,  0x71,  0x42,  0xc1,  0x56,
  0xcd,  0xc1,  0x24,  0xf5,  0xf0,  0xfc,  0xea,  0x6e,  0xb4,  0xc6,  0xd6,  0xae,  0xa8,  0x48,  0x24,  0x58,
  0x2b,  0x3f,  0x51,  0xa3,  0x15,  0x59,  0x53,  0xd8,  0x69,  0xe0,  0xe8,  0x74,  0x4c,  0x46,  0xf9,  0x4e,
  0x71,  0x95,  0x66,  0x08,  0xa4,  0x1e,  0x91,  0x2f,  0xd7,  0xee,  0xa4,  0xb2,  0x07,  0x69,  0xe8,  0xfd,
  0xb1,  0x32,  0xcb,  0x74,  0x48,  0xf6,  0x11,  0xc7,  0xfd,  0x34,  0x5b,  0xd9,  0x57,  0x30,  0x75,  0x10,
  0xc8,  0xc4,  0x23,  0xaf,  0x78,  0x0f,  0x10,  0x1d,  0x81,  0xfe,  0xbd,  0x95,  0xe5,  0x86,  0x17,  0x74,
  0x16,  0x31,  0x11,  0x75,  0x44,  0x4f,  0x52,  0x18,  0xff,  0x00,  0x5f,  0x5d,  0x4e,  0xf5,  0xfa,  0xba,
  0x1a,  0x96,  0x07,  0x85,  0x39,  0x38,  0x49,  0x8f,  0xca,  0xee,  0xe3,  0x78,  0x12,  0x17,  0xbc,  0xa0,
  0xd4,  0xcd,  0x15,  0x41,  0xb7,  0x68,  0x9e,  0x86,  0xec,  0x1f,  0xf4,  0x9a,  0xaf,  0xa2,  0x2f,  0x6b,
  0x8f,  0x75,  0x57,  0x68,  0x64,  0x7f,  0x1f,  0xe3,  0x4a,  0x95,  0xa3,  0x02,  0xb8,  0xf6,  0x0f,  0x4f,
  0x9d,  0x9e,  0x7f,  0x86,  0xa8,  0xb1,  0x24,  0x2f,  0x22,  0xb5,  0xa4,  0x07,  0x57,  0x54,  0xe0,  0xaf,
  0x66,  0x4f,  0x06,  0x7c,  0xe9,  0xad,  0x3c,  0x03,  0xa7,  0x61,  0xdc,  0x8e,  0xea,  0x3b,  0x02,  0x3e,
  0xa3,  0x48,  0x90,  0x2d,  0xea,  0xfd,  0x41,  0x1d,  0x96,  0xe9,  0x1e,  0x3d,  0x4d,  0x13,  0x4e,  0xba,
  0xfd,  0x8e,  0x12,  0xa9,  0x60,  0xbb,  0x81,  0x96,  0xe0,  0x09,  0x2e,  0x27,  0xee,  0xa9,  0x49,  0x55,
  0x79,  0xee,  0x34,  0x41,  0x5b,  0x41,  0x72,  0xf2,  0x73,  0x01,  0x6f,  0x2f,  0xd9,  0xbc,  0x57,  0xda,
  0x99,  0xed,  0x4a,  0x8d,  0xc4,  0x90,  0x2f,  0x7b,  0xa2,  0x5b,  0xa5,  0x33,  0x86,  0x8d,  0x71,  0x5b,
  0x80,  0x0a,  0xdf,  0x50,  0x44,  0x7e,  0xff,  0x00,  0xb2,  0x96,  0xbc,  0xa7,  0xb1,  0xf6,  0x04,  0xbb,
  0x1f,  0x5e,  0xea,  0x6a,  0xdc,  0xdc,  0x24,  0x4c,  0xcb,  0xab,  0x63,  0x35,  0x2d,  0x74,  0xdf,  0xb2,
  0x7e,  0xa3,  0x3f,  0x0a,  0x57,  0x4e,  0xbc,  0x4d,  0xcb,  0x56,  0xa4,  0x80,  0xd7,  0x37,  0x7b,  0x38,
  0xdd,  0xff,  0x00,  0xed,  0x45,  0xd4,  0x24,  0xea,  0xd6,  0x3a,  0x02,  0x22,  0x85,  0x6f,  0x1c,  0xd9,
  0xc9,  0xc6,  0xe2,  0x15,  0xc0,  0x61,  0xed,  0x90,  0x27,  0xef,  0x9a,  0xec,  0x54,  0xfa,  0x48,  0x3c,
  0x9d,  0x96,  0x19,  0x6b,  0x77,  0x31,  0xe1,  0x14,  0x84,  0x63,  0x0c,  0x3a,  0xfa,  0xc0,  0xd4,  0x07,
  0x05,  0xb5,  0xf0,  0xa0,  0x96,  0x32,  0xe3,  0xaf,  0x5e,  0xf1,  0xf3,  0xab,  0x76,  0x76,  0xdb,  0xb8,
  0x50,  0xac,  0x00,  0xc6,  0x78,  0xf0,  0x81,  0x50,  0xad,  0x39,  0x6f,  0x48,  0x03,  0x02,  0x49,  0xe4,
  0xfd,  0xf5,  0xcb,  0x0d,  0x59,  0x46,  0x34,  0xd2,  0x30,  0x07,  0x74,  0x06,  0x7e,  0xd0,  0x12,  0x0c,
  0x48,  0x04,  0x55,  0x6f,  0x4a,  0x10,  0x2e,  0x66,  0x52,  0x40,  0x1f,  0x36,  0x9b,  0x44,  0xcf,  0x8a,
  0xfb,  0x6a,  0x0e,  0xd6,  0x5c,  0x54,  0x73,  0x2c,  0x19,  0xda,  0x24,  0x70,  0x3a,  0x78,  0xfd,  0x55,
  0x6f,  0xd2,  0x4b,  0xdd,  0xa6,  0x7d,  0xf8,  0x90,  0xa0,  0x20,  0x04,  0xf8,  0xf2,  0xbe,  0x74,  0x1a,
  0xf5,  0x2e,  0xff,  0x00,  0xa1,  0xe4,  0x21,  0x96,  0x00,  0xf4,  0x7c,  0xed,  0x80,  0x37,  0xc9,  0xff,
  0x00,  0x4d,  0x3f,  0x75,  0x94,  0xea,  0x19,  0xe8,  0xa7,  0x70,  0x37,  0x2c,  0x15,  0x61,  0xfc,  0x35,
  0x3b,  0x51,  0x21,  0x74,  0x64,  0x85,  0x30,  0x63,  0x91,  0x11,  0x3b,  0x4d,  0x3d,  0x84,  0x3b,  0x6b,
  0x99,  0x65,  0x44,  0xb0,  0x18,  0xc0,  0x13,  0xc7,  0xd0,  0x8a,  0x0f,  0x15,  0xf3,  0x28,  0x55,  0x93,
  0xef,  0x49,  0x8a,  0xe4,  0x65,  0x61,  0x29,  0xef,  0x81,  0x72,  0x4c,  0x78,  0xc2,  0x83,  0x53,  0x34,
  0x81,  0xbf,  0x47,  0x11,  0xce,  0xd5,  0x0d,  0xd7,  0xa7,  0x7c,  0xd5,  0x1d,  0x66,  0x6e,  0xea,  0x98,
  0xa0,  0x19,  0x06,  0xe1,  0x3d,  0x7a,  0x4a,  0x28,  0xa4,  0x74,  0x94,  0x36,  0xb4,  0xeb,  0x88,  0x48,
  0x85,  0x46,  0x1e,  0x44,  0xc3,  0xd3,  0x46,  0xdb,  0x34,  0xba,  0x7e,  0xc1,  0xc4,  0x46,  0xd2,  0x0e,
  0xdd,  0x4e,  0xe9,  0x9f,  0x1f,  0xce,  0xba,  0xc4,  0xb7,  0x3a,  0x7d,  0xdb,  0x91,  0x21,  0xf2,  0xc8,
  0x11,  0xe0,  0x4b,  0x37,  0x9d,  0x72,  0x9a,  0x3c,  0x0d,  0x41,  0xc9,  0xe0,  0x6f,  0x5f,  0xc4,  0x57,
  0x4f,  0x8b,  0x78,  0xdd,  0xd3,  0xb6,  0x34,  0x06,  0x5b,  0xa1,  0x94,  0xfb,  0xcb,  0x7c,  0x29,  0xf6,
  0xd9,  0xf8,  0x1b,  0x66,  0x4f,  0x9f,  0xed,  0xfa,  0x3a,  0xa9,  0x96,  0x0f,  0x70,  0xf1,  0xfc,  0x6d,
  0x4d,  0x5a,  0x25,  0xfd,  0x22,  0x41,  0x0a,  0x1c,  0x40,  0xe0,  0x75,  0x33,  0x4a,  0x29,  0x2f,  0xa9,
  0x68,  0xc0,  0x42,  0x8d,  0xce,  0x3f,  0xe7,  0x6f,  0x8d,  0x39,  0x87,  0x6b,  0x7f,  0xa4,  0x56,  0x06,
  0xed,  0xa7,  0x74,  0x06,  0xf2,  0xfe,  0xa6,  0x95,  0xfe,  0x9f,  0xe4,  0x68,  0x07,  0xd5,  0xc5,  0xdf,
  0xda,  0x7a,  0x9c,  0x90,  0xdb,  0x42,  0x93,  0x1d,  0x3f,  0xc3,  0xb7,  0xc7,  0xf5,  0xe5,  0x4d,  0x60,
  0x7f,  0xfc,  0x78,  0x82,  0x45,  0xb6,  0x6b,  0xfb,  0x60,  0xaf,  0x03,  0xbf,  0x1f,  0x5f,  0x85,  0x79,
  0xaf,  0x2a,  0xdb,  0xd5,  0x33,  0x95,  0x4f,  0x73,  0x65,  0xa9,  0x6e,  0xa4,  0xf7,  0x57,  0x93,  0xf8,
  0x57,  0x8e,  0x57,  0xf6,  0x0d,  0x90,  0x09,  0x2f,  0xf2,  0xa7,  0xe6,  0x24,  0x0e,  0xf8,  0xa8,  0x66,
  0x31,  0xed,  0xf8,  0x33,  0xd4,  0x5b,  0x28,  0xb9,  0xd0,  0x2c,  0x81,  0xb8,  0x15,  0xeb,  0xf7,  0x51,
  0x34,  0xa1,  0xda,  0xb5,  0x93,  0x05,  0x76,  0x32,  0x92,  0x08,  0xf6,  0x1a,  0x06,  0xa0,  0xc5,  0x7d,
  0x1e,  0x05,  0xa0,  0x99,  0x0a,  0x38,  0x3e,  0x40,  0xd7,  0x9a,  0x5d,  0xc5,  0xec,  0xaf,  0xb7,  0x67,
  0xc0,  0x20,  0x4c,  0xfb,  0x0d,  0x3d,  0x3d,  0x2c,  0x5e,  0x47,  0xb7,  0xc0,  0x2b,  0x92,  0xa4,  0x48,
  0x5c,  0x4b,  0xa4,  0x10,  0x3f,  0xfb,  0x05,  0x1f,  0x40,  0x42,  0xf6,  0x71,  0x40,  0x0c,  0xc4,  0x3a,
  0x3c,  0x83,  0xe2,  0x37,  0x90,  0x3e,  0xea,  0x9d,  0x9d,  0x91,  0xd8,  0xa3,  0x77,  0xba,  0xdb,  0xbc,
  0x9d,  0x3a,  0x77,  0xba,  0x7d,  0xd5,  0x57,  0x45,  0x1b,  0xad,  0x62,  0x4b,  0x1e,  0xf8,  0x56,  0xda,
  0x4f,  0x07,  0x8b,  0x95,  0xa4,  0xa9,  0x01,  0xe3,  0x82,  0x06,  0xb7,  0x68,  0xda,  0xc9,  0xb0,  0x86,
  0x3b,  0x8e,  0x01,  0x03,  0xf8,  0x8d,  0x74,  0x88,  0x05,  0xcc,  0xcb,  0x6c,  0x93,  0x1d,  0x89,  0x00,
  0xcc,  0xf5,  0x8f,  0xb2,  0xb9,  0xed,  0x71,  0x85,  0xcb,  0xe8,  0xc3,  0xc1,  0x94,  0x4d,  0x56,  0xb3,
  0x72,  0x2e,  0x5d,  0x75,  0x24,  0x2a,  0x82,  0x27,  0xa7,  0xd1,  0x1f,  0x9d,  0x34,  0xaf,  0x14,  0x2a,
  0xde,  0x60,  0x6c,  0xdc,  0x36,  0xee,  0x67,  0x38,  0xda,  0xa5,  0xec,  0xb7,  0xab,  0xcc,  0xf2,  0x2a,
  0x36,  0xb2,  0x8e,  0xda,  0xc9,  0x66,  0x83,  0x03,  0x69,  0x23,  0xa0,  0x99,  0x3f,  0x91,  0xa7,  0x70,
  0x6d,  0xec,  0x5c,  0x82,  0xbc,  0x95,  0xb0,  0x58,  0x83,  0xf8,  0xd0,  0xb5,  0x25,  0x2b,  0x93,  0x7c,
  0xc4,  0x03,  0x79,  0x14,  0x1f,  0x68,  0x47,  0x9f,  0xc4,  0x53,  0xc6,  0xd2,  0x04,  0xf0,  0x56,  0xc4,
  0xb6,  0x6f,  0xde,  0xbd,  0xb8,  0x8e,  0x2c,  0x38,  0x13,  0xfc,  0x6c,  0x78,  0xa4,  0xed,  0xdd,  0xb9,
  0x6f,  0x48,  0x16,  0xfb,  0xdb,  0x2e,  0x5f,  0x76,  0x04,  0xf0,  0x38,  0x9e,  0x3e,  0xea,  0x7f,  0x44,
  0xbc,  0xb7,  0x32,  0xf2,  0x83,  0x49,  0xd8,  0xae,  0xa1,  0x22,  0x4f,  0xfd,  0xea,  0x75,  0x86,  0xed,
  0x74,  0xc6,  0xb6,  0x39,  0x16,  0xf2,  0x4b,  0x13,  0xec,  0x21,  0xaa,  0x6b,  0x2d,  0x3f,  0x60,  0xbc,
  0x21,  0x9f,  0x45,  0xcb,  0xae,  0x3e,  0x49,  0x0a,  0x7b,  0xcd,  0xda,  0x6e,  0x9e,  0x00,  0x0e,  0xa3,
  0xcf,  0xcc,  0x52,  0x7a,  0x62,  0xf6,  0xaf,  0x6d,  0x66,  0x4b,  0x5e,  0x6e,  0x87,  0xd9,  0x55,  0x34,
  0x20,  0x87,  0xd1,  0xbd,  0xc5,  0x9d,  0x40,  0x46,  0x62,  0x53,  0xcf,  0xb5,  0xe9,  0x53,  0x34,  0x1e,
  0x73,  0xb1,  0x50,  0x9d,  0xc7,  0xb6,  0x32,  0x47,  0x1e,  0x06,  0x8d,  0x77,  0xd8,  0xab,  0x41,  0xa6,
  0x22,  0xe6,  0xad,  0x70,  0xc6,  0xe0,  0x31,  0xcf,  0x2c,  0xbe,  0xd8,  0x9a,  0x2e,  0x25,  0xbd,  0x98,
  0xb8,  0x9d,  0xe6,  0x2a,  0x59,  0x60,  0xfd,  0x12,  0x37,  0x5c,  0xf8,  0x56,  0x6f,  0x3a,  0xdb,  0xd6,
  0x72,  0x19,  0x40,  0x0a,  0xd6,  0x48,  0x93,  0xff,  0x00,  0x10,  0xd3,  0x70,  0x8d,  0xa5,  0xe3,  0x22,
  0x12,  0xa8,  0x1d,  0x07,  0x20,  0x11,  0xd6,  0xf7,  0xe9,  0x48,  0xdd,  0x86,  0x47,  0x98,  0x76,  0xbb,
  0x3c,  0x6c,  0x8d,  0x84,  0x86,  0x19,  0x21,  0x54,  0x9e,  0x93,  0xbf,  0xa5,  0x4e,  0xb3,  0xdf,  0x48,
  0x22,  0x18,  0xa3,  0xfa,  0xa7,  0xdf,  0x54,  0xac,  0x38,  0xec,  0xb3,  0xd4,  0x9e,  0x4e,  0x79,  0xda,
  0x48,  0x88,  0xe4,  0xfd,  0x95,  0x36,  0xc0,  0x0b,  0x75,  0x03,  0x16,  0x82,  0x2e,  0x78,  0x7b,  0xe8,
  0xc7,  0x53,  0x70,  0x90,  0xf2,  0x41,  0x7d,  0x4a,  0xc9,  0xff,  0x00,  0xbd,  0x17,  0x38,  0xcd,  0xfd,
  0x3f,  0x9e,  0x96,  0x2d,  0xff,  0x00,  0xd3,  0x5f,  0x76,  0x41,  0xb3,  0x6c,  0x8e,  0x48,  0x83,  0xc4,
  0x7b,  0x68,  0xba,  0xa3,  0x03,  0x73,  0x4c,  0x25,  0x76,  0xed,  0xc4,  0xb7,  0x32,  0x3a,  0xf5,  0xae,
  0xaa,  0xe0,  0x91,  0x6a,  0xf1,  0x71,  0xa8,  0x9b,  0x6f,  0x0c,  0xdb,  0x9b,  0x8f,  0x02,  0x36,  0x08,
  0xa8,  0x58,  0x2d,  0xff,  0x00,  0xa8,  0x10,  0xc8,  0xee,  0x81,  0x07,  0xeb,  0xab,  0x39,  0x57,  0x05,
  0xcd,  0x5e,  0x48,  0xee,  0xb0,  0x62,  0x04,  0xff,  0x00,  0xf5,  0xd4,  0x8c,  0x5b,  0x1d,  0x9e,  0xa4,
  0x2f,  0x92,  0x3b,  0xdb,  0x93,  0xdd,  0x01,  0x0c,  0xff,  0x00,  0xcd,  0xf7,  0x54,  0xa1,  0x64,  0xfa,
  0x0c,  0xc3,  0x5d,  0x25,  0x71,  0x90,  0x02,  0x60,  0xc9,  0x83,  0xd3,  0xaf,  0xeb,  0x55,  0xbd,  0x26,
  0x65,  0x5d,  0x52,  0xe8,  0xdc,  0xcd,  0xc5,  0xaf,  0x58,  0xf2,  0x38,  0x4a,  0x92,  0x50,  0xfc,  0x88,
  0x02,  0x3b,  0x82,  0x63,  0x9e,  0x66,  0xaa,  0xfa,  0x4f,  0x6f,  0x76,  0xa1,  0x76,  0xf1,  0x72,  0x79,
  0xb7,  0x3c,  0xfe,  0xea,  0xf5,  0xa5,  0x7b,  0xcb,  0xbf,  0xe8,  0x79,  0x88,  0xea,  0x72,  0xba,  0x4e,
  0x38,  0x27,  0xc0,  0x77,  0x67,  0xc9,  0x4d,  0x3d,  0xa1,  0x65,  0x2f,  0xca,  0xb2,  0xca,  0x92,  0x07,
  0xcc,  0xa7,  0x4f,  0x21,  0x1f,  0x95,  0x29,  0xab,  0x80,  0x30,  0x70,  0x47,  0x58,  0xb7,  0xd4,  0x08,
  0xf0,  0xfd,  0x6b,  0x7e,  0x8e,  0x5e,  0xf9,  0xcb,  0xee,  0x0c,  0xee,  0xbb,  0x68,  0x8f,  0x6f,  0x26,
  0xb3,  0x55,  0xd9,  0xb7,  0xe6,  0x45,  0x59,  0x41,  0x73,  0x77,  0x36,  0xb2,  0x91,  0xc8,  0x42,  0x59,
  0xb9,  0x03,  0x68,  0x84,  0x1f,  0x89,  0x14,  0xbe,  0x2f,  0x18,  0xb7,  0x02,  0xb8,  0x13,  0xda,  0xf1,
  0x3d,  0x44,  0xfe,  0xb4,  0xd6,  0xe5,  0x6d,  0x6a,  0xe4,  0x8d,  0xdf,  0x35,  0x3f,  0x7d,  0xba,  0x43,
  0x11,  0xd6,  0xe6,  0x1a,  0xdf,  0x82,  0x37,  0x9b,  0xc4,  0x02,  0x7c,  0xc8,  0x8f,  0xc6,  0xb2,  0xc2,
  0x36,  0xa4,  0x9d,  0x28,  0x1f,  0x95,  0xb1,  0x1f,  0xe7,  0x5f,  0xc4,  0x57,  0x49,  0xa7,  0xdb,  0x17,
  0x31,  0x53,  0x80,  0x26,  0xe2,  0x47,  0x7b,  0xc0,  0x6e,  0x31,  0x50,  0x34,  0x54,  0xdf,  0x95,  0xc0,
  0xe7,  0xb4,  0x58,  0xfb,  0x6a,  0xce,  0x9d,  0x92,  0x82,  0xd2,  0x28,  0x52,  0x6e,  0x06,  0xb7,  0x2c,
  0x3c,  0x04,  0x30,  0xfc,  0x45,  0x53,  0x6b,  0x73,  0x40,  0x1d,  0xa1,  0xbb,  0x55,  0xd2,  0x10,  0x4e,
  0xe5,  0x77,  0x52,  0x40,  0x8e,  0x77,  0x37,  0x4f,  0xb6,  0x89,  0x80,  0xe0,  0x7a,  0x48,  0x1a,  0xe9,
  0xe8,  0xe4,  0x11,  0xd6,  0x39,  0x15,  0xee,  0x1d,  0x9e,  0xd3,  0x3b,  0x0c,  0xba,  0xb0,  0x61,  0x93,
  0x71,  0x49,  0x1c,  0xf8,  0x31,  0x34,  0xbe,  0x22,  0x93,  0xae,  0x7c,  0xdc,  0xb0,  0x47,  0x20,  0x48,
  0xf8,  0xfb,  0x45,  0x26,  0x6b,  0xd0,  0x78,  0x15,  0xf5,  0xa1,  0x1a,  0xc6,  0x6d,  0xb4,  0xb5,  0xdd,
  0xec,  0xec,  0x80,  0x07,  0x3e,  0x03,  0x9f,  0xaf,  0xad,  0x6d,  0x41,  0x5d,  0x01,  0x45,  0xc3,  0x00,
  0xe5,  0xbf,  0x76,  0x23,  0xa3,  0xa5,  0x07,  0x52,  0x73,  0x77,  0x59,  0xcf,  0x65,  0x80,  0x76,  0xa7,
  0x31,  0xe2,  0x17,  0xad,  0x68,  0x29,  0xb5,  0xa1,  0xe3,  0x83,  0x72,  0x41,  0xc8,  0xb9,  0x24,  0xf9,
  0xee,  0x1f,  0x0a,  0x87,  0x0c,  0x7b,  0x7e,  0x0c,  0xf0,  0xc5,  0xb2,  0x58,  0xae,  0x81,  0x27,  0xbe,
  0x43,  0xf4,  0xf0,  0xf5,  0x14,  0xd6,  0x34,  0xe6,  0x8b,  0x17,  0xcb,  0x41,  0x1d,  0xa2,  0x1e,  0x4f,
  0xee,  0xb5,  0x7d,  0x96,  0x05,  0x9d,  0x1a,  0x03,  0x86,  0x00,  0xf4,  0xfe,  0x41,  0x59,  0xc3,  0x95,
  0xc3,  0xba,  0xd1,  0xb4,  0x9b,  0x96,  0xc7,  0x3f,  0xc2,  0x6a,  0x9c,  0x22,  0x03,  0xd5,  0xd1,  0x5a,
  0xd1,  0x67,  0xe4,  0x45,  0xc8,  0x20,  0x74,  0xe6,  0x45,  0x3d,  0xa4,  0x32,  0x5b,  0xb7,  0x8c,  0x54,
  0x17,  0x00,  0x28,  0xf3,  0x8e,  0x5c,  0x57,  0xd9,  0x76,  0xd4,  0xe0,  0x66,  0xb1,  0xef,  0x11,  0xc0,
  0xf3,  0xe6,  0xb1,  0x84,  0xab,  0x6e,  0xde,  0x34,  0x38,  0x2b,  0x08,  0x4c,  0xff,  0x00,  0xc4,  0x69,
  0x34,  0x1b,  0xac,  0x28,  0x3c,  0x70,  0x4f,  0xd6,  0x2d,  0x89,  0x42,  0x01,  0xfa,  0x12,  0x49,  0xf6,
  0x53,  0xd7,  0x26,  0xde,  0x1e,  0x53,  0x30,  0xdb,  0xde,  0x60,  0x4c,  0xf8,  0x6e,  0x02,  0x92,  0xcc,
  0x5e,  0xd5,  0x76,  0x03,  0xba,  0x36,  0x89,  0xfa,  0xaa,  0xae,  0x55,  0x91,  0x73,  0x48,  0xbe,  0xc8,
  0x46,  0xe0,  0xbd,  0x40,  0x8e,  0x77,  0x7e,  0x94,  0xcd,  0xd1,  0x24,  0x05,  0x96,  0x4e,  0xb2,  0xaf,
  0xba,  0xf1,  0x20,  0x01,  0xf2,  0x70,  0x27,  0xce,  0x48,  0x14,  0x0d,  0x53,  0xbd,  0x97,  0x70,  0x34,
  0x2c,  0x65,  0x78,  0x99,  0x3e,  0xa1,  0xa3,  0xd8,  0xb8,  0x1f,  0x1e,  0xe7,  0x50,  0x53,  0x10,  0x31,
  0x27,  0x8e,  0x77,  0x52,  0xd9,  0xcd,  0xbf,  0x31,  0xcf,  0xac,  0x7e,  0x56,  0x3a,  0x8f,  0xdc,  0xf2,
  0xa7,  0x59,  0x34,  0xca,  0x1a,  0x26,  0xe4,  0xd5,  0xf2,  0xfc,  0x7e,  0x71,  0x87,  0x4f,  0x1d,  0xa6,
  0x90,  0xd3,  0xd9,  0xbb,  0x4c,  0xd4,  0x56,  0x55,  0x51,  0x70,  0x9e,  0xf7,  0xf1,  0x53,  0xda,  0x55,
  0xc6,  0xb7,  0xaf,  0xe5,  0xaa,  0x91,  0xb4,  0xb4,  0xc1,  0x1e,  0xc6,  0xe7,  0xf0,  0xa4,  0xb4,  0xd3,
  0x39,  0x79,  0xe2,  0x54,  0x93,  0x75,  0xfb,  0xbf,  0x59,  0xf8,  0x50,  0xe7,  0xd1,  0x08,  0x55,  0xd0,
  0x9c,  0x2f,  0xa3,  0xd6,  0xe6,  0x0c,  0xdb,  0xb8,  0x08,  0x59,  0x90,  0x3b,  0x49,  0xe7,  0xeb,  0xa5,
  0xfd,  0x1e,  0x00,  0x6a,  0x76,  0x7b,  0xbb,  0x8a,  0xdf,  0xbb,  0xc4,  0xf9,  0x0a,  0x3e,  0x8e,  0x91,
  0xe8,  0xf5,  0x8e,  0x67,  0x72,  0x3f,  0x20,  0x74,  0x1d,  0xa1,  0xe2,  0x7e,  0xaf,  0xbe,  0xbd,  0xd0,
  0x22,  0xc6,  0xaf,  0x70,  0xed,  0x92,  0x97,  0x6e,  0xb4,  0x1e,  0x9e,  0xac,  0xd4,  0xe5,  0xc7,  0xdc,
  0x6d,  0x10,  0x2b,  0xee,  0x5b,  0x54,  0x90,  0x27,  0x75,  0x92,  0x08,  0x03,  0xc3,  0x79,  0xa7,  0xaf,
  0x5a,  0xd9,  0x8f,  0x8e,  0x02,  0x14,  0xda,  0xc8,  0x00,  0x31,  0xe3,  0xda,  0xd4,  0xfc,  0x76,  0xdd,
  0x99,  0xc7,  0x24,  0xe3,  0xb0,  0xe7,  0xcf,  0x71,  0xaa,  0x77,  0x8a,  0x8c,  0x6c,  0x5e,  0xd1,  0x9b,
  0x75,  0xc7,  0xb2,  0x7c,  0xc0,  0xff,  0x00,  0x17,  0xa8,  0xfe,  0xba,  0xd2,  0xca,  0xd4,  0x43,  0x2c,
  0x01,  0xec,  0xad,  0x94,  0xcc,  0x7b,  0x56,  0xce,  0xe3,  0xa9,  0x10,  0x20,  0x44,  0x70,  0x48,  0xa4,
  0x19,  0x94,  0xe4,  0x5a,  0xff,  0x00,  0xf2,  0x0f,  0x7c,  0x6e,  0xe6,  0xa9,  0x62,  0xbb,  0x1c,  0x7c,
  0xa0,  0x41,  0x04,  0x6a,  0x1b,  0xa5,  0x87,  0xee,  0xff,  0x00,  0x5c,  0x54,  0xd4,  0xdc,  0xd7,  0x0b,
  0x86,  0x9e,  0xcf,  0xb5,  0x5e,  0x07,  0x03,  0x86,  0xa3,  0x1d,  0x41,  0xc2,  0x4d,  0xb4,  0xbd,  0xa6,
  0x55,  0xbe,  0x62,  0x14,  0x99,  0xf1,  0xeb,  0x59,  0xcf,  0x49,  0xb9,  0x86,  0x63,  0x8f,  0x92,  0x5b,
  0xfb,  0x76,  0x99,  0xfc,  0x69,  0x8c,  0x24,  0x9b,  0x8a,  0x41,  0xfa,  0x07,  0x9f,  0xac,  0x57,  0xda,
  0x82,  0xaf,  0x67,  0x83,  0xc7,  0x23,  0x11,  0x09,  0xe4,  0x9f,  0xa2,  0x2b,  0xa2,  0xb7,  0x10,  0x3e,
  0x71,  0x5b,  0x7a,  0xd2,  0x22,  0x91,  0xb6,  0x1c,  0x4f,  0xf2,  0x9e,  0x69,  0x2b,  0x0a,  0x57,  0x25,
  0x77,  0x72,  0x0e,  0xf6,  0x90,  0x3f,  0x80,  0x7e,  0x54,  0x7b,  0xac,  0x2e,  0x7a,  0x41,  0x60,  0x13,
  0xc1,  0xdc,  0x23,  0xea,  0xac,  0xdb,  0x00,  0x5e,  0xb5,  0xb4,  0xed,  0x33,  0x74,  0x4f,  0x8f,  0xac,
  0xb4,  0x15,  0x92,  0xe9,  0xfd,  0x00,  0x30,  0xc0,  0xe0,  0x2b,  0x28,  0xf0,  0x3c,  0x7d,  0x75,  0x73,
  0x5e,  0x66,  0xbc,  0x77,  0x01,  0xb5,  0x8e,  0xc2,  0x67,  0x89,  0xee,  0x8a,  0xe7,  0x9c,  0xec,  0xb4,
  0x8a,  0x7c,  0xa0,  0x02,  0x3d,  0xa6,  0xba,  0x0c,  0xd2,  0x2e,  0x62,  0xd8,  0x66,  0x2c,  0x19,  0xfc,
  0xcf,  0x41,  0xec,  0xa4,  0x9d,  0x9a,  0x65,  0x65,  0x81,  0x7d,  0x79,  0x00,  0xc2,  0xc1,  0x89,  0x1b,
  0xad,  0x37,  0x53,  0xd7,  0xdb,  0x4a,  0x7a,  0x28,  0x45,  0xc5,  0xe0,  0x88,  0xed,  0x2d,  0xaf,  0x3e,
  0x70,  0x7e,  0x15,  0x4f,  0x5d,  0x40,  0x70,  0x30,  0x76,  0xa9,  0x11,  0x6d,  0xc7,  0x4e,  0x95,  0x27,
  0xd1,  0x05,  0x8b,  0x2c,  0xe5,  0xa1,  0x57,  0x21,  0x67,  0xec,  0x6a,  0xd1,  0x75,  0xd9,  0x31,  0x78,
  0x90,  0xf6,  0x29,  0xb7,  0x77,  0x51,  0xc9,  0x76,  0x12,  0x44,  0x2f,  0x20,  0xf4,  0x2e,  0xa3,  0xf2,
  0x14,  0x86,  0x0b,  0x14,  0xd1,  0xf1,  0xfa,  0x43,  0x33,  0xaf,  0x9f,  0xf9,  0x7e,  0x15,  0x4b,  0x4f,
  0xbb,  0xb7,  0x51,  0xca,  0x24,  0x95,  0xef,  0x28,  0xe9,  0xfb,  0xe3,  0xe1,  0x53,  0xac,  0x90,  0xba,
  0x66,  0x12,  0x10,  0x64,  0x33,  0x10,  0x7d,  0xf1,  0x59,  0x72,  0xe9,  0xf8,  0x00,  0x3f,  0x47,  0x6d,
  0x06,  0xc9,  0x40,  0x66,  0x0d,  0xcf,  0x0e,  0xbd,  0x0d,  0x31,  0xa6,  0x5b,  0x0f,  0x93,  0xd9,  0x86,
  0x2a,  0x26,  0xd7,  0x4f,  0x3e,  0xf9,  0xac,  0xfa,  0x3c,  0x8c,  0xb6,  0xcb,  0xac,  0x88,  0xdc,  0xd3,
  0xee,  0x56,  0xa6,  0x30,  0x15,  0x6d,  0xe4,  0xff,  0x00,  0x9c,  0x97,  0xb6,  0x91,  0xe5,  0x12,  0x27,
  0xfe,  0x6a,  0x69,  0xbb,  0xc8,  0x31,  0xc0,  0xce,  0x28,  0xdb,  0x7b,  0x1d,  0x90,  0x93,  0xfd,  0xb6,
  0xe4,  0x01,  0xd6,  0x36,  0xb7,  0x4a,  0x4b,  0x0d,  0xe3,  0x51,  0xbd,  0x20,  0x12,  0x6f,  0x44,  0xc7,
  0x53,  0x4d,  0xe1,  0xb9,  0xed,  0x6d,  0x94,  0x96,  0x23,  0x26,  0xec,  0x28,  0xe3,  0x82,  0x8d,  0x48,
  0xe1,  0x3e,  0xdd,  0x6c,  0xb1,  0x22,  0x45,  0xf0,  0x46,  0xee,  0x47,  0x4f,  0xfb,  0x52,  0xad,  0x7a,
  0x0d,  0x0d,  0x0a,  0x7a,  0x92,  0xed,  0xd5,  0xb2,  0xc4,  0x86,  0x06,  0xd6,  0xe2,  0xc2,  0x39,  0x89,
  0x1f,  0x95,  0x00,  0x39,  0x6d,  0x14,  0xa9,  0x99,  0x5b,  0xe4,  0x03,  0x3c,  0x19,  0xe6,  0x8d,  0x97,
  0x74,  0x5c,  0xd6,  0xf3,  0x89,  0x21,  0x7e,  0x68,  0x98,  0x5f,  0xe2,  0x26,  0x83,  0x6f,  0xbd,  0xa1,
  0x1d,  0xcb,  0xc3,  0x5e,  0x62,  0x24,  0xfe,  0xe8,  0xa4,  0x58,  0x5d,  0x80,  0xf0,  0xc1,  0x67,  0x5a,
  0xdd,  0x82,  0xe2,  0x4b,  0x2c,  0x48,  0x60,  0x3c,  0x90,  0x56,  0x2c,  0x9d,  0xd8,  0x96,  0xe6,  0x77,
  0x12,  0x39,  0x27,  0xa8,  0x8a,  0xd6,  0x58,  0xdb,  0x61,  0x84,  0xcf,  0xae,  0xa6,  0x63,  0xff,  0x00,
  0x8f,  0x8a,  0xf3,  0x1c,  0x9e,  0xc3,  0x0d,  0x09,  0x06,  0x41,  0x32,  0x3c,  0xa0,  0x53,  0xe8,  0x28,
  0xe5,  0xf5,  0x2d,  0xa5,  0xea,  0xd7,  0x3b,  0xa7,  0x60,  0x50,  0x38,  0x82,  0x26,  0x26,  0xbe,  0xd3,
  0x82,  0x95,  0xc7,  0x65,  0x1b,  0x63,  0xb3,  0x0a,  0x66,  0x41,  0x3b,  0xcf,  0x26,  0x9b,  0xb3,  0x6b,
  0xb5,  0xd1,  0x35,  0x4d,  0x9d,  0xe0,  0x52,  0x0c,  0x81,  0xfe,  0x51,  0x14,  0x8e,  0x0e,  0xfb,  0x76,
  0x71,  0x6d,  0xa2,  0x8d,  0xa7,  0xb2,  0x96,  0x3d,  0x67,  0x71,  0x3d,  0x2a,  0x69,  0xd5,  0x35,  0xe6,
  0x07,  0x58,  0x13,  0xd8,  0x0d,  0xce,  0xcc,  0x88,  0x6e,  0xe9,  0xe4,  0xfb,  0x0d,  0x57,  0x49,  0xb9,
  0xa6,  0xe5,  0x75,  0x27,  0x83,  0xcf,  0x87,  0x04,  0x9f,  0x67,  0x87,  0xdd,  0x48,  0x1b,  0x01,  0xb5,
  0x04,  0x5e,  0xf1,  0xdc,  0xaa,  0x48,  0x5f,  0xe6,  0xa7,  0xf4,  0xc7,  0x9d,  0x27,  0x27,  0x88,  0x80,
  0xa6,  0x09,  0xf6,  0x35,  0x19,  0xbb,  0x01,  0x64,  0x89,  0x6f,  0x20,  0xa8,  0x78,  0x82,  0xad,  0x89,
  0xb7,  0x81,  0xd3,  0x93,  0xc5,  0x63,  0x51,  0x31,  0xa8,  0x39,  0x3d,  0xd3,  0xf2,  0xb2,  0x09,  0x3f,
  0xc0,  0x3c,  0x28,  0x37,  0xb6,  0x8b,  0x76,  0xe5,  0xe3,  0x6a,  0x00,  0x7c,  0xb9,  0x07,  0x8a,  0x63,
  0x52,  0x85,  0xd5,  0x2e,  0x20,  0x10,  0x06,  0x6b,  0x71,  0x11,  0xf4,  0x45,  0x5d,  0x2b,  0x82,  0x63,
  0x18,  0x0c,  0xd6,  0xfd,  0x22,  0xbc,  0xb3,  0xf4,  0x26,  0x4f,  0x98,  0x56,  0xa1,  0x69,  0x76,  0xc7,
  0xca,  0xf3,  0x40,  0x33,  0x25,  0xce,  0xe9,  0xfd,  0xd3,  0xf1,  0xaf,  0x2c,  0x5e,  0x27,  0xd2,  0x22,
  0x79,  0x25,  0xad,  0xb1,  0x91,  0xd6,  0x60,  0x8f,  0xce,  0x8b,  0xa4,  0x2b,  0xbe,  0x4e,  0x50,  0x56,
  0xda,  0x65,  0xc9,  0xe3,  0xc3,  0x69,  0xa4,  0x76,  0x4f,  0xa2,  0x10,  0x6b,  0x05,  0x85,  0xaf,  0x46,
  0xac,  0x86,  0x22,  0x76,  0xbf,  0x1f,  0xfe,  0x46,  0xa6,  0xbd,  0x1e,  0x24,  0x6a,  0x19,  0x4c,  0x0f,
  0x4b,  0x97,  0xb9,  0x00,  0x7f,  0x96,  0xa3,  0xe1,  0xbe,  0xdd,  0x12,  0xe2,  0xcc,  0x6e,  0x72,  0x01,
  0xfe,  0x63,  0x54,  0xb4,  0x33,  0xd8,  0x5d,  0xd4,  0x9c,  0xae,  0xf2,  0x8f,  0x72,  0x09,  0x30,  0x79,
  0x14,  0x93,  0x56,  0x90,  0xf5,  0xb2,  0x14,  0xc7,  0x13,  0x9a,  0x03,  0x1f,  0xf7,  0x1c,  0x4f,  0xbe,
  0xab,  0x5c,  0xbc,  0x2c,  0xe1,  0xe2,  0x10,  0x9b,  0x80,  0xbb,  0x60,  0x97,  0x07,  0xcb,  0x78,  0x82,
  0x3c,  0x0d,  0x47,  0xc4,  0x68,  0xd4,  0x55,  0x4f,  0x51,  0x6d,  0x56,  0xac,  0xe4,  0xb2,  0xde,  0xd3,
  0xc9,  0x46,  0x62,  0xb6,  0xae,  0xd8,  0x82,  0x38,  0x00,  0xcb,  0x4c,  0xfd,  0xbf,  0x7d,  0x2c,  0xf2,
  0x83,  0x13,  0x36,  0x89,  0x36,  0xb2,  0x79,  0xef,  0x0c,  0xd9,  0x92,  0x3d,  0x82,  0x7f,  0x1f,  0xc6,
  0xa7,  0xb2,  0x05,  0x6c,  0xd1,  0xbc,  0xba,  0x03,  0x70,  0xc8,  0xe9,  0xd0,  0xc5,  0x55,  0x48,  0x46,
  0xbe,  0xa6,  0x19,  0x46,  0x54,  0x90,  0x83,  0xd5,  0x30,  0xa2,  0x62,  0xa4,  0xe4,  0xc0,  0xb7,  0x9d,
  0xc9,  0xda,  0xb3,  0x04,  0x4f,  0x91,  0xa1,  0x13,  0x70,  0x88,  0x60,  0x1d,  0xd6,  0xed,  0x73,  0x04,
  0x83,  0xf8,  0x8a,  0xde,  0x6a,  0xc5,  0xbc,  0x41,  0x03,  0xfd,  0x8d,  0x1b,  0x8f,  0xe1,  0x14,  0x2d,
  0x11,  0xc3,  0xf6,  0x20,  0xf3,  0xdc,  0x73,  0x14,  0x6c,  0xa0,  0x0d,  0xab,  0x1c,  0x41,  0x18,  0x69,
  0x24,  0xff,  0x00,  0x0a,  0xd7,  0x43,  0xb4,  0x85,  0xc8,  0x9e,  0x2d,  0xd3,  0x77,  0xd2,  0x0c,  0x60,
  0x79,  0x6e,  0x7f,  0x3a,  0x3b,  0x7f,  0x8f,  0x8e,  0xb2,  0x01,  0xf9,  0xcd,  0xd1,  0xe7,  0xda,  0x0f,
  0x80,  0xfb,  0x28,  0x18,  0x18,  0x7b,  0xf3,  0xac,  0xe5,  0x0d,  0xc7,  0x76,  0x41,  0xb2,  0x39,  0xe0,
  0xf7,  0x64,  0xfe,  0x22,  0x8e,  0xc4,  0x1c,  0xdc,  0x60,  0xde,  0x77,  0x01,  0x1d,  0x7f,  0xde,  0xd3,
  0x3a,  0x56,  0xde,  0x64,  0x54,  0x28,  0xf7,  0x08,  0xb8,  0x00,  0x1b,  0x8c,  0xc7,  0x5f,  0x6d,  0x74,
  0x97,  0xbb,  0x4f,  0x93,  0xd8,  0x91,  0xc2,  0xb1,  0x1b,  0x47,  0x59,  0x81,  0x5c,  0xee,  0x4e,  0x37,
  0x65,  0x73,  0x70,  0x90,  0xa1,  0xf8,  0x3e,  0x35,  0xd0,  0xe1,  0xb7,  0x6a,  0x2c,  0xa9,  0x24,  0x38,
  0xdc,  0xc7,  0x9e,  0x87,  0x68,  0xf8,  0x54,  0xf6,  0x98,  0x4c,  0xa8,  0xd6,  0xbc,  0xa1,  0xf1,  0x71,
  0x40,  0x3c,  0x0c,  0x7d,  0xdc,  0x0e,  0x9c,  0xc4,  0x57,  0x3d,  0xe8,  0xb2,  0xff,  0x00,  0x64,  0xc8,
  0x60,  0x7a,  0x5d,  0x5e,  0xef,  0x9f,  0x26,  0xae,  0xe6,  0x31,  0xbb,  0x69,  0x65,  0x76,  0x85,  0xc6,
  0x1f,  0x5c,  0xb5,  0x43,  0xf4,  0x68,  0xaa,  0x69,  0x99,  0xe4,  0x81,  0xb8,  0x30,  0x22,  0x7a,  0xf8,
  0x9a,  0x48,  0x5b,  0x66,  0xd7,  0x41,  0x5e,  0xf2,  0x28,  0xe0,  0xfc,  0xc8,  0xd5,  0xaf,  0x85,  0x24,
  0xa5,  0xcb,  0x50,  0x66,  0x20,  0x1b,  0x87,  0x8f,  0xba,  0x92,  0xec,  0xc2,  0xe3,  0x60,  0x29,  0x89,
  0x99,  0xe9,  0x4e,  0xe3,  0x6d,  0xb9,  0x8b,  0xaa,  0x89,  0xe1,  0xcd,  0x92,  0x01,  0x3d,  0x7b,  0xed,
  0x40,  0xc8,  0x52,  0xb7,  0xb4,  0xe5,  0x1c,  0x4a,  0xfe,  0x66,  0x8a,  0xcb,  0xf3,  0x40,  0x06,  0xf4,
  0x78,  0x05,  0xc5,  0x6d,  0xc4,  0x2c,  0xad,  0xc8,  0x9f,  0xe0,  0x7a,  0x25,  0x9b,  0x24,  0x5d,  0x47,
  0x11,  0xbd,  0xf2,  0x48,  0x2e,  0xa3,  0xc3,  0xbb,  0xf8,  0x49,  0xad,  0x69,  0x49,  0x18,  0xf7,  0x97,
  0xa3,  0x14,  0xb8,  0xbe,  0xc8,  0x2a,  0xc3,  0xf3,  0xad,  0x25,  0xa5,  0x5b,  0xb8,  0x83,  0xb3,  0x01,
  0x7e,  0x54,  0x46,  0xe1,  0xc7,  0x88,  0x14,  0x8d,  0xfa,  0x98,  0xeb,  0x00,  0x2c,  0x02,  0x2e,  0xa8,
  0x32,  0x22,  0xfb,  0x9d,  0xc0,  0x47,  0xfb,  0xb6,  0x35,  0x36,  0xd3,  0x76,  0x9a,  0xe1,  0xec,  0xce,
  0xde,  0xf9,  0x20,  0x9f,  0x60,  0x14,  0xf1,  0x62,  0x15,  0xa6,  0x7e,  0x6e,  0xf9,  0x53,  0x27,  0xce,
  0xd3,  0x1f,  0xeb,  0xdd,  0x52,  0x2c,  0xa4,  0x67,  0x3b,  0x41,  0x62,  0x1d,  0x86,  0xd0,  0x7d,  0xd5,
  0x58,  0xac,  0xf4,  0x02,  0x65,  0x75,  0x05,  0xf5,  0xab,  0x8a,  0x40,  0x60,  0x71,  0xfe,  0x87,  0x13,
  0xde,  0x22,  0xbe,  0xb3,  0xb4,  0x68,  0x88,  0x86,  0x49,  0x6b,  0x8c,  0x7a,  0xf4,  0x1b,  0x56,  0xbc,
  0xb6,  0xe5,  0xb5,  0xa0,  0xc6,  0x58,  0xfc,  0x94,  0x31,  0x30,  0x39,  0xe7,  0xc6,  0xbc,  0x41,  0xb3,
  0x4c,  0xb7,  0xcf,  0x25,  0xa2,  0x01,  0x93,  0xea,  0x8a,  0x5e,  0x5d,  0x8d,  0xa3,  0x07,  0x93,  0x73,
  0x7b,  0x9b,  0x63,  0x98,  0x2f,  0x31,  0xfc,  0x11,  0x44,  0x20,  0xad,  0x9d,  0x27,  0x8f,  0x5f,  0x7c,
  0x9f,  0x3e,  0x94,  0xbd,  0x85,  0xdd,  0x94,  0xf6,  0xcb,  0x0d,  0xc1,  0x98,  0x9f,  0xb2,  0x8f,  0x7a,
  0xe8,  0x7c,  0x5d,  0x0c,  0x03,  0xca,  0xb5,  0xc0,  0x4c,  0xfb,  0xa8,  0xbd,  0x17,  0x98,  0x62,  0xa2,
  0xc6,  0x9f,  0xde,  0xd3,  0x35,  0x27,  0x9d,  0xb1,  0x67,  0xc4,  0x72,  0x7b,  0xb3,  0xf9,  0x7d,  0xd4,
  0x07,  0x60,  0x98,  0xb8,  0x87,  0x70,  0x00,  0xaa,  0x44,  0x72,  0x27,  0xbd,  0xd6,  0x8d,  0xa3,  0x92,
  0xf6,  0x33,  0x2c,  0x2b,  0x48,  0x6b,  0x41,  0x48,  0xe9,  0x32,  0x08,  0xa4,  0x8e,  0x3b,  0x76,  0x58,
  0xbb,  0x58,  0xa8,  0x2b,  0xb7,  0xbc,  0xbc,  0x29,  0xe6,  0x3a,  0xd4,  0x16,  0x59,  0x45,  0x83,  0x38,
  0x8b,  0x3a,  0xbe,  0x34,  0x11,  0x27,  0x1c,  0x34,  0x11,  0x33,  0x01,  0xcc,  0x1a,  0x3e,  0x8f,  0xbd,
  0xb4,  0xcc,  0xe0,  0x0e,  0xd0,  0x02,  0x49,  0x8e,  0x3c,  0x45,  0x03,  0x4c,  0x53,  0x73,  0x3a,  0xca,
  0x93,  0x3b,  0x71,  0x98,  0x7d,  0x8a,  0xfe,  0x34,  0x7d,  0x0d,  0x49,  0xd2,  0xb3,  0xd0,  0x03,  0xb9,
  0xf6,  0x1e,  0x92,  0x0f,  0x34,  0xf3,  0xd7,  0xb7,  0xe4,  0x45,  0x92,  0x05,  0xc0,  0x7e,  0x4e,  0x50,
  0xa1,  0x24,  0xdd,  0x00,  0xb7,  0x4f,  0x3a,  0x3e,  0xa9,  0x3f,  0xb5,  0xaf,  0xa1,  0x24,  0x91,  0x9c,
  0xfe,  0x3e,  0xc1,  0x5e,  0x05,  0x5e,  0xd9,  0xd0,  0xa9,  0x31,  0x74,  0x7d,  0xbe,  0x55,  0xbd,  0x46,
  0x0e,  0xab,  0x94,  0x57,  0xbb,  0x19,  0x8c,  0x7a,  0xf4,  0xe3,  0xd9,  0x57,  0xad,  0xcd,  0x2d,  0x05,
  0xae,  0x34,  0x6b,  0x67,  0x6f,  0x88,  0x75,  0xf3,  0xf3,  0xf8,  0x55,  0x3d,  0x0d,  0x59,  0xb3,  0xb2,
  0x97,  0x6e,  0xd3,  0x37,  0x3d,  0x6f,  0xe0,  0x26,  0xa6,  0x6e,  0x0b,  0xab,  0xdb,  0x76,  0xe8,  0x4d,
  0xc0,  0x47,  0xb7,  0x6b,  0x55,  0x6d,  0x1d,  0x67,  0x51,  0xcd,  0xea,  0xb1,  0xda,  0x12,  0x07,  0xf0,
  0x1a,  0x13,  0xdd,  0xec,  0x22,  0x27,  0xe2,  0xdc,  0x1f,  0xb2,  0x59,  0x1b,  0x81,  0xda,  0x12,  0x08,
  0xe9,  0xd6,  0xa9,  0xe9,  0x6f,  0xba,  0xf6,  0xa8,  0x84,  0x17,  0x56,  0x72,  0x64,  0x9f,  0xdd,  0x9a,
  0x9f,  0x83,  0x6c,  0x3e,  0x9b,  0x73,  0x91,  0xbc,  0xdc,  0xe0,  0x4f,  0x31,  0xcc,  0xd1,  0xf4,  0xc7,
  0x74,  0xbb,  0xa8,  0x85,  0x9b,  0x64,  0x9f,  0x11,  0x31,  0xdc,  0xa5,  0x9a,  0xad,  0x46,  0xd1,  0x1e,
  0x63,  0x28,  0x3a,  0xc0,  0xdc,  0x0c,  0x01,  0x6f,  0xc6,  0x4d,  0x3d,  0x7e,  0xf3,  0xae,  0x9b,  0x90,
  0xc8,  0xa0,  0xa7,  0x6b,  0x62,  0x58,  0xfb,  0x8f,  0xc0,  0xd4,  0xeb,  0x5f,  0xfb,  0xa2,  0x31,  0x3f,
  0xfc,  0x7c,  0x0f,  0xd2,  0xab,  0x15,  0x37,  0xf0,  0x99,  0x2d,  0xb0,  0x25,  0xae,  0xd8,  0xdd,  0xfe,
  0x96,  0xeb,  0xf6,  0x52,  0x4a,  0xcd,  0x76,  0x1a,  0x21,  0x71,  0xdc,  0x5b,  0x7c,  0x8d,  0xa4,  0xb0,
  0x19,  0x41,  0xbb,  0xcc,  0x41,  0x82,  0x53,  0xe3,  0x52,  0x33,  0x6f,  0x02,  0x9a,  0x91,  0x04,  0x85,
  0x25,  0xe0,  0x13,  0xec,  0xaa,  0xd8,  0x7d,  0x88,  0xc8,  0xd4,  0x99,  0x9b,  0xe9,  0x2b,  0x71,  0xd2,
  0x37,  0x27,  0x95,  0x45,  0xd4,  0xd9,  0x16,  0xc6,  0xa0,  0xbb,  0x4a,  0x00,  0xc6,  0x20,  0xcf,  0xd1,
  0xff,  0x00,  0xb5,  0x08,  0x2b,  0xf9,  0xec,  0x6e,  0x01,  0x0f,  0x46,  0xee,  0x4b,  0xfb,  0xac,  0xb7,
  0xe3,  0x4e,  0x64,  0xb0,  0x6b,  0x16,  0xf9,  0x24,  0xfc,  0x89,  0x78,  0xfe,  0x54,  0xa5,  0xb4,  0x88,
  0xb7,  0x9d,  0x92,  0x55,  0x54,  0xac,  0x32,  0x8f,  0x60,  0xdd,  0xe1,  0x4e,  0xe4,  0x41,  0xb3,  0x8e,
  0x3c,  0xf0,  0x56,  0x38,  0x89,  0xf5,  0x2a,  0xf2,  0xdf,  0x12,  0x38,  0x35,  0x83,  0x69,  0x46,  0x95,
  0x84,  0x54,  0x4b,  0x3e,  0x76,  0xed,  0xd3,  0xcc,  0xed,  0x71,  0x1f,  0x70,  0xa4,  0xc0,  0x7b,  0x7a,
  0x95,  0x91,  0x72,  0x13,  0x6e,  0xe7,  0x8e,  0xb0,  0x0b,  0xc8,  0xaa,  0xd8,  0x8a,  0x1b,  0xd1,  0x8d,
  0x28,  0xaa,  0x8d,  0xc7,  0x30,  0x4f,  0x1d,  0x7f,  0xc5,  0xf1,  0xfa,  0xaa,  0x72,  0x5b,  0xed,  0x75,
  0x65,  0x86,  0x24,  0x9b,  0x62,  0x7c,  0xc7,  0x22,  0x69,  0x53,  0xbb,  0xee,  0x63,  0x59,  0x49,  0x36,
  0x36,  0x47,  0x5b,  0xb2,  0x3d,  0xd1,  0x34,  0xe6,  0x95,  0x74,  0x5e,  0xc8,  0x22,  0xe0,  0x90,  0x37,
  0x0f,  0x6f,  0x20,  0x73,  0x4a,  0x10,  0xcf,  0xbd,  0x5d,  0xc3,  0x09,  0xdd,  0xc9,  0xeb,  0xdd,  0x35,
  0xf6,  0x0d,  0xe1,  0x87,  0x95,  0x92,  0xc0,  0x32,  0x80,  0x85,  0xc0,  0x9f,  0x7d,  0x06,  0xab,  0x1a,
  0x16,  0x65,  0x76,  0x23,  0xbf,  0x05,  0x8c,  0x63,  0x20,  0xee,  0x8e,  0x3a,  0xfe,  0xb5,  0x1b,  0xd1,
  0xae,  0xe6,  0x26,  0x50,  0x9f,  0x58,  0x95,  0xf7,  0xf0,  0x6a,  0x96,  0x93,  0x79,  0x72,  0xb1,  0xb2,
  0x2e,  0x7d,  0x21,  0x6d,  0x57,  0x83,  0x1c,  0x08,  0xf8,  0xd4,  0xbd,  0x07,  0x8b,  0x37,  0x81,  0x9d,
  0x84,  0x9f,  0x1f,  0x2a,  0x09,  0x52,  0x32,  0x5d,  0x05,  0x7b,  0xc8,  0x2d,  0xc6,  0x6b,  0x38,  0x9a,
  0x93,  0x21,  0x12,  0x2d,  0x5a,  0x69,  0x3e,  0x07,  0x73,  0x44,  0x0a,  0x72,  0xf8,  0x61,  0xa9,  0x60,
  0x0f,  0x01,  0x6a,  0x40,  0x27,  0xa7,  0x2d,  0x49,  0x5e,  0x60,  0x74,  0xed,  0x4d,  0xa3,  0x93,  0x66,
  0xc0,  0x93,  0xed,  0x2d,  0x54,  0x2e,  0xb3,  0xbe,  0xa7,  0x86,  0x76,  0xf0,  0xb6,  0x40,  0x50,  0x40,
  0x1e,  0x2d,  0x59,  0xf9,  0xf0,  0x84,  0x47,  0xb8,  0x04,  0xda,  0xc7,  0xba,  0xca,  0x76,  0xb2,  0xab,
  0x13,  0xc4,  0xcf,  0x3e,  0x54,  0xe5,  0xa4,  0x40,  0xb6,  0x58,  0xed,  0x04,  0x64,  0x06,  0x07,  0x6f,
  0x00,  0x71,  0xe3,  0xf5,  0x50,  0x31,  0x9d,  0x53,  0x1b,  0x30,  0xee,  0x52,  0xc2,  0xd7,  0x12,  0x7c,
  0x7b,  0x4f,  0x85,  0x1f,  0x15,  0xb7,  0xdb,  0xb0,  0xca,  0x37,  0x29,  0xc8,  0x10,  0x47,  0x81,  0x3e,
  0x04,  0x78,  0xd4,  0x65,  0xa9,  0x58,  0xee,  0x91,  0xf2,  0x11,  0x9a,  0xc6,  0xfe,  0x01,  0x6c,  0xfb,
  0x42,  0x27,  0xce,  0xd7,  0x9d,  0x21,  0x6d,  0x59,  0x35,  0x1b,  0xc9,  0x23,  0xfc,  0x43,  0xc3,  0x18,
  0xe3,  0xdb,  0x54,  0x2f,  0xa8,  0x16,  0x11,  0x98,  0xc0,  0xf9,  0x7d,  0x99,  0x9e,  0xa3,  0xe6,  0xc5,
  0x2b,  0x93,  0x6d,  0x8e,  0xae,  0x48,  0x04,  0x82,  0x7c,  0x04,  0x4d,  0x74,  0xc5,  0x89,  0x10,  0xea,
  0x76,  0xeb,  0x70,  0x8d,  0xb8,  0x1c,  0x35,  0x04,  0x83,  0xee,  0x9a,  0xd1,  0x65,  0x55,  0xb6,  0x80,
  0x49,  0x0c,  0x08,  0xe9,  0x3c,  0xa0,  0xad,  0xbd,  0xb3,  0x6f,  0x53,  0xb6,  0xfe,  0xb5,  0xd3,  0x60,
  0x29,  0x33,  0x1c,  0x77,  0x0c,  0x7d,  0xe6,  0x94,  0x24,  0xa5,  0xe4,  0x7e,  0x01,  0x3b,  0x7a,  0x1e,
  0x9d,  0xdf,  0xd2,  0x95,  0x5c,  0xda,  0x30,  0x98,  0x16,  0xda,  0xf6,  0xb4,  0xc1,  0x94,  0x12,  0x09,
  0xe2,  0x7d,  0xa0,  0x7e,  0x74,  0x7c,  0xe1,  0xb3,  0x13,  0xd1,  0xf9,  0x48,  0x12,  0xfc,  0x9f,  0x1e,
  0x40,  0xf8,  0x56,  0x34,  0xee,  0x75,  0xc7,  0xe0,  0x9d,  0xc0,  0x90,  0x23,  0xa7,  0x7c,  0x0e,  0x68,
  0x9a,  0x92,  0x6c,  0xd3,  0xf4,  0x26,  0xef,  0x4f,  0x6b,  0x70,  0x73,  0xfc,  0x43,  0xa0,  0xa0,  0xf7,
  0x97,  0x9a,  0x31,  0x56,  0x07,  0x74,  0x97,  0x22,  0xfb,  0x02,  0x4c,  0x10,  0x3b,  0xa0,  0x57,  0xd6,
  0xf7,  0x0d,  0x3d,  0x19,  0x09,  0xed,  0x01,  0xe0,  0x37,  0x20,  0xf3,  0xed,  0xf7,  0xd0,  0x74,  0x85,
  0x5b,  0x7a,  0x94,  0x92,  0x44,  0x24,  0x93,  0xec,  0xe6,  0x8e,  0x84,  0x8c,  0x7b,  0x65,  0x50,  0xdb,
  0x75,  0x66,  0x32,  0x78,  0x07,  0xa4,  0x54,  0x9e,  0x47,  0x8e,  0x18,  0xb6,  0x96,  0xaa,  0x55,  0x58,
  0xcb,  0x9e,  0xc9,  0x87,  0xb0,  0x48,  0x6f,  0x3a,  0x3e,  0x98,  0xdf,  0x26,  0xd3,  0xee,  0xf7,  0x66,
  0x6d,  0x88,  0x23,  0xaf,  0x11,  0xf1,  0xa5,  0xb0,  0xe4,  0xe1,  0xa1,  0x8f,  0xf7,  0x71,  0x31,  0xe5,
  0x34,  0x7c,  0x16,  0x07,  0x18,  0xa9,  0x1c,  0x1b,  0x4c,  0x3d,  0xd0,  0x44,  0x7b,  0xe9,  0xa5,  0xa8,
  0xba,  0x92,  0x73,  0x6d,  0x05,  0xca,  0xbe,  0x11,  0x8e,  0xed,  0xf3,  0xb4,  0xf0,  0x01,  0x9a,  0xfb,
  0x28,  0xce,  0xa1,  0x94,  0x49,  0x80,  0x32,  0x0c,  0x1f,  0xe4,  0x34,  0xc6,  0x72,  0x30,  0xd4,  0xf2,
  0x49,  0x11,  0xb8,  0x93,  0xf7,  0x1a,  0x4e,  0xf5,  0xd2,  0xfa,  0xad,  0xd1,  0xb4,  0x9d,  0xd7,  0x4b,
  0x41,  0xf6,  0x20,  0xf8,  0xd5,  0xa3,  0x7f,  0x83,  0x4f,  0x40,  0x19,  0x6c,  0x53,  0x26,  0xcd,  0xd7,
  0x82,  0x3b,  0x68,  0x60,  0x7a,  0x73,  0xd7,  0xf1,  0xaa,  0x7a,  0x15,  0xc0,  0xfa,  0x9e,  0x5f,  0x75,
  0x47,  0x7a,  0xe4,  0x2f,  0xb0,  0x6e,  0x11,  0xef,  0x8a,  0x99,  0xab,  0xa9,  0xfd,  0x9c,  0xae,  0x01,
  0x04,  0x9d,  0xc1,  0xa7,  0xd8,  0x28,  0x9e,  0x8c,  0xbb,  0x5c,  0x7e,  0xd1,  0x98,  0x9b,  0x8c,  0xae,
  0xc4,  0xf9,  0x9e,  0x4d,  0x34,  0x95,  0x76,  0x75,  0x13,  0x88,  0xa1,  0xa2,  0xdb,  0x07,  0x06,  0xe9,
  0x08,  0x5b,  0x6b,  0x13,  0x00,  0x73,  0x1e,  0xfa,  0xc6,  0x94,  0xa0,  0x7c,  0xb4,  0x02,  0x4c,  0xc1,
  0x91,  0xfc,  0x03,  0xe3,  0x4d,  0xe8,  0xe4,  0x8d,  0x0e,  0xe9,  0x10,  0x3e,  0x71,  0x86,  0xf1,  0xe1,
  0xc5,  0x2b,  0x86,  0xb0,  0x97,  0xfe,  0x89,  0x7b,  0x28,  0x4f,  0x1d,  0x7b,  0xa3,  0xe1,  0x52,  0xad,
  0x5c,  0x87,  0xd1,  0x01,  0xb3,  0x70,  0x2e,  0xa1,  0x68,  0x83,  0xd4,  0x5b,  0xfc,  0xaa,  0xbd,  0xab,
  0xa2,  0xe9,  0xb5,  0x72,  0xd4,  0x80,  0xcd,  0x68,  0x18,  0x3e,  0x21,  0x5b,  0x9f,  0x7d,  0x42,  0xb0,
  0x08,  0xd4,  0x31,  0xc1,  0x31,  0x25,  0x01,  0x9f,  0x78,  0x15,  0x6b,  0x4b,  0x74,  0x7b,  0x0a,  0x36,
  0x7f,  0xbf,  0xb6,  0x5d,  0x84,  0x47,  0x0a,  0xd3,  0x5a,  0x6a,  0x8a,  0xa6,  0x88,  0x4c,  0x79,  0x5c,
  0xad,  0x4c,  0x96,  0x2c,  0x54,  0x5b,  0x65,  0x5e,  0xab,  0x24,  0xa4,  0x4d,  0x43,  0xcd,  0xbb,  0xb1,
  0x32,  0x91,  0xfb,  0xe4,  0xc1,  0x24,  0xf3,  0xd4,  0x7e,  0x95,  0xd0,  0xe3,  0x32,  0x8b,  0xfa,  0xd3,
  0x77,  0x59,  0x92,  0xdd,  0xa6,  0x9e,  0x0f,  0xd3,  0x41,  0x5c,  0xf6,  0x72,  0x1b,  0xd9,  0x0e,  0xab,
  0x00,  0xdc,  0x36,  0xd4,  0x92,  0x20,  0x49,  0xa1,  0xb3,  0xbb,  0xf8,  0xfd,  0x1b,  0x84,  0xf7,  0x45,
  0xb2,  0xc1,  0xf2,  0x77,  0x72,  0x7e,  0xfe,  0x64,  0xd3,  0x77,  0x20,  0x61,  0xe3,  0xf3,  0x27,  0xe4,
  0x96,  0xc7,  0xba,  0x4a,  0xd7,  0x9a,  0x66,  0xd5,  0x17,  0xda,  0x37,  0x13,  0x70,  0x2c,  0x13,  0x1f,
  0x41,  0x8d,  0x01,  0xdd,  0x8e,  0x2d,  0x89,  0xe3,  0xfb,  0x3a,  0x47,  0x1d,  0x7b,  0xc3,  0xe0,  0x69,
  0xdd,  0xe4,  0x05,  0x64,  0x3b,  0x8e,  0x81,  0x74,  0x5d,  0x3b,  0x69,  0x20,  0x9b,  0xd6,  0xc8,  0x03,
  0xa0,  0x95,  0xba,  0x4f,  0xde,  0x6a,  0x7e,  0x0d,  0xd6,  0x5d,  0x5d,  0x99,  0xb9,  0xdb,  0x6c,  0x90,
  0x22,  0x78,  0xff,  0x00,  0xb5,  0x51,  0xb1,  0x16,  0x7d,  0x1d,  0xc1,  0x3c,  0x92,  0x2f,  0x5b,  0x7f,
  0xff,  0x00,  0xae,  0xe1,  0xa9,  0xb8,  0x4e,  0xd6,  0xf5,  0x26,  0x60,  0x03,  0xfc,  0xc1,  0x30,  0x79,
  0xfa,  0x34,  0x17,  0x10,  0x39,  0x07,  0x5b,  0x01,  0x6f,  0x64,  0x3b,  0x28,  0x50,  0x37,  0x05,  0x31,
  0xd3,  0xba,  0x4d,  0x07,  0x53,  0x27,  0xe5,  0x9b,  0xcf,  0x2a,  0xeb,  0xb4,  0xfb,  0x07,  0x3f,  0x0a,
  0xa7,  0x64,  0xad,  0xec,  0x7c,  0xb7,  0x20,  0x16,  0x05,  0x8e,  0xe0,  0x3f,  0x74,  0xd4,  0xcd,  0x44,
  0x25,  0xcb,  0x96,  0xd8,  0x13,  0xb4,  0x70,  0x44,  0x78,  0xf7,  0xa8,  0xc5,  0xd6,  0x45,  0xd8,  0xfe,
  0x8b,  0x79,  0x53,  0x13,  0x24,  0x2a,  0xc6,  0xe5,  0xe8,  0x0f,  0x41,  0x03,  0xc2,  0x94,  0xd0,  0xc0,
  0x65,  0x65,  0x06,  0x0e,  0xf6,  0xfe,  0xbe,  0xea,  0x6f,  0x4c,  0x54,  0x38,  0x39,  0x2c,  0xad,  0x1b,
  0x02,  0x8e,  0xe9,  0xe2,  0x08,  0x3c,  0x52,  0xda,  0x4d,  0xb5,  0x29,  0x64,  0x02,  0x01,  0x6b,  0xce,
  0x03,  0x79,  0x77,  0x68,  0x7f,  0xb0,  0x8f,  0x28,  0xf2,  0xf3,  0x7f,  0x76,  0x6a,  0x65,  0x80,  0x24,
  0xdb,  0xc6,  0x03,  0xfd,  0x66,  0xa8,  0x5e,  0xef,  0xea,  0xb8,  0xdb,  0x60,  0x2d,  0xbb,  0x61,  0x79,
  0xe4,  0x1e,  0x09,  0xa8,  0xf9,  0x39,  0x69,  0x6f,  0x0a,  0xfd,  0x82,  0xc0,  0x3d,  0xee,  0xc3,  0x68,
  0xf1,  0x30,  0xcc,  0x4f,  0xd5,  0xfa,  0x79,  0xd5,  0x95,  0x86,  0xd4,  0x54,  0x41,  0x02,  0x16,  0x0f,
  0x59,  0x01,  0x0f,  0xe9,  0x42,  0x4a,  0x8b,  0xce,  0x48,  0x45,  0xa9,  0x84,  0x70,  0x71,  0x72,  0x89,
  0x24,  0x06,  0x0b,  0x24,  0x78,  0xf7,  0xa7,  0xf2,  0xa6,  0x34,  0xbb,  0xbd,  0x91,  0xb0,  0x8e,  0xfd,
  0xdf,  0x94,  0x5b,  0x60,  0x23,  0xa7,  0x3f,  0xf7,  0xa4,  0x12,  0xe1,  0x5d,  0x3d,  0x9f,  0xfc,  0x5e,
  0x07,  0x74,  0xf4,  0xeb,  0xfa,  0xd1,  0xb0,  0xdd,  0x15,  0x2c,  0xef,  0x30,  0x0d,  0xf4,  0x92,  0x39,
  0xf1,  0x3f,  0x0a,  0x46,  0xac,  0xca,  0x45,  0xfa,  0x44,  0xf5,  0x07,  0x82,  0x2c,  0x00,  0x46,  0xdc,
  0x9b,  0x2d,  0x24,  0xf9,  0xdb,  0xfd,  0x28,  0xb9,  0x28,  0x57,  0x56,  0x8f,  0xf1,  0x2e,  0x03,  0x07,
  0xc0,  0x13,  0xcf,  0x34,  0xbe,  0xa2,  0xdf,  0xdb,  0x94,  0xac,  0x10,  0x6f,  0x59,  0x8f,  0x69,  0xda,
  0x22,  0x8f,  0xa8,  0xdc,  0x16,  0xf5,  0x85,  0x98,  0x24,  0x19,  0x60,  0x39,  0xf3,  0x8f,  0xc6,  0xab,
  0xcb,  0xa0,  0x21,  0xa8,  0xc6,  0x48,  0x9d,  0x46,  0xc8,  0xdc,  0x0b,  0x1c,  0x61,  0x04,  0xf3,  0xe0,
  0x9c,  0x7d,  0xd4,  0x8a,  0x82,  0x9f,  0x25,  0xdc,  0x20,  0x4a,  0x47,  0x1e,  0xc3,  0x4f,  0xbc,  0x8d,
  0x47,  0x19,  0xe3,  0xbb,  0xd9,  0x28,  0x11,  0xe5,  0xb4,  0x52,  0xd9,  0x1b,  0x56,  0xe6,  0x2c,  0xc8,
  0xdd,  0xb0,  0xb0,  0x03,  0xc6,  0x29,  0x63,  0xc8,  0xda,  0x33,  0xdc,  0x03,  0xd8,  0xeb,  0xfd,  0xd9,
  0x99,  0x61,  0xc8,  0x93,  0xfe,  0x27,  0x14,  0x6d,  0x51,  0x09,  0xc0,  0xd1,  0x9b,  0xe8,  0x8c,  0x8b,
  0x8b,  0xec,  0x06,  0x66,  0x96,  0xb3,  0xf3,  0x7a,  0xe2,  0xb2,  0x92,  0x03,  0x5c,  0x20,  0x48,  0xe9,
  0xf3,  0x94,  0xfe,  0xa7,  0x3f,  0xb0,  0xf4,  0xa5,  0xda,  0x00,  0x5c,  0x8b,  0x9d,  0x04,  0x09,  0xa0,
  0xf7,  0x93,  0xf3,  0x0c,  0x45,  0x83,  0x3a,  0x59,  0x09,  0x9e,  0x84,  0x9e,  0x7b,  0x2f,  0x1f,  0x79,
  0xa3,  0x5b,  0xc8,  0x3f,  0x21,  0xc5,  0x11,  0xc6,  0xf3,  0xeb,  0x8e,  0x48,  0xe3,  0xe3,  0x41,  0xd3,
  0x78,  0xbd,  0x64,  0x91,  0xb4,  0x94,  0x51,  0xb8,  0x78,  0x72,  0x68,  0xf7,  0xde,  0xda,  0xae,  0x0b,
  0x6c,  0xee,  0xf6,  0x8b,  0x00,  0x75,  0x3c,  0x88,  0x3f,  0x5c,  0x7e,  0x34,  0x8f,  0x78,  0x75,  0x86,
  0x0e,  0xcd,  0xb6,  0xb3,  0xa7,  0xee,  0x55,  0xe0,  0x82,  0x3c,  0x60,  0x0f,  0xe8,  0xd0,  0x30,  0xdc,
  0x00,  0x52,  0x03,  0x08,  0x7e,  0x22,  0x79,  0x9f,  0xd2,  0x8b,  0x69,  0xff,  0x00,  0xb3,  0x14,  0xe4,
  0xb2,  0xbe,  0xd8,  0x82,  0x3e,  0x90,  0xa9,  0xf6,  0xcb,  0x14,  0xb2,  0xca,  0xd0,  0xdb,  0xae,  0x08,
  0x5f,  0x69,  0x34,  0xc9,  0x56,  0xa0,  0x96,  0x4d,  0xeb,  0x6c,  0x1b,  0x54,  0xba,  0x14,  0xf0,  0x23,
  0x99,  0xa4,  0xf1,  0x94,  0xdc,  0xd4,  0x96,  0xe4,  0x6e,  0x26,  0xeb,  0x02,  0x23,  0xf7,  0x56,  0x9d,
  0xd7,  0xbf,  0xf7,  0xc7,  0xee,  0xae,  0xd0,  0x12,  0x48,  0x1c,  0xcc,  0x0e,  0x7e,  0xfa,  0x5f,  0x08,
  0xce,  0x42,  0x38,  0x1b,  0xe6,  0xfd,  0xc8,  0x1f,  0xc8,  0x95,  0x58,  0xbf,  0x4a,  0xe8,  0x09,  0x68,
  0x79,  0xac,  0x20,  0xfd,  0x89,  0x8e,  0x63,  0x92,  0x09,  0x3e,  0x74,  0xaf,  0xa3,  0xe1,  0x85,  0xb2,
  0x10,  0x90,  0x4d,  0xb6,  0xe4,  0x53,  0xfa,  0xab,  0xff,  0x00,  0x71,  0xe2,  0xdb,  0xf1,  0x00,  0x93,
  0xc7,  0x5e,  0xbf,  0x0a,  0x47,  0x46,  0x95,  0x43,  0x1d,  0x7b,  0x36,  0xf0,  0x9f,  0x1a,  0x65,  0xb8,
  0xfa,  0x88,  0xf7,  0x8e,  0x83,  0x45,  0x0a,  0x34,  0x1c,  0x90,  0xcd,  0xb6,  0x37,  0x11,  0xcc,  0x49,
  0x83,  0xf0,  0xa9,  0x38,  0xaf,  0xb4,  0x10,  0x4c,  0x93,  0x66,  0xd9,  0x02,  0x7f,  0x70,  0xd3,  0xfa,
  0x22,  0x9b,  0x9a,  0x2e,  0xa2,  0x1a,  0xee,  0xd4,  0x0e,  0xc0,  0x02,  0x79,  0xf5,  0x07,  0x4f,  0xac,
  0xfd,  0xf4,  0x8e,  0x20,  0x0f,  0x94,  0x88,  0x23,  0x9b,  0x76,  0x80,  0xdc,  0x3f,  0x72,  0xa4,  0xac,
  0xe4,  0x37,  0x20,  0x3c,  0x2e,  0xa5,  0x8f,  0xb0,  0x40,  0x66,  0x5e,  0x0f,  0xf1,  0x0a,  0xa9,  0xa4,
  0xde,  0xd9,  0x6c,  0x72,  0x36,  0x76,  0xe8,  0xcc,  0x7d,  0xbb,  0x5a,  0x2a,  0x6d,  0xdb,  0x7d,  0x96,
  0xb5,  0x8e,  0xa3,  0x90,  0x2e,  0x01,  0xe5,  0xf4,  0xc5,  0x39,  0xa3,  0x92,  0x2c,  0xcc,  0x00,  0x46,
  0x52,  0x81,  0xfe,  0x87,  0xf8,  0x53,  0x4a,  0xf1,  0x34,  0x47,  0xb1,  0x8b,  0x5b,  0x7d,  0x78,  0x92,
  0xdb,  0xfe,  0x4e,  0x9c,  0xcc,  0xf3,  0xda,  0x2f,  0x5f,  0xeb,  0xc2,  0xa5,  0x5d,  0x57,  0x5c,  0xab,
  0x5b,  0x8f,  0x25,  0xec,  0x90,  0x7d,  0x84,  0xf9,  0x55,  0x75,  0xb6,  0xcc,  0x9a,  0xd1,  0xdd,  0x09,
  0xd8,  0x41,  0x9e,  0x27,  0xbe,  0x23,  0xef,  0x15,  0x3f,  0x25,  0x2e,  0x36,  0x66,  0x18,  0x60,  0x01,
  0x66,  0xb3,  0xd3,  0xd8,  0x6a,  0x70,  0x77,  0x7e,  0x68,  0x86,  0xe1,  0x03,  0x8c,  0x91,  0x8b,  0x70,
  0x06,  0x3b,  0x85,  0xf5,  0xe7,  0xcc,  0xec,  0x34,  0x37,  0xff,  0x00,  0x67,  0xc6,  0xdb,  0xd7,  0xe4,
  0xab,  0xe2,  0x7f,  0xce,  0x68,  0xf6,  0x5f,  0xe6,  0x59,  0x41,  0x32,  0xd7,  0xc1,  0x23,  0xce,  0x03,
  0x0a,  0x13,  0xa3,  0x7c,  0x93,  0x15,  0xf8,  0xd9,  0xf2,  0x60,  0x26,  0x7d,  0xac,  0x63,  0xee,  0xaa,
  0x6a,  0x20,  0xe5,  0xab,  0xab,  0xfb,  0x13,  0x16,  0xd8,  0x2c,  0x5c,  0x9b,  0x4e,  0x14,  0xcf,  0x31,
  0x69,  0xc1,  0xa9,  0x78,  0x77,  0x0a,  0x66,  0x5e,  0x27,  0xc3,  0x1a,  0x7e,  0xd1,  0x55,  0x18,  0x2d,
  0xac,  0x0c,  0x33,  0x1c,  0x6d,  0x11,  0xe7,  0x01,  0x0d,  0x49,  0xc2,  0x60,  0xb9,  0x97,  0xd9,  0x7b,
  0xd1,  0x8f,  0xd4,  0xf9,  0xed,  0x35,  0xa3,  0xa9,  0x9e,  0x51,  0xd0,  0xe0,  0x5b,  0x37,  0xb0,  0xef,
  0x1d,  0xa0,  0xca,  0x19,  0x33,  0xd0,  0x6d,  0xa8,  0xeb,  0x8e,  0xd7,  0x2c,  0x8b,  0xc4,  0xb6,  0xd1,
  0x2a,  0xb2,  0x3a,  0x75,  0xe9,  0x56,  0xb4,  0xae,  0xc9,  0x70,  0x2f,  0xed,  0x13,  0xba,  0x60,  0x91,
  0x06,  0x63,  0x91,  0xf8,  0x50,  0x30,  0x6c,  0x83,  0xa3,  0x5c,  0xde,  0xa4,  0x90,  0xef,  0xdd,  0xf2,
  0xee,  0x93,  0x53,  0x52,  0xa3,  0x67,  0x43,  0x07,  0x8b,  0xb5,  0x70,  0x73,  0x14,  0x41,  0x3f,  0x33,
  0x27,  0xc4,  0x1d,  0xa7,  0x8a,  0xc6,  0x8c,  0x85,  0x5f,  0x11,  0x40,  0x98,  0xbe,  0xc6,  0x7c,  0x3d,
  0x51,  0x45,  0xca,  0xb7,  0xf2,  0x55,  0xcc,  0x40,  0x17,  0x97,  0xb4,  0x41,  0x1e,  0xc0,  0xdf,  0xa5,
  0x79,  0xa6,  0xa2,  0x84,  0xb3,  0x32,  0x48,  0xb8,  0x58,  0xc7,  0xd5,  0x59,  0xe1,  0xf9,  0xa1,  0x27,
  0x93,  0x9c,  0xcf,  0x49,  0xd4,  0x31,  0x67,  0xc9,  0x79,  0xfa,  0xeb,  0xa5,  0xc7,  0x67,  0x6d,  0x4d,
  0x9b,  0x7f,  0x66,  0x54,  0x22,  0x92,  0x79,  0xfa,  0x15,  0x06,  0xed,  0xbd,  0xfa,  0x85,  0x99,  0xea,
  0x00,  0xfa,  0xb9,  0xae,  0x83,  0x4e,  0x77,  0xf9,  0x73,  0x05,  0x01,  0x98,  0xba,  0x81,  0xc0,  0x92,
  0x62,  0x22,  0xab,  0xb4,  0x7e,  0x9e,  0xc2,  0xad,  0x44,  0xac,  0x23,  0x5f,  0xc1,  0x75,  0xe0,  0x9e,
  0xc6,  0x40,  0x1c,  0x7d,  0x25,  0xaf,  0x30,  0x8b,  0x0b,  0xb8,  0xa9,  0xeb,  0x03,  0x75,  0x01,  0x23,
  0x8f,  0x16,  0xe2,  0x9e,  0xd2,  0xce,  0xdb,  0x96,  0x54,  0xc0,  0x02,  0xd6,  0xd2,  0x4f,  0x87,  0x2b,
  0x4a,  0xe0,  0xac,  0xe5,  0xda,  0x62,  0x66,  0x2f,  0x06,  0x92,  0x3a,  0x90,  0x1a,  0xa7,  0x5c,  0x8e,
  0xb0,  0x21,  0xa8,  0xb3,  0x36,  0xac,  0x2c,  0x91,  0x1f,  0x3d,  0x64,  0xc9,  0xeb,  0xe5,  0x4e,  0xea,
  0xf8,  0xc5,  0x35,  0xb5,  0xec,  0x93,  0x68,  0x31,  0x01,  0x85,  0x4e,  0xd5,  0xae,  0x32,  0xfa,  0x46,
  0x8a,  0xa4,  0xc6,  0xeb,  0x66,  0x3d,  0xa0,  0x88,  0xaa,  0x5a,  0xed,  0xd7,  0x6d,  0x52,  0xd9,  0x13,
  0x70,  0xaa,  0xac,  0xc8,  0x8f,  0x2f,  0x0f,  0x0a,  0xa6,  0x1c,  0x7a,  0x02,  0x1a,  0x8c,  0xe4,  0x03,
  0xf2,  0xec,  0x39,  0x58,  0xf9,  0xa5,  0x11,  0x3e,  0xc8,  0x34,  0x89,  0x60,  0xb7,  0x2c,  0xcf,  0x25,
  0x42,  0xb7,  0x27,  0xd8,  0x6a,  0x92,  0xfc,  0xf6,  0xa7,  0x82,  0x25,  0xb9,  0xb6,  0x38,  0x1e,  0x15,
  0x31,  0xee,  0x06,  0xbc,  0x8a,  0x41,  0x95,  0x45,  0x23,  0xac,  0xf4,  0xa9,  0xc4,  0x3c,  0xc3,  0x62,
  0x91,  0xfb,  0x73,  0xbd,  0x3b,  0x7b,  0x66,  0x83,  0xfc,  0xf5,  0x4b,  0x59,  0x40,  0xda,  0x56,  0x2e,
  0xd1,  0x11,  0x79,  0xb8,  0x07,  0x91,  0xdd,  0x06,  0xa5,  0x63,  0x39,  0x1a,  0xb5,  0xa7,  0xf0,  0x6b,
  0x8d,  0x3d,  0x20,  0x77,  0x8d,  0x50,  0xd4,  0x2f,  0xf6,  0xd6,  0x76,  0xf4,  0x03,  0x20,  0x08,  0x3f,
  0xf0,  0x87,  0xc2,  0x84,  0x97,  0xa9,  0x0a,  0xb0,  0xcf,  0x30,  0x21,  0x57,  0x18,  0x85,  0xdc,  0x61,
  0x08,  0x1e,  0xe2,  0x6b,  0x79,  0x37,  0x4a,  0x5d,  0xd1,  0xcf,  0x00,  0x76,  0xa9,  0x2c,  0xa4,  0x7b,
  0xeb,  0x3a,  0x48,  0xde,  0xb8,  0x27,  0x80,  0x3b,  0xa3,  0xdd,  0xd6,  0xb1,  0x97,  0xb3,  0xe5,  0x9a,
  0x48,  0x90,  0x41,  0xc8,  0x50,  0x54,  0x0e,  0x67,  0xfa,  0x14,  0xbc,  0x43,  0x68,  0xc2,  0x64,  0xb8,
  0xb3,  0x7e,  0xe4,  0x12,  0x66,  0xf0,  0x62,  0x0c,  0x78,  0xb8,  0xa8,  0x96,  0x6e,  0xfc,  0xc2,  0x09,
  0x99,  0x2f,  0xf8,  0x9a,  0xa5,  0x96,  0xd3,  0x99,  0x9a,  0xcf,  0x32,  0x19,  0x40,  0x07,  0xaf,  0x50,
  0x6a,  0x36,  0x15,  0xc2,  0xcb,  0x6f,  0xa4,  0x17,  0x6a,  0xac,  0x15,  0x81,  0x3d,  0xe2,  0xae,  0xa4,
  0x18,  0xeb,  0xb0,  0x1b,  0x6c,  0x2a,  0x99,  0x22,  0x67,  0x85,  0xa4,  0xf0,  0x97,  0x7e,  0x4d,  0x99,
  0x26,  0x0d,  0xdb,  0x9c,  0x7b,  0x96,  0xdf,  0xc4,  0xd5,  0x2c,  0xe2,  0xb7,  0xb5,  0xb6,  0x12,  0x01,
  0x30,  0xa0,  0xff,  0x00,  0xa7,  0x8a,  0x8f,  0xa7,  0x64,  0xee,  0xd4,  0x0d,  0x90,  0xb1,  0xd8,  0xbb,
  0xdc,  0xdf,  0x3d,  0x64,  0x28,  0xe9,  0xfc,  0xbf,  0x7d,  0x18,  0xde,  0x3d,  0x81,  0x2d,  0x0a,  0x7a,
  0xdd,  0x8e,  0xcb,  0x49,  0xc7,  0x60,  0x24,  0x16,  0x60,  0x04,  0x7b,  0xfa,  0xd4,  0x9c,  0x0b,  0x64,
  0x48,  0x3c,  0x42,  0x11,  0xd7,  0xdb,  0x5d,  0x0e,  0xb7,  0x6c,  0x7e,  0xc3,  0xc6,  0xb9,  0xe0,  0xd7,
  0x5f,  0xdb,  0xe7,  0xf0,  0xa8,  0xd8,  0x96,  0xc0,  0x36,  0xd4,  0xcc,  0x31,  0xda,  0xde,  0xd1,  0x33,
  0x5a,  0x0f,  0xd0,  0x2b,  0xc9,  0x4b,  0x44,  0x93,  0xa3,  0xe7,  0xc8,  0x07,  0xbe,  0xfb,  0x41,  0xe3,
  0x9d,  0x8b,  0xcf,  0xe9,  0x4a,  0xda,  0x1d,  0x9e,  0x7a,  0x06,  0x1c,  0xf6,  0x36,  0x78,  0xfe,  0x4a,
  0x63,  0x4a,  0xbb,  0xd8,  0xe9,  0x39,  0x6a,  0x4c,  0x16,  0x77,  0x23,  0xfd,  0x02,  0x82,  0x07,  0xf7,
  0xb1,  0xfa,  0x40,  0x25,  0xbf,  0x0f,  0xdc,  0x34,  0xba,  0xc8,  0x6d,  0x10,  0x0c,  0xa5,  0x53,  0xac,
  0x5a,  0xdb,  0x3b,  0x7b,  0x4f,  0x2e,  0xbd,  0xfa,  0x3e,  0x8e,  0x20,  0x14,  0xf5,  0x0a,  0xe7,  0x20,
  0x90,  0x39,  0x02,  0x1b,  0xc6,  0xb3,  0x96,  0xa5,  0x75,  0x34,  0x00,  0x72,  0xac,  0x24,  0x11,  0x03,
  0xd6,  0x06,  0xbd,  0xd3,  0x37,  0x13,  0x70,  0xac,  0x7f,  0xb7,  0x83,  0xd7,  0xac,  0x06,  0xa6,  0x7b,
  0xa6,  0x43,  0xcc,  0x1c,  0xe9,  0xfa,  0xa9,  0x53,  0xbd,  0x45,  0x91,  0x26,  0x39,  0xf5,  0xa9,  0x6c,
  0xa6,  0xd9,  0x9b,  0x81,  0xb5,  0x83,  0x15,  0x55,  0xe4,  0x9f,  0x61,  0xf8,  0x53,  0x64,  0x95,  0xd3,
  0xb5,  0x09,  0x42,  0x77,  0x5b,  0x3c,  0xf9,  0x73,  0x34,  0x96,  0xae,  0x14,  0xea,  0x78,  0xc2,  0x00,
  0x53,  0x6c,  0x30,  0x00,  0x71,  0xf4,  0xaa,  0x71,  0xcd,  0x3c,  0xc0,  0x78,  0x4c,  0xa9,  0x54,  0xc2,
  0xde,  0xa6,  0x09,  0xbb,  0xd0,  0x0f,  0x20,  0x68,  0x4c,  0x42,  0xe9,  0x58,  0xf0,  0x60,  0x32,  0x0e,
  0x87,  0xac,  0x2b,  0x4f,  0xe3,  0x5f,  0x33,  0xff,  0x00,  0x76,  0x6e,  0x32,  0x02,  0x5c,  0x22,  0x3d,
  0xbc,  0x8f,  0xca,  0xb3,  0x79,  0x3f,  0xb9,  0xf0,  0xcc,  0xb4,  0x85,  0x22,  0x4f,  0x4e,  0x43,  0x1a,
  0xa5,  0x3f,  0x22,  0xa1,  0x87,  0x40,  0x98,  0x98,  0x4d,  0xc8,  0x0c,  0xb2,  0x76,  0xf9,  0xec,  0xa9,
  0x1a,  0x1b,  0xee,  0xc8,  0xbf,  0xbb,  0x8e,  0x4a,  0x83,  0xf6,  0xf5,  0xaa,  0x19,  0x6a,  0xf6,  0xee,
  0x69,  0xcb,  0xc9,  0x02,  0xcb,  0x1d,  0xa7,  0xa0,  0xee,  0x0a,  0x47,  0x42,  0x3b,  0x2e,  0x5d,  0x66,
  0x00,  0xa9,  0xb9,  0xc8,  0x34,  0xeb,  0x71,  0xf9,  0xa8,  0x38,  0x91,  0xd4,  0xe9,  0x8a,  0x6e,  0x69,
  0xaf,  0x2c,  0xdc,  0x8e,  0x9c,  0xf1,  0xc7,  0x3f,  0x5d,  0x0f,  0x4c,  0xb7,  0x1a,  0x49,  0x02,  0x40,
  0x67,  0x6f,  0x5b,  0xc3,  0xb9,  0xd7,  0xdf,  0x5e,  0x69,  0x87,  0x76,  0x9c,  0xee,  0xa7,  0xbd,  0xcf,
  0x31,  0xcc,  0x78,  0xfd,  0xd4,  0x7b,  0x1b,  0xac,  0x68,  0x76,  0x59,  0x08,  0x3c,  0x92,  0x09,  0xe2,
  0x7b,  0xa3,  0xf2,  0x35,  0xca,  0xec,  0xda,  0xf7,  0x2f,  0x2c,  0x03,  0xd7,  0x42,  0xa6,  0x3d,  0xc2,
  0x39,  0xf9,  0xc5,  0x9e,  0x08,  0xe7,  0xbf,  0xe1,  0x40,  0xd3,  0x84,  0x59,  0x56,  0x16,  0xf7,  0x47,
  0x90,  0x98,  0xe4,  0x51,  0x35,  0xc2,  0x1b,  0x1a,  0x43,  0x98,  0x37,  0x18,  0xa8,  0xf0,  0x22,  0x5b,
  0xe3,  0x41,  0xd3,  0x3b,  0xd8,  0x57,  0x1d,  0xa1,  0x55,  0x40,  0x8f,  0x19,  0x3b,  0x85,  0x15,  0xb8,
  0x23,  0x26,  0x2a,  0x4e,  0xa1,  0xba,  0x26,  0x3c,  0x07,  0xbc,  0xd3,  0xf8,  0x24,  0x5b,  0xc8,  0x01,
  0x89,  0x2c,  0x2f,  0x1e,  0x62,  0x09,  0x87,  0x8a,  0x5b,  0x19,  0x67,  0x26,  0xe7,  0x90,  0x1f,  0x74,
  0xb5,  0x6f,  0x0d,  0x96,  0xf6,  0x40,  0x00,  0x9e,  0x2f,  0x11,  0x11,  0xc9,  0x97,  0x26,  0x6a,  0xae,
  0xe8,  0x58,  0xea,  0x54,  0xc2,  0xb2,  0x2d,  0x6a,  0x38,  0x8a,  0x20,  0x9e,  0xe8,  0x96,  0x3c,  0x0e,
  0x45,  0x27,  0x8c,  0xc1,  0x33,  0xe4,  0xf2,  0x55,  0xc9,  0x31,  0xd0,  0x75,  0xf8,  0xd1,  0xf0,  0x6e,
  0xb1,  0xd6,  0x2d,  0xf5,  0x55,  0x19,  0x01,  0x44,  0x78,  0x10,  0xc3,  0xa4,  0xd0,  0x6d,  0xbe,  0xcc,
  0xec,  0x99,  0x1b,  0x90,  0xb3,  0x99,  0x03,  0x88,  0xda,  0xc7,  0xa5,  0x4f,  0x9f,  0x41,  0x91,  0x0b,
  0x54,  0x6d,  0xfa,  0xc8,  0x75,  0xe0,  0xc0,  0x23,  0xed,  0xab,  0x5a,  0xb5,  0xa7,  0x3a,  0xbd,  0xde,
  0xeb,  0xab,  0x5a,  0x00,  0x41,  0x8e,  0x3a,  0x79,  0xd4,  0x3c,  0xe2,  0x0e,  0x61,  0x79,  0xe3,  0x69,
  0xe4,  0xf8,  0x57,  0x45,  0x9e,  0xb6,  0x9f,  0x5b,  0xcf,  0x63,  0x3d,  0x94,  0xaf,  0x23,  0xa0,  0x32,
  0xbc,  0x75,  0xab,  0x4a,  0xd4,  0xe9,  0xfc,  0x04,  0x32,  0xcd,  0x63,  0x7c,  0xc6,  0xab,  0x85,  0xc9,
  0x2a,  0x10,  0xb8,  0x1f,  0xcd,  0xe1,  0xf6,  0x54,  0x97,  0x33,  0x98,  0x80,  0x24,  0x70,  0x07,  0x3c,
  0x7b,  0xaa,  0xaa,  0x28,  0x3a,  0xee,  0x2d,  0xb1,  0x10,  0xa8,  0x7a,  0x9e,  0x0f,  0x7b,  0xee,  0xa9,
  0xa5,  0x4f,  0xed,  0x2b,  0x4a,  0x24,  0xed,  0x08,  0x25,  0xa3,  0xc8,  0x71,  0x49,  0x1c,  0xf6,  0x0f,
  0x33,  0xdc,  0x36,  0x07,  0x33,  0x1c,  0x17,  0x1b,  0x4d,  0xc3,  0x3c,  0xf9,  0xb1,  0xa7,  0x32,  0x6e,
  0x9d,  0xc5,  0x77,  0x6e,  0x51,  0x78,  0x7d,  0x47,  0x61,  0xa4,  0xed,  0x23,  0x2e,  0x5d,  0x80,  0xb0,
  0x0f,  0x6a,  0x04,  0x44,  0x8f,  0x58,  0xc5,  0x35,  0x6d,  0x4b,  0xda,  0xef,  0x16,  0x2c,  0x2f,  0x13,
  0xd7,  0xa4,  0x27,  0xb2,  0xb3,  0xcd,  0x45,  0x8e,  0x19,  0xbd,  0x1d,  0x4d,  0xc5,  0xc2,  0x59,  0x81,
  0x20,  0xc5,  0x0a,  0xf2,  0xff,  0x00,  0x6b,  0xd3,  0xb7,  0xee,  0x20,  0xe5,  0xc8,  0x24,  0x78,  0x41,
  0xa3,  0x7a,  0x3e,  0x54,  0x9c,  0x30,  0xfc,  0x8d,  0xc3,  0xf0,  0x34,  0x9e,  0x66,  0x4a,  0xae,  0x3e,
  0x9b,  0x70,  0x21,  0x42,  0xb9,  0x20,  0x6f,  0x1e,  0x1d,  0x47,  0xeb,  0x41,  0x6f,  0x35,  0xe6,  0xa1,
  0xd0,  0x73,  0x20,  0x32,  0xd9,  0xd4,  0x58,  0xdd,  0xdc,  0xc1,  0xd7,  0xd6,  0xf1,  0xe2,  0xa0,  0xe9,
  0xc3,  0xb4,  0xb4,  0x84,  0xf5,  0xed,  0x23,  0xed,  0x35,  0x77,  0x51,  0x5e,  0xc7,  0x4e,  0xcc,  0x7e,
  0x4a,  0x0d,  0x84,  0x31,  0x33,  0x24,  0xcf,  0xc2,  0xb9,  0xfd,  0x2d,  0xb6,  0xe2,  0x25,  0xc2,  0x26,
  0x2e,  0x0f,  0xc6,  0xa9,  0x0d,  0xd6,  0xc1,  0x3d,  0xe2,  0xfd,  0xd5,  0xdb,  0xaa,  0xa5,  0xd1,  0xb4,
  0x21,  0x65,  0x20,  0x75,  0x8e,  0x9f,  0x0a,  0x83,  0x80,  0x0a,  0xea,  0xd9,  0x44,  0xf3,  0x08,  0xdd,
  0x3f,  0x2a,  0xb0,  0xf7,  0x4a,  0xea,  0x18,  0xe5,  0x90,  0xb1,  0xde,  0x83,  0x8f,  0x39,  0xa9,  0x78,
  0xf0,  0x9a,  0xbe,  0x61,  0xe8,  0x36,  0xbc,  0x56,  0x85,  0x93,  0xe8,  0x69,  0xe8,  0x74,  0xfa,  0x95,
  0xb9,  0xd1,  0xf1,  0x80,  0x01,  0xbe,  0x71,  0x88,  0xe4,  0xf9,  0xb7,  0x5a,  0x93,  0x8f,  0x6f,  0x68,
  0x42,  0x49,  0x92,  0xd1,  0x13,  0xd7,  0xad,  0x56,  0xc8,  0x62,  0x74,  0xab,  0x73,  0x10,  0x2e,  0x1d,
  0x83,  0xa7,  0xf9,  0xbc,  0x69,  0x2d,  0xbb,  0x6c,  0x5a,  0x2a,  0x41,  0x63,  0x77,  0x89,  0xf1,  0xeb,
  0x51,  0x8b,  0xa2,  0xa0,  0x05,  0xf0,  0xa7,  0xe4,  0x77,  0xd0,  0xa2,  0x91,  0xb9,  0xfb,  0xfb,  0x8f,
  0x12,  0x83,  0xe1,  0x5e,  0x81,  0xfd,  0xf3,  0x73,  0x67,  0x78,  0x04,  0x59,  0x1f,  0xca,  0xd3,  0x59,
  0xb2,  0xe0,  0x5b,  0xbc,  0x81,  0x84,  0xb1,  0x63,  0x1e,  0x3e,  0xad,  0x15,  0xd0,  0x7e,  0xd9,  0xc8,
  0x12,  0x16,  0x2d,  0xaf,  0x2b,  0xd3,  0xd4,  0x6a,  0xa3,  0xcb,  0x0e,  0x88,  0xfb,  0x39,  0x41,  0xd5,
  0x2e,  0x48,  0x23,  0xbc,  0x92,  0x0f,  0x4f,  0x0a,  0x5f,  0x4e,  0x47,  0x50,  0xeb,  0xb8,  0x14,  0x19,
  0x44,  0x80,  0x47,  0x8c,  0x37,  0x3f,  0x75,  0x31,  0x96,  0x76,  0xea,  0x17,  0xd8,  0x9d,  0xdb,  0x59,
  0x04,  0xf8,  0xf4,  0x15,  0x9c,  0x78,  0x17,  0xb2,  0x36,  0xac,  0x7c,  0xe1,  0x71,  0xde,  0xf6,  0x5c,
  0xa0,  0xb7,  0x4c,  0x86,  0xae,  0x3e,  0xdc,  0x6b,  0xfc,  0xb4,  0x14,  0x88,  0x07,  0xac,  0x9a,  0x0e,
  0x7a,  0x0b,  0x9a,  0x86,  0x18,  0xde,  0xc4,  0xae,  0x32,  0x92,  0x58,  0x49,  0x90,  0xae,  0x62,  0x8d,
  0x7a,  0x06,  0x16,  0x41,  0x00,  0x0f,  0x99,  0xfc,  0xc7,  0x85,  0x0e,  0xeb,  0x6f,  0xd4,  0xb1,  0x18,
  0x83,  0x71,  0xcd,  0xb5,  0x52,  0x00,  0xe7,  0x94,  0x7f,  0xd2,  0x95,  0x73,  0x0e,  0x82,  0x59,  0x17,
  0x48,  0xd0,  0x6e,  0xc1,  0x00,  0x1b,  0xec,  0x63,  0xc7,  0xab,  0x56,  0x6f,  0x39,  0x6d,  0x0b,  0x18,
  0x03,  0x3b,  0x48,  0xeb,  0xfc,  0x2f,  0x5f,  0x66,  0x80,  0x3d,  0x1e,  0xba,  0xdc,  0xc8,  0xbe,  0xfc,
  0xfd,  0x62,  0xb3,  0x79,  0x81,  0xd0,  0xf1,  0xcf,  0x56,  0x00,  0xf4,  0xe9,  0x1b,  0x1f,  0xef,  0xaa,
  0xac,  0x77,  0x10,  0x36,  0x79,  0x1f,  0x2c,  0xc4,  0x40,  0xdb,  0x8a,  0xd8,  0x2c,  0x40,  0x11,  0x12,
  0xbf,  0xa5,  0x4d,  0xd2,  0x5c,  0x5b,  0xb7,  0x7d,  0xb6,  0xee,  0xf1,  0x8f,  0xac,  0x55,  0x3c,  0xd0,
  0x06,  0xab,  0x8f,  0xc0,  0xff,  0x00,  0x65,  0x1d,  0x3c,  0x7b,  0x86,  0x94,  0xf4,  0x7e,  0xc0,  0xbc,
  0xb9,  0x0a,  0xe4,  0x85,  0xd8,  0xcd,  0x23,  0xd9,  0x14,  0x53,  0xa4,  0x3e,  0x0c,  0xb7,  0x8a,  0xf8,
  0x37,  0x85,  0x9d,  0x32,  0xe4,  0x31,  0x30,  0x37,  0x15,  0x0c,  0x78,  0xe3,  0xee,  0xe6,  0x8f,  0x75,
  0x94,  0x69,  0xf8,  0x3c,  0x15,  0x82,  0xaa,  0x64,  0xf8,  0xed,  0x5a,  0x9a,  0xae,  0x1e,  0xc5,  0xf0,
  0xd7,  0x37,  0x80,  0x00,  0x81,  0xf7,  0x53,  0x5a,  0x8d,  0xee,  0xcf,  0x4d,  0xc3,  0x07,  0x8e,  0xfa,
  0xf1,  0xd1,  0xba,  0x01,  0xd6,  0xa2,  0xd5,  0xca,  0xcd,  0xd8,  0x2f,  0xa4,  0x4e,  0x1b,  0x0a,  0xd3,
  0x8e,  0x21,  0xae,  0x09,  0xf0,  0x1d,  0xe3,  0x4b,  0x69,  0x77,  0x7f,  0xbb,  0x2e,  0xf2,  0x40,  0x00,
  0x41,  0x8e,  0x27,  0x75,  0x17,  0x5c,  0xba,  0xaf,  0xa0,  0xda,  0x75,  0xf1,  0xbb,  0x72,  0x7c,  0x87,
  0x7a,  0x92,  0xd3,  0xee,  0xff,  0x00,  0x73,  0xdc,  0x5d,  0xc0,  0x16,  0x2b,  0x02,  0x3d,  0xa7,  0xf4,
  0xa3,  0x15,  0xe8,  0xee,  0x26,  0xa1,  0x31,  0x6d,  0x16,  0x79,  0x11,  0x24,  0x08,  0x69,  0xf6,  0x9a,
  0x06,  0x05,  0xe0,  0xfd,  0x99,  0x52,  0x59,  0xce,  0x40,  0x1d,  0x63,  0x8e,  0xb4,  0xc6,  0x3b,  0x1b,
  0x18,  0xae,  0xc4,  0x41,  0x1b,  0x79,  0x23,  0x81,  0xd4,  0xd2,  0x1a,  0x62,  0xa9,  0x55,  0x68,  0x1b,
  0x90,  0x96,  0x9f,  0x13,  0xc1,  0x3f,  0x95,  0x3a,  0xc3,  0x0c,  0x4a,  0xa3,  0x20,  0x5a,  0x7c,  0x7b,
  0xa8,  0xa3,  0x71,  0xc8,  0x6e,  0x01,  0xfd,  0xe1,  0x5b,  0x82,  0x99,  0x37,  0x09,  0x6d,  0xe5,  0x81,
  0x2c,  0x63,  0x90,  0x0d,  0xb3,  0xc7,  0xde,  0x29,  0x24,  0x05,  0x30,  0xb0,  0x6e,  0x48,  0x27,  0xb4,
  0x66,  0x3e,  0x62,  0x18,  0x53,  0xb9,  0x20,  0x6f,  0x4b,  0x8d,  0xc0,  0x36,  0x55,  0x60,  0xf5,  0x27,
  0xb3,  0x58,  0x3f,  0x7d,  0x23,  0x46,  0x5a,  0x9c,  0xf6,  0x4a,  0xee,  0x7b,  0xbc,  0x70,  0x15,  0x87,
  0xdd,  0x57,  0x75,  0x36,  0x0b,  0xaa,  0xe7,  0x1b,  0x60,  0xa2,  0x76,  0x9c,  0x24,  0x47,  0x00,  0x8f,
  0x0a,  0x89,  0x70,  0x29,  0xed,  0xcc,  0x09,  0x05,  0x85,  0x54,  0xca,  0x76,  0xc9,  0xca,  0xbb,  0x75,
  0x98,  0xcb,  0xbc,  0xc1,  0x1e,  0x3c,  0x55,  0x65,  0x95,  0xe7,  0x20,  0x47,  0x23,  0x9c,  0x5b,  0xf4,
  0x87,  0x1d,  0x59,  0x54,  0xc2,  0x16,  0x22,  0x3a,  0x8d,  0xdf,  0x15,  0x35,  0x2e,  0xdd,  0xc8,  0xd5,
  0x6c,  0x00,  0x36,  0x02,  0xfe,  0x7e,  0x5c,  0x55,  0x5c,  0xb1,  0xf2,  0x7f,  0x4a,  0xac,  0x81,  0x12,
  0xb6,  0x54,  0x48,  0xfe,  0x26,  0xa9,  0x8b,  0x07,  0x39,  0x1e,  0x47,  0xac,  0x08,  0xf3,  0x9e,  0xa6,
  0xa7,  0x1f,  0xd0,  0xcb,  0x50,  0xe9,  0x36,  0xf2,  0x71,  0xcf,  0x3c,  0xde,  0x5e,  0xf1,  0x12,  0x7a,
  0x98,  0xa6,  0x2d,  0x5a,  0x7f,  0x92,  0xbb,  0xf5,  0x9b,  0xac,  0x60,  0xf5,  0xe9,  0x40,  0x37,  0x10,
  0x66,  0xe2,  0xed,  0x25,  0x80,  0xbe,  0x80,  0x89,  0x98,  0x82,  0x6a,  0xae,  0x40,  0x07,  0x4f,  0xb4,
  0xc8,  0xa0,  0x83,  0xe2,  0x29,  0x64,  0xe9,  0x41,  0x56,  0xa2,  0x3e,  0x8f,  0x1d,  0xc7,  0x18,  0x74,
  0x1d,  0xa2,  0x89,  0xa9,  0x99,  0xac,  0x3e,  0x41,  0x86,  0x93,  0x31,  0x97,  0xc9,  0x5e,  0x00,  0x15,
  0x4b,  0xd1,  0xa2,  0x7b,  0x4b,  0x50,  0x01,  0x3d,  0xb2,  0x88,  0x26,  0xa4,  0x64,  0xa1,  0x18,  0x98,
  0x2e,  0x27,  0x69,  0xc8,  0x31,  0xe5,  0xe0,  0x69,  0xe3,  0xbe,  0xfc,  0xe6,  0x6d,  0x0a,  0xda,  0xfa,
  0x95,  0xd2,  0x72,  0xd8,  0x91,  0xc0,  0xb3,  0x00,  0x78,  0xfa,  0xc2,  0xa1,  0x69,  0x60,  0xa6,  0x9c,
  0xca,  0x53,  0x71,  0x5b,  0xab,  0xdd,  0xf6,  0xf3,  0x57,  0x35,  0x9b,  0x6b,  0x7f,  0x09,  0xad,  0x37,
  0xd3,  0xb9,  0x69,  0x77,  0x0f,  0x6b,  0xb0,  0xe3,  0xed,  0xa4,  0x8d,  0x95,  0xc7,  0x7c,  0xab,  0x68,
  0x42,  0xed,  0xbc,  0xa0,  0x71,  0x46,  0x0e,  0x91,  0xa7,  0x9a,  0x02,  0x5b,  0xc3,  0x17,  0x2e,  0x7f,
  0x79,  0xd9,  0x58,  0x85,  0x56,  0x53,  0x3e,  0x03,  0x9f,  0x1a,  0x9e,  0xa9,  0xbb,  0x54,  0xce,  0xdc,
  0x3a,  0x87,  0x91,  0xe7,  0xcd,  0x3d,  0x9a,  0xa2,  0xd6,  0xa2,  0xca,  0x0f,  0x3b,  0xd6,  0x07,  0x5e,
  0x38,  0x34,  0x89,  0x42,  0xb9,  0xb9,  0x1b,  0x87,  0x81,  0xe3,  0xa4,  0x73,  0x46,  0x38,  0xec,  0x19,
  0x68,  0x74,  0x27,  0x73,  0x68,  0xc6,  0x18,  0xac,  0x5e,  0x1d,  0x14,  0x18,  0x12,  0xde,  0x1f,  0x51,
  0xac,  0x64,  0x5b,  0x16,  0xda,  0xc1,  0x33,  0xb4,  0x19,  0x88,  0xad,  0x61,  0xb2,  0x1d,  0x34,  0x84,
  0x32,  0xdd,  0xb2,  0x4f,  0x7b,  0xc6,  0x5a,  0x87,  0x75,  0x8d,  0xcb,  0x96,  0xc1,  0x23,  0x6a,  0x23,
  0x99,  0x3e,  0xcf,  0x2a,  0xe7,  0xd5,  0x83,  0x41,  0x2b,  0x4a,  0x8e,  0x99,  0x2b,  0xba,  0x5c,  0x78,
  0x11,  0xd0,  0x11,  0xfa,  0x1f,  0xb2,  0x9b,  0x60,  0x2e,  0x6b,  0x05,  0x55,  0x76,  0xcd,  0x84,  0x5e,
  0x38,  0xe6,  0x1c,  0x4d,  0x25,  0x8c,  0x37,  0x67,  0x67,  0x24,  0x02,  0x0a,  0x28,  0x9e,  0xa7,  0xe9,
  0x44,  0x55,  0x44,  0x21,  0xbd,  0x25,  0xba,  0x39,  0x81,  0x6e,  0xd8,  0x91,  0xee,  0x6f,  0x8d,  0x52,
  0x56,  0xaf,  0x4f,  0xe0,  0x74,  0x10,  0x76,  0xdd,  0xaa,  0x64,  0xcc,  0x1f,  0x9c,  0x41,  0xf5,  0xc0,
  0x15,  0x8b,  0x25,  0x7b,  0xdd,  0x08,  0x20,  0x90,  0x63,  0xf8,  0xe7,  0xf1,  0xac,  0x31,  0xdd,  0xaa,
  0x65,  0x00,  0x7e,  0x9a,  0x19,  0x8f,  0x77,  0x80,  0xaf,  0x2d,  0x31,  0x12,  0x08,  0x1c,  0xc9,  0x51,
  0xe2,  0x07,  0x7a,  0x9a,  0x96,  0x34,  0x47,  0xee,  0x80,  0x70,  0xef,  0x12,  0x39,  0x16,  0xb8,  0x31,
  0xe6,  0x62,  0xb2,  0x12,  0x35,  0x7c,  0x5d,  0x8a,  0xc3,  0x76,  0xd0,  0x02,  0xb0,  0xff,  0x00,  0xe3,
  0x7f,  0x1a,  0x19,  0xe2,  0xd5,  0xd1,  0xbb,  0xbf,  0xd8,  0x8e,  0x9e,  0x53,  0xcd,  0x1d,  0x5c,  0x3e,
  0xaf,  0x86,  0xd6,  0xd4,  0x37,  0xce,  0xac,  0x28,  0xf3,  0xd8,  0xdc,  0x52,  0x61,  0x3e,  0xe1,  0x25,
  0xea,  0xd6,  0xca,  0x7a,  0x3a,  0x42,  0xf2,  0x0d,  0xf7,  0x10,  0x0f,  0x27,  0x91,  0x1c,  0x57,  0xae,
  0xcc,  0xfe,  0x8d,  0xe3,  0x8f,  0x05,  0xdc,  0x7e,  0xad,  0x8d,  0xf1,  0xad,  0x66,  0xdd,  0xed,  0x34,
  0xeb,  0x00,  0x4b,  0x06,  0xcd,  0x66,  0x3e,  0xee,  0xe9,  0xaf,  0x72,  0x02,  0x2f,  0xa3,  0x8a,  0x57,
  0xba,  0xaa,  0xec,  0x80,  0x1e,  0xbc,  0x2b,  0x0e,  0x7c,  0xfa,  0x55,  0x56,  0x12,  0xf7,  0x13,  0x98,
  0x5d,  0x45,  0x10,  0x6b,  0xb6,  0xc0,  0x27,  0x6f,  0xc9,  0x87,  0x3f,  0xca,  0xd4,  0xb6,  0x8c,  0xc2,
  0xce,  0x2e,  0x5d,  0xc3,  0xeb,  0x0b,  0x4c,  0x66,  0x63,  0xcb,  0xc6,  0x8b,  0x90,  0x7b,  0x7d,  0x69,
  0x99,  0x4e,  0xef,  0x9b,  0x50,  0x23,  0x8f,  0xf7,  0x7c,  0x56,  0xb4,  0x5b,  0x41,  0xf0,  0xf3,  0xc1,
  0x53,  0xc5,  0x97,  0x55,  0x93,  0xc7,  0x41,  0x43,  0x11,  0xbf,  0xb1,  0x96,  0x40,  0x63,  0x5d,  0x3f,
  0x27,  0xbe,  0xc0,  0x0e,  0xf1,  0x00,  0xb9,  0xa7,  0xb5,  0xdd,  0xa9,  0xa6,  0x61,  0x80,  0x14,  0x36,
  0xe9,  0x30,  0x3d,  0xf5,  0x39,  0x37,  0x8c,  0x1b,  0xce,  0xca,  0x7b,  0xb7,  0x55,  0x79,  0xf3,  0xe6,
  0xad,  0xfa,  0x4c,  0xa8,  0x34,  0xdc,  0x65,  0x00,  0xab,  0x5b,  0x1c,  0xcf,  0x11,  0xc9,  0xa1,  0x2b,
  0x4d,  0x75,  0x29,  0x2c,  0x08,  0xea,  0xe4,  0xb7,  0xa3,  0x8a,  0x7a,  0x91,  0x75,  0xe4,  0xff,  0x00,
  0x30,  0xa5,  0xb4,  0xc7,  0xfe,  0xeb,  0x2a,  0x20,  0x92,  0xc9,  0xc7,  0xd6,  0x68,  0xda,  0x92,  0xbb,
  0x7a,  0x2f,  0xbb,  0x71,  0x2a,  0x2e,  0x9e,  0x3d,  0xe7,  0xf4,  0xa0,  0xe8,  0xf2,  0x70,  0x12,  0x14,
  0x6e,  0x2e,  0x91,  0xc4,  0x93,  0xeb,  0x7c,  0x28,  0xad,  0xc7,  0xd4,  0x9e,  0xa3,  0x8c,  0x91,  0x86,
  0xe0,  0xaf,  0x78,  0x20,  0x6e,  0x39,  0x1e,  0xac,  0xf3,  0xf6,  0xd4,  0xdc,  0x32,  0x71,  0x70,  0x8d,
  0xc2,  0xb2,  0xcd,  0x23,  0x99,  0xe2,  0x44,  0x4f,  0xdf,  0x4f,  0x31,  0x6d,  0x99,  0x67,  0xba,  0x76,
  0x5a,  0xe9,  0xfc,  0x80,  0x71,  0x58,  0x16,  0x4f,  0xc9,  0xb1,  0xc1,  0xe7,  0x6d,  0xb6,  0x63,  0xed,
  0x8a,  0xc9,  0xd1,  0x5c,  0x78,  0xe4,  0x32,  0xa1,  0x4d,  0x27,  0x1a,  0x42,  0xb3,  0x6e,  0x62,  0x7d,
  0x80,  0x91,  0xcf,  0xba,  0x98,  0xbf,  0x78,  0x64,  0x2d,  0xae,  0xee,  0xd2,  0xb6,  0xed,  0x80,  0x67,
  0xc7,  0xb3,  0x41,  0x5f,  0x25,  0xa3,  0x77,  0x48,  0xb6,  0xeb,  0x21,  0x55,  0x64,  0xed,  0xf3,  0x91,
  0x59,  0xcf,  0x04,  0x5b,  0x46,  0x3d,  0x15,  0x2d,  0x7a,  0xdd,  0x47,  0x72,  0xdf,  0x85,  0x4f,  0x2c,
  0x2b,  0x2c,  0xe7,  0xdc,  0x9d,  0x99,  0x87,  0xa9,  0xdc,  0x41,  0xfb,  0x4d,  0x5c,  0x75,  0x1d,  0xb5,
  0x86,  0x03,  0x83,  0x70,  0xf2,  0x3c,  0x60,  0x57,  0x39,  0x71,  0xc1,  0xb3,  0x9a,  0x47,  0x3f,  0x39,
  0xcf,  0xdf,  0x5d,  0x6e,  0x66,  0x20,  0xb5,  0xf2,  0x56,  0x90,  0xee,  0xac,  0xea,  0x79,  0xf2,  0x1c,
  0x1a,  0xae,  0xd2,  0xd4,  0xf3,  0x41,  0x61,  0x90,  0x5a,  0xa9,  0xd9,  0xe9,  0x26,  0x3e,  0xd8,  0x7f,
  0x9a,  0x5e,  0x3f,  0x9d,  0xe9,  0x3d,  0x3e,  0xca,  0xe4,  0x5a,  0x6b,  0xcd,  0xd4,  0x5c,  0x81,  0xec,
  0x30,  0x69,  0xfd,  0x45,  0x15,  0x35,  0xfc,  0x70,  0xa0,  0x92,  0xb6,  0x47,  0x04,  0x44,  0x77,  0xdc,
  0xd0,  0xf4,  0x10,  0x97,  0x74,  0x6b,  0xa5,  0x89,  0xe2,  0xe1,  0x6e,  0xef,  0x3e,  0x07,  0x8a,  0x95,
  0x69,  0x0a,  0xf4,  0x19,  0x65,  0x82,  0xc8,  0x46,  0xed,  0xac,  0x85,  0x01,  0x5c,  0x64,  0x03,  0x23,
  0x92,  0x79,  0xeb,  0x54,  0x5c,  0x9f,  0xd9,  0x36,  0x98,  0x00,  0x61,  0xca,  0x13,  0xe2,  0x38,  0x9a,
  0xc6,  0x7d,  0x81,  0xf2,  0xce,  0xf4,  0x4a,  0x5e,  0x1c,  0x86,  0x8e,  0x49,  0xad,  0xe5,  0x2c,  0x69,
  0x0a,  0xa1,  0xbd,  0x5b,  0xbc,  0x92,  0x78,  0xe9,  0x48,  0xdd,  0x68,  0x2a,  0x12,  0xf4,  0x46,  0xd0,
  0xbf,  0x96,  0xaa,  0xcb,  0xb8,  0x76,  0x87,  0xee,  0x5a,  0x9f,  0x98,  0xbd,  0x96,  0x89,  0x69,  0x87,
  0x21,  0x6e,  0x48,  0xf7,  0xf7,  0x6a,  0x97,  0xa1,  0x93,  0xf2,  0xc8,  0x0c,  0x13,  0xe7,  0x1b,  0x92,
  0x3d,  0x82,  0xa4,  0xdd,  0xdc,  0xfa,  0x04,  0x36,  0xee,  0xed,  0xc1,  0x12,  0x7a,  0xce,  0xdf,  0x0f,
  0xaa,  0xac,  0xbe,  0xe3,  0xed,  0xfb,  0x36,  0x83,  0x99,  0x28,  0xb7,  0xae,  0x5a,  0x45,  0x6e,  0x5b,
  0x26,  0xd2,  0x80,  0x07,  0x3e,  0xbd,  0x6a,  0xf0,  0x37,  0x75,  0x0d,  0x4b,  0x77,  0x25,  0xb2,  0xa0,
  0x98,  0xf6,  0xd7,  0x97,  0xd4,  0x5a,  0xca,  0xb2,  0xc4,  0xf4,  0xcd,  0xb4,  0x4c,  0x74,  0xf5,  0x87,
  0x49,  0xad,  0xb0,  0x4b,  0x87,  0x51,  0x22,  0x60,  0xe4,  0x98,  0x63,  0xe3,  0xde,  0xf3,  0xa1,  0xa0,
  0x1e,  0x41,  0xea,  0x68,  0x6d,  0x6b,  0x4a,  0x0f,  0x1b,  0x91,  0x1a,  0x0f,  0x5f,  0x0f,  0x85,  0x2a,
  0xeb,  0xbb,  0x33,  0x28,  0xee,  0xe0,  0x86,  0xff,  0x00,  0xaa,  0x9b,  0xd5,  0xa4,  0xea,  0x18,  0xa4,
  0xcf,  0x79,  0x50,  0x6e,  0x3c,  0xcf,  0x78,  0xd2,  0xd7,  0x97,  0x67,  0x6d,  0xe0,  0x08,  0x65,  0xe1,
  0x7d,  0xa6,  0x9a,  0x38,  0x41,  0x65,  0x6c,  0x16,  0x55,  0xb4,  0xe8,  0xaa,  0x49,  0x67,  0xb7,  0xc8,
  0x07,  0xf7,  0xfc,  0x6b,  0x36,  0xc2,  0xb1,  0x7f,  0x5b,  0x8b,  0x17,  0x4c,  0x0e,  0x9d,  0x0d,  0x2f,
  0x87,  0x75,  0x9b,  0x2d,  0x6c,  0xa3,  0x0d,  0xcc,  0xe8,  0x44,  0x8f,  0x22,  0xdf,  0x1a,  0x6e,  0xc8,
  0x6b,  0x76,  0xf2,  0x11,  0x40,  0xee,  0xd9,  0xbb,  0xb8,  0xfb,  0x36,  0xb4,  0xd4,  0x9a,  0xa3,  0x60,
  0x27,  0xe0,  0xdc,  0x54,  0xd4,  0xf5,  0x21,  0xb4,  0xb3,  0x6c,  0x05,  0x60,  0x71,  0xc1,  0x8f,  0xce,
  0xa8,  0x8b,  0xac,  0x3d,  0x2a,  0xcc,  0x2e,  0xa0,  0x30,  0x5b,  0x72,  0x3c,  0xb8,  0x35,  0x3f,  0x4f,
  0xb4,  0x5b,  0x58,  0xd4,  0x05,  0xb0,  0x19,  0xbb,  0x32,  0x00,  0x3f,  0xc4,  0x3a,  0x55,  0x07,  0x49,
  0xf4,  0xb7,  0x30,  0x34,  0x12,  0x11,  0x24,  0x01,  0xc7,  0x14,  0x65,  0x97,  0xd3,  0xf8,  0x62,  0x35,
  0x9d,  0xe3,  0x55,  0xbc,  0xca,  0x7b,  0xc5,  0x90,  0x83,  0xd7,  0x99,  0x5a,  0x30,  0x5d,  0x81,  0x07,
  0x46,  0x60,  0x49,  0x8f,  0x1f,  0x5c,  0x50,  0x9c,  0x76,  0x7a,  0x89,  0x3e,  0x6d,  0x6b,  0xc3,  0xda,
  0xbe,  0x14,  0xcd,  0xf5,  0xdb,  0x7e,  0xde,  0xde,  0xa7,  0x7f,  0x87,  0x41,  0xba,  0xed,  0x51,  0x85,
  0x1f,  0x1b,  0x8d,  0xd9,  0xe4,  0x2f,  0x3c,  0xd9,  0x00,  0x7d,  0xb3,  0x4e,  0xda,  0x2c,  0xfa,  0xc6,
  0x1b,  0xdb,  0x5d,  0x9f,  0xda,  0xd5,  0x42,  0xb1,  0x80,  0x3b,  0xa6,  0x6a,  0x71,  0x00,  0x5c,  0x70,
  0x40,  0x70,  0x12,  0x07,  0x3c,  0xcc,  0x1a,  0x73,  0x0f,  0x23,  0xfb,  0xc7,  0x11,  0xe4,  0x37,  0xf6,
  0xd2,  0xdd,  0xde,  0xbe,  0xa9,  0xf8,  0x52,  0x35,  0x60,  0xa2,  0x5d,  0xe1,  0xbb,  0x1f,  0x11,  0x41,
  0x3c,  0x64,  0x12,  0x47,  0x4f,  0x01,  0x35,  0xf6,  0x56,  0xf4,  0xf4,  0x7e,  0x25,  0x8d,  0xb6,  0xbc,
  0xfd,  0x4f,  0x00,  0xc3,  0x71,  0x58,  0x40,  0xce,  0xf6,  0x40,  0x1b,  0xb6,  0xdc,  0x66,  0x31,  0xfc,
  0x14,  0x6c,  0xd2,  0xc7,  0xd1,  0xc5,  0x5d,  0x90,  0xbf,  0x28,  0x73,  0xbb,  0xcc,  0xc3,  0x7f,  0x5f,
  0x55,  0x57,  0x92,  0x26,  0x0b,  0x0b,  0x20,  0xe7,  0xdf,  0x17,  0xd7,  0x8d,  0xc0,  0x28,  0x9e,  0x0f,
  0x16,  0xc2,  0xfe,  0x55,  0x6b,  0xd1,  0x85,  0x57,  0x4c,  0xa5,  0xdd,  0x0c,  0x11,  0xce,  0xd3,  0xee,
  0x1d,  0x3e,  0xca,  0x87,  0xa3,  0x5a,  0x0b,  0x85,  0x64,  0xb0,  0x90,  0x5c,  0xc0,  0xae,  0x87,  0xd1,
  0x9b,  0x5f,  0x3f,  0x7e,  0x07,  0x50,  0xf3,  0xc7,  0x90,  0x1e,  0xd1,  0x53,  0xda,  0xd1,  0x26,  0x90,
  0x51,  0x16,  0xec,  0x1c,  0x7b,  0x84,  0x02,  0xce,  0xd7,  0x39,  0x04,  0xfb,  0xfc,  0x2a,  0xbf,  0xa4,
  0x40,  0x3e,  0x3b,  0xc8,  0xef,  0x22,  0x11,  0xeb,  0x49,  0xf5,  0x8d,  0x4c,  0x45,  0x63,  0x8a,  0x48,
  0x20,  0x29,  0xbb,  0x1e,  0x72,  0x64,  0xd5,  0x1d,  0x5d,  0x8d,  0xdc,  0x2c,  0xa6,  0xef,  0x0d,  0xb6,
  0x98,  0x73,  0xe7,  0xbd,  0xa8,  0x4b,  0x79,  0x14,  0x90,  0x86,  0xa4,  0x96,  0xcf,  0xa2,  0xc4,  0x80,
  0x43,  0x0b,  0x9c,  0xc7,  0x49,  0xeb,  0xcd,  0x63,  0x43,  0x91,  0xa7,  0x63,  0xf8,  0x83,  0x7a,  0xd9,
  0xfb,  0x9e,  0xb5,  0xab,  0x77,  0x7d,  0x1a,  0x75,  0xdb,  0x04,  0x5c,  0x1c,  0x83,  0xd7,  0xbb,  0xfa,
  0xd7,  0xbe,  0x8f,  0xdb,  0x37,  0x74,  0xbc,  0x5e,  0x40,  0x1d,  0xb5,  0xb9,  0x58,  0x99,  0xf5,  0xa9,
  0xf8,  0x1f,  0x52,  0x5a,  0x87,  0xc8,  0xb5,  0xb9,  0x73,  0xdd,  0x7b,  0xab,  0xb5,  0x01,  0x9f,  0x38,
  0x00,  0xfe,  0x34,  0xc5,  0xa4,  0x28,  0x98,  0xfc,  0xa1,  0x1d,  0x8d,  0xd1,  0xcf,  0x41,  0xc1,  0xaf,
  0x32,  0x10,  0xae,  0x15,  0xfe,  0x0c,  0x35,  0xd5,  0x04,  0x9f,  0x10,  0x36,  0x93,  0x43,  0x4b,  0x8c,
  0xc2,  0xd9,  0x10,  0xc7,  0xb1,  0xb9,  0xd7,  0xa1,  0x10,  0x6a,  0x59,  0x5e,  0x72,  0x2b,  0x1b,  0x34,
  0x17,  0x09,  0x05,  0xed,  0x1b,  0x6f,  0x2b,  0xd9,  0x47,  0x3d,  0x3a,  0xed,  0xfc,  0xeb,  0xed,  0x4f,
  0xe6,  0xb1,  0x24,  0xc9,  0x56,  0xd9,  0x3f,  0xe8,  0x4e,  0x9e,  0xca,  0xc6,  0x86,  0xa5,  0x92,  0xf5,
  0x96,  0x68,  0xb8,  0x14,  0x1e,  0x44,  0x8e,  0xa3,  0xe1,  0x5e,  0xea,  0x5c,  0xe2,  0x5e,  0x0e,  0x27,
  0x6d,  0xd4,  0x4e,  0xb3,  0xc4,  0x01,  0xf9,  0x56,  0xe3,  0xa1,  0xb9,  0x9c,  0xaa,  0x43,  0xa6,  0x5a,
  0xb7,  0x46,  0xbc,  0xa0,  0xc7,  0x94,  0x9a,  0xed,  0x32,  0x2e,  0xad,  0xcb,  0x96,  0x85,  0xb8,  0x1f,
  0x3a,  0xc7,  0xa4,  0x75,  0x52,  0x6b,  0x8e,  0xd3,  0xc0,  0x6b,  0xee,  0xa4,  0x4c,  0xe4,  0x5a,  0x10,
  0x4f,  0xef,  0x57,  0x54,  0xc0,  0x39,  0xc7,  0x63,  0x08,  0x52,  0xe3,  0x12,  0x24,  0x0e,  0xa3,  0xc3,
  0xef,  0xab,  0x6d,  0x72,  0xbc,  0xd0,  0x4d,  0x99,  0xe6,  0xa0,  0x45,  0xcf,  0x48,  0x90,  0x82,  0x77,
  0x2d,  0xa5,  0x90,  0x0f,  0x8c,  0xb1,  0xe3,  0xa7,  0x9d,  0x2f,  0xe8,  0xc1,  0x2b,  0x81,  0x94,  0xa1,
  0x37,  0xf9,  0xf4,  0xe2,  0x67,  0xee,  0xa6,  0x2f,  0x5b,  0x56,  0xf4,  0xa8,  0x2a,  0x98,  0x95,  0xb7,
  0x31,  0xfc,  0x35,  0xef,  0xa3,  0x56,  0x94,  0x62,  0xe4,  0xab,  0x06,  0x8e,  0xce,  0x76,  0xfb,  0x83,
  0x7c,  0x2a,  0x2d,  0xd2,  0x1f,  0x03,  0xac,  0xb6,  0x17,  0x35,  0xb6,  0x65,  0x5e,  0x10,  0xc0,  0x0b,
  0xa8,  0x42,  0xf0,  0x7c,  0x7e,  0xea,  0xce,  0x4a,  0x9f,  0xd9,  0x4e,  0x3a,  0x05,  0xbc,  0x47,  0x42,
  0x47,  0x43,  0xe3,  0x45,  0xcb,  0x06,  0xd8,  0xde,  0xc0,  0xb8,  0x37,  0xc7,  0x5f,  0xe2,  0x1f,  0x1a,
  0xf7,  0x38,  0x6d,  0xf4,  0x7e,  0xf9,  0x30,  0x59,  0xb2,  0x1a,  0x78,  0xe8,  0x60,  0xd2,  0x27,  0x81,
  0x05,  0xbd,  0x08,  0x0d,  0x73,  0x32,  0xe2,  0xae,  0xd3,  0x0b,  0x71,  0xb9,  0x1c,  0xf8,  0x74,  0xa9,
  0x79,  0xf6,  0x2e,  0x37,  0xa3,  0xd7,  0x1c,  0x2b,  0x6d,  0x57,  0x59,  0x93,  0xd3,  0x81,  0xcf,  0xde,
  0x2a,  0xc7,  0xfe,  0x1f,  0xaa,  0x9d,  0x43,  0x2c,  0x3c,  0x15,  0x16,  0x9c,  0x40,  0x1e,  0x32,  0x29,
  0x3c,  0xd4,  0x3f,  0xb0,  0x2f,  0xa8,  0x1d,  0xd3,  0x70,  0x0f,  0x31,  0xf4,  0x3c,  0x6a,  0x89,  0xd3,
  0x6a,  0xfb,  0x0c,  0xaf,  0x11,  0x4d,  0x42,  0xe8,  0xb9,  0x91,  0x6c,  0x81,  0x01,  0xf2,  0x6d,  0xb0,
  0x55,  0xe2,  0x39,  0x14,  0xda,  0xa9,  0xb9,  0x63,  0x51,  0x00,  0x10,  0x7e,  0x50,  0xc7,  0xc8,  0xf5,
  0x1c,  0x52,  0x1a,  0x81,  0x61,  0x9f,  0x6b,  0x68,  0x2c,  0x7b,  0x54,  0x6d,  0xa0,  0x73,  0xd2,  0x7f,
  0x2a,  0xa3,  0x8d,  0x6c,  0xdd,  0x4c,  0xe6,  0x90,  0xaa,  0x32,  0x2e,  0x0d,  0xa7,  0xce,  0x7a,  0xfd,
  0xd4,  0xee,  0xc9,  0x0a,  0xf2,  0x2b,  0x9a,  0xc5,  0xf2,  0x31,  0xbe,  0x8b,  0x2a,  0xc9,  0x8f,  0x63,
  0xf8,  0x50,  0xef,  0xc8,  0x5b,  0x9d,  0xe0,  0x4f,  0x7c,  0xfe,  0x35,  0xee,  0x7b,  0x31,  0xce,  0xb3,
  0xb4,  0xc2,  0xf0,  0x07,  0x8f,  0x8f,  0x4f,  0xc6,  0xbd,  0xcc,  0x5d,  0xab,  0x73,  0xc3,  0xba,  0xe0,
  0xfd,  0xb4,  0x56,  0x81,  0x78,  0x3d,  0x1f,  0x35,  0x9b,  0x6d,  0xc2,  0xc3,  0x06,  0x42,  0x08,  0x3e,
  0xd3,  0x5d,  0x10,  0xb6,  0x99,  0x3a,  0x69,  0xbe,  0xa0,  0x33,  0x36,  0x3d,  0xc0,  0x42,  0x91,  0xc4,
  0x2f,  0xb3,  0xdb,  0x35,  0xce,  0xdc,  0x61,  0xda,  0x5a,  0xe4,  0x93,  0xdd,  0x2d,  0x3e,  0x30,  0xf5,
  0x47,  0x0b,  0x27,  0xe4,  0x56,  0xef,  0x96,  0x84,  0xb7,  0x75,  0x09,  0x1c,  0xfe,  0xe9,  0x9f,  0xb8,
  0xd4,  0xa6,  0x9b,  0x56,  0x34,  0x55,  0x6a,  0x29,  0xa3,  0x17,  0x1e,  0x91,  0xe5,  0x80,  0x4a,  0xf6,
  0x96,  0x98,  0xf1,  0xe1,  0xdf,  0x58,  0x9f,  0xeb,  0xc6,  0x8f,  0x75,  0xc2,  0xfa,  0x5f,  0x98,  0x50,
  0x6f,  0xdc,  0x24,  0x41,  0x81,  0x5e,  0x62,  0x2a,  0x5b,  0xf4,  0x93,  0x28,  0x03,  0x0a,  0xca,  0x14,
  0x1b,  0x67,  0xa4,  0xb2,  0x93,  0xf8,  0x57,  0xce,  0x17,  0xff,  0x00,  0x34,  0xde,  0x0a,  0x4d,  0x94,
  0xec,  0x24,  0xc5,  0x1c,  0xb6,  0xfd,  0x81,  0xa0,  0x86,  0x40,  0x09,  0x90,  0x8e,  0xa4,  0xf2,  0xf6,
  0xf9,  0x1e,  0x7b,  0x96,  0xa9,  0xdd,  0xb4,  0xcf,  0x7b,  0x1c,  0x1e,  0xeb,  0xb9,  0xb8,  0x3e,  0xbd,
  0xd7,  0x3e,  0xda,  0x4b,  0x3d,  0x0d,  0xbb,  0xb6,  0x0c,  0xc0,  0x17,  0xad,  0xc1,  0x3c,  0xc7,  0x79,
  0x69,  0x9b,  0x77,  0x4b,  0x66,  0xe0,  0x92,  0x7f,  0xf9,  0x4c,  0xb7,  0x10,  0x0b,  0xbd,  0x17,  0x74,
  0x98,  0xc8,  0xff,  0xd9,  0xd9,
};

wxImage GetImage_Wood29()
{
	static wxMemoryInputStream is(image_Wood29, sizeof(image_Wood29));
	static wxImage image(is, wxBITMAP_TYPE_ANY, -1);
	return image;
}
