#include <wx/image.h>
#include <wx/mstream.h>
static const unsigned char image_Wood63[] = {
  0xff,  0xd8,  0xff,  0xe0,  0x00,  0x10,  0x4a,  0x46,  0x49,  0x46,  0x00,  0x01,  0x02,  0x02,  0x00,  0x4e,
  0x00,  0x4e,  0x00,  0x00,  0xff,  0xe2,  0x1c,  0x6d,  0x49,  0x43,  0x43,  0x5f,  0x50,  0x52,  0x4f,  0x46,
  0x49,  0x4c,  0x45,  0x00,  0x01,  0x01,  0x00,  0x00,  0x1c,  0x5d,  0x4c,  0x69,  0x6e,  0x6f,  0x02,  0x10,
  0x00,  0x00,  0x6d,  0x6e,  0x74,  0x72,  0x52,  0x47,  0x42,  0x20,  0x58,  0x59,  0x5a,  0x20,  0x07,  0xce,
  0x00,  0x02,  0x00,  0x09,  0x00,  0x06,  0x00,  0x31,  0x00,  0x00,  0x61,  0x63,  0x73,  0x70,  0x4d,  0x53,
  0x46,  0x54,  0x00,  0x00,  0x00,  0x00,  0x49,  0x45,  0x43,  0x20,  0x73,  0x52,  0x47,  0x42,  0x00,  0x00,
  0x00,  0x00,  0x00,  0x00,  0x00,  0x00,  0x00,  0x00,  0x00,  0x00,  0x00,  0x00,  0xf6,  0xd6,  0x00,  0x01,
  0x00,  0x00,  0x00,  0x00,  0xd3,  0x2d,  0x48,  0x50,  0x20,  0x20,  0x00,  0x00,  0x00,  0x00,  0x00,  0x00,
  0x00,  0x00,  0x00,  0x00,  0x00,  0x00,  0x00,  0x00,  0x00,  0x00,  0x00,  0x00,  0x00,  0x00,  0x00,  0x00,
  0x00,  0x00,  0x00,  0x00,  0x00,  0x00,  0x00,  0x00,  0x00,  0x00,  0x00,  0x00,  0x00,  0x00,  0x00,  0x00,
  0x00,  0x00,  0x00,  0x00,  0x00,  0x00,  0x00,  0x00,  0x00,  0x11,  0x63,  0x70,  0x72,  0x74,  0x00,  0x00,
  0x01,  0x50,  0x00,  0x00,  0x00,  0x33,  0x64,  0x65,  0x73,  0x63,  0x00,  0x00,  0x01,  0x83,  0x00,  0x00,
  0x00,  0x6c,  0x77,  0x74,  0x70,  0x74,  0x00,  0x00,  0x01,  0xef,  0x00,  0x00,  0x00,  0x14,  0x62,  0x6b,
  0x70,  0x74,  0x00,  0x00,  0x02,  0x03,  0x00,  0x00,  0x00,  0x14,  0x72,  0x58,  0x59,  0x5a,  0x00,  0x00,
  0x02,  0x17,  0x00,  0x00,  0x00,  0x14,  0x67,  0x58,  0x59,  0x5a,  0x00,  0x00,  0x02,  0x2b,  0x00,  0x00,
  0x00,  0x14,  0x62,  0x58,  0x59,  0x5a,  0x00,  0x00,  0x02,  0x3f,  0x00,  0x00,  0x00,  0x14,  0x64,  0x6d,
  0x6e,  0x64,  0x00,  0x00,  0x02,  0x53,  0x00,  0x00,  0x00,  0x70,  0x64,  0x6d,  0x64,  0x64,  0x00,  0x00,
  0x02,  0xc3,  0x00,  0x00,  0x00,  0x88,  0x76,  0x75,  0x65,  0x64,  0x00,  0x00,  0x03,  0x4b,  0x00,  0x00,
  0x00,  0x86,  0x76,  0x69,  0x65,  0x77,  0x00,  0x00,  0x03,  0xd1,  0x00,  0x00,  0x00,  0x24,  0x6c,  0x75,
  0x6d,  0x69,  0x00,  0x00,  0x03,  0xf5,  0x00,  0x00,  0x00,  0x14,  0x6d,  0x65,  0x61,  0x73,  0x00,  0x00,
  0x04,  0x09,  0x00,  0x00,  0x00,  0x24,  0x74,  0x65,  0x63,  0x68,  0x00,  0x00,  0x04,  0x2d,  0x00,  0x00,
  0x00,  0x0c,  0x72,  0x54,  0x52,  0x43,  0x00,  0x00,  0x04,  0x39,  0x00,  0x00,  0x08,  0x0c,  0x67,  0x54,
  0x52,  0x43,  0x00,  0x00,  0x0c,  0x45,  0x00,  0x00,  0x08,  0x0c,  0x62,  0x54,  0x52,  0x43,  0x00,  0x00,
  0x14,  0x51,  0x00,  0x00,  0x08,  0x0c,  0x74,  0x65,  0x78,  0x74,  0x00,  0x00,  0x00,  0x00,  0x43,  0x6f,
  0x70,  0x79,  0x72,  0x69,  0x67,  0x68,  0x74,  0x20,  0x28,  0x63,  0x29,  0x20,  0x31,  0x39,  0x39,  0x38,
  0x20,  0x48,  0x65,  0x77,  0x6c,  0x65,  0x74,  0x74,  0x2d,  0x50,  0x61,  0x63,  0x6b,  0x61,  0x72,  0x64,
  0x20,  0x43,  0x6f,  0x6d,  0x70,  0x61,  0x6e,  0x79,  0x00,  0x64,  0x65,  0x73,  0x63,  0x00,  0x00,  0x00,
  0x00,  0x00,  0x00,  0x00,  0x12,  0x73,  0x52,  0x47,  0x42,  0x20,  0x49,  0x45,  0x43,  0x36,  0x31,  0x39,
  0x36,  0x36,  0x2d,  0x32,  0x2e,  0x31,  0x00,  0x00,  0x00,  0x00,  0x00,  0x00,  0x00,  0x00,  0x00,  0x00,
  0x00,  0x12,  0x73,  0x52,  0x47,  0x42,  0x20,  0x49,  0x45,  0x43,  0x36,  0x31,  0x39,  0x36,  0x36,  0x2d,
  0x32,  0x2e,  0x31,  0x00,  0x00,  0x00,  0x00,  0x00,  0x00,  0x00,  0x00,  0x00,  0x00,  0x00,  0x00,  0x00,
  0x00,  0x00,  0x00,  0x00,  0x00,  0x00,  0x00,  0x00,  0x00,  0x00,  0x00,  0x00,  0x00,  0x00,  0x00,  0x00,
  0x00,  0x00,  0x00,  0x00,  0x00,  0x00,  0x00,  0x00,  0x00,  0x00,  0x00,  0x00,  0x00,  0x00,  0x00,  0x00,
  0x00,  0x00,  0x00,  0x00,  0x00,  0x58,  0x59,  0x5a,  0x20,  0x00,  0x00,  0x00,  0x00,  0x00,  0x00,  0xf3,
  0x51,  0x00,  0x01,  0x00,  0x00,  0x00,  0x01,  0x16,  0xcc,  0x58,  0x59,  0x5a,  0x20,  0x00,  0x00,  0x00,
  0x00,  0x00,  0x00,  0x00,  0x00,  0x00,  0x00,  0x00,  0x00,  0x00,  0x00,  0x00,  0x00,  0x58,  0x59,  0x5a,
  0x20,  0x00,  0x00,  0x00,  0x00,  0x00,  0x00,  0x6f,  0xa2,  0x00,  0x00,  0x38,  0xf5,  0x00,  0x00,  0x03,
  0x90,  0x58,  0x59,  0x5a,  0x20,  0x00,  0x00,  0x00,  0x00,  0x00,  0x00,  0x62,  0x99,  0x00,  0x00,  0xb7,
  0x85,  0x00,  0x00,  0x18,  0xda,  0x58,  0x59,  0x5a,  0x20,  0x00,  0x00,  0x00,  0x00,  0x00,  0x00,  0x24,
  0xa0,  0x00,  0x00,  0x0f,  0x84,  0x00,  0x00,  0xb6,  0xcf,  0x64,  0x65,  0x73,  0x63,  0x00,  0x00,  0x00,
  0x00,  0x00,  0x00,  0x00,  0x16,  0x49,  0x45,  0x43,  0x20,  0x68,  0x74,  0x74,  0x70,  0x3a,  0x2f,  0x2f,
  0x77,  0x77,  0x77,  0x2e,  0x69,  0x65,  0x63,  0x2e,  0x63,  0x68,  0x00,  0x00,  0x00,  0x00,  0x00,  0x00,
  0x00,  0x00,  0x00,  0x00,  0x00,  0x16,  0x49,  0x45,  0x43,  0x20,  0x68,  0x74,  0x74,  0x70,  0x3a,  0x2f,
  0x2f,  0x77,  0x77,  0x77,  0x2e,  0x69,  0x65,  0x63,  0x2e,  0x63,  0x68,  0x00,  0x00,  0x00,  0x00,  0x00,
  0x00,  0x00,  0x00,  0x00,  0x00,  0x00,  0x00,  0x00,  0x00,  0x00,  0x00,  0x00,  0x00,  0x00,  0x00,  0x00,
  0x00,  0x00,  0x00,  0x00,  0x00,  0x00,  0x00,  0x00,  0x00,  0x00,  0x00,  0x00,  0x00,  0x00,  0x00,  0x00,
  0x00,  0x00,  0x00,  0x00,  0x00,  0x00,  0x00,  0x00,  0x00,  0x64,  0x65,  0x73,  0x63,  0x00,  0x00,  0x00,
  0x00,  0x00,  0x00,  0x00,  0x2e,  0x49,  0x45,  0x43,  0x20,  0x36,  0x31,  0x39,  0x36,  0x36,  0x2d,  0x32,
  0x2e,  0x31,  0x20,  0x44,  0x65,  0x66,  0x61,  0x75,  0x6c,  0x74,  0x20,  0x52,  0x47,  0x42,  0x20,  0x63,
  0x6f,  0x6c,  0x6f,  0x75,  0x72,  0x20,  0x73,  0x70,  0x61,  0x63,  0x65,  0x20,  0x2d,  0x20,  0x73,  0x52,
  0x47,  0x42,  0x00,  0x00,  0x00,  0x00,  0x00,  0x00,  0x00,  0x00,  0x00,  0x00,  0x00,  0x2e,  0x49,  0x45,
  0x43,  0x20,  0x36,  0x31,  0x39,  0x36,  0x36,  0x2d,  0x32,  0x2e,  0x31,  0x20,  0x44,  0x65,  0x66,  0x61,
  0x75,  0x6c,  0x74,  0x20,  0x52,  0x47,  0x42,  0x20,  0x63,  0x6f,  0x6c,  0x6f,  0x75,  0x72,  0x20,  0x73,
  0x70,  0x61,  0x63,  0x65,  0x20,  0x2d,  0x20,  0x73,  0x52,  0x47,  0x42,  0x00,  0x00,  0x00,  0x00,  0x00,
  0x00,  0x00,  0x00,  0x00,  0x00,  0x00,  0x00,  0x00,  0x00,  0x00,  0x00,  0x00,  0x00,  0x00,  0x00,  0x00,
  0x00,  0x64,  0x65,  0x73,  0x63,  0x00,  0x00,  0x00,  0x00,  0x00,  0x00,  0x00,  0x2c,  0x52,  0x65,  0x66,
  0x65,  0x72,  0x65,  0x6e,  0x63,  0x65,  0x20,  0x56,  0x69,  0x65,  0x77,  0x69,  0x6e,  0x67,  0x20,  0x43,
  0x6f,  0x6e,  0x64,  0x69,  0x74,  0x69,  0x6f,  0x6e,  0x20,  0x69,  0x6e,  0x20,  0x49,  0x45,  0x43,  0x36,
  0x31,  0x39,  0x36,  0x36,  0x2d,  0x32,  0x2e,  0x31,  0x00,  0x00,  0x00,  0x00,  0x00,  0x00,  0x00,  0x00,
  0x00,  0x00,  0x00,  0x2c,  0x52,  0x65,  0x66,  0x65,  0x72,  0x65,  0x6e,  0x63,  0x65,  0x20,  0x56,  0x69,
  0x65,  0x77,  0x69,  0x6e,  0x67,  0x20,  0x43,  0x6f,  0x6e,  0x64,  0x69,  0x74,  0x69,  0x6f,  0x6e,  0x20,
  0x69,  0x6e,  0x20,  0x49,  0x45,  0x43,  0x36,  0x31,  0x39,  0x36,  0x36,  0x2d,  0x32,  0x2e,  0x31,  0x00,
  0x00,  0x00,  0x00,  0x00,  0x00,  0x00,  0x00,  0x00,  0x00,  0x00,  0x00,  0x00,  0x00,  0x00,  0x00,  0x00,
  0x00,  0x00,  0x00,  0x00,  0x00,  0x00,  0x00,  0x76,  0x69,  0x65,  0x77,  0x00,  0x00,  0x00,  0x00,  0x00,
  0x13,  0xa4,  0xfe,  0x00,  0x14,  0x5f,  0x2e,  0x00,  0x10,  0xcf,  0x14,  0x00,  0x03,  0xed,  0xcc,  0x00,
  0x04,  0x13,  0x0b,  0x00,  0x03,  0x5c,  0x9e,  0x00,  0x00,  0x00,  0x01,  0x58,  0x59,  0x5a,  0x20,  0x00,
  0x00,  0x00,  0x00,  0x00,  0x4c,  0x09,  0x56,  0x00,  0x50,  0x00,  0x00,  0x00,  0x57,  0x1f,  0xe7,  0x6d,
  0x65,  0x61,  0x73,  0x00,  0x00,  0x00,  0x00,  0x00,  0x00,  0x00,  0x01,  0x00,  0x00,  0x00,  0x00,  0x00,
  0x00,  0x02,  0x8f,  0x00,  0x00,  0x00,  0x02,  0x00,  0x00,  0x00,  0x00,  0x00,  0x00,  0x00,  0x00,  0x00,
  0x00,  0x00,  0x00,  0x73,  0x69,  0x67,  0x20,  0x00,  0x00,  0x00,  0x00,  0x43,  0x52,  0x54,  0x20,  0x63,
  0x75,  0x72,  0x76,  0x00,  0x00,  0x00,  0x00,  0x00,  0x00,  0x04,  0x00,  0x00,  0x00,  0x00,  0x05,  0x00,
  0x0a,  0x00,  0x0f,  0x00,  0x14,  0x00,  0x19,  0x00,  0x1e,  0x00,  0x23,  0x00,  0x28,  0x00,  0x2d,  0x00,
  0x32,  0x00,  0x37,  0x00,  0x3b,  0x00,  0x40,  0x00,  0x45,  0x00,  0x4a,  0x00,  0x4f,  0x00,  0x54,  0x00,
  0x59,  0x00,  0x5e,  0x00,  0x63,  0x00,  0x68,  0x00,  0x6d,  0x00,  0x72,  0x00,  0x77,  0x00,  0x7c,  0x00,
  0x81,  0x00,  0x86,  0x00,  0x8b,  0x00,  0x90,  0x00,  0x95,  0x00,  0x9a,  0x00,  0x9f,  0x00,  0xa4,  0x00,
  0xa9,  0x00,  0xae,  0x00,  0xb2,  0x00,  0xb7,  0x00,  0xbc,  0x00,  0xc1,  0x00,  0xc6,  0x00,  0xcb,  0x00,
  0xd0,  0x00,  0xd5,  0x00,  0xdb,  0x00,  0xe0,  0x00,  0xe5,  0x00,  0xeb,  0x00,  0xf0,  0x00,  0xf6,  0x00,
  0xfb,  0x01,  0x01,  0x01,  0x07,  0x01,  0x0d,  0x01,  0x13,  0x01,  0x19,  0x01,  0x1f,  0x01,  0x25,  0x01,
  0x2b,  0x01,  0x32,  0x01,  0x38,  0x01,  0x3e,  0x01,  0x45,  0x01,  0x4c,  0x01,  0x52,  0x01,  0x59,  0x01,
  0x60,  0x01,  0x67,  0x01,  0x6e,  0x01,  0x75,  0x01,  0x7c,  0x01,  0x83,  0x01,  0x8b,  0x01,  0x92,  0x01,
  0x9a,  0x01,  0xa1,  0x01,  0xa9,  0x01,  0xb1,  0x01,  0xb9,  0x01,  0xc1,  0x01,  0xc9,  0x01,  0xd1,  0x01,
  0xd9,  0x01,  0xe1,  0x01,  0xe9,  0x01,  0xf2,  0x01,  0xfa,  0x02,  0x03,  0x02,  0x0c,  0x02,  0x14,  0x02,
  0x1d,  0x02,  0x26,  0x02,  0x2f,  0x02,  0x38,  0x02,  0x41,  0x02,  0x4b,  0x02,  0x54,  0x02,  0x5d,  0x02,
  0x67,  0x02,  0x71,  0x02,  0x7a,  0x02,  0x84,  0x02,  0x8e,  0x02,  0x98,  0x02,  0xa2,  0x02,  0xac,  0x02,
  0xb6,  0x02,  0xc1,  0x02,  0xcb,  0x02,  0xd5,  0x02,  0xe0,  0x02,  0xeb,  0x02,  0xf5,  0x03,  0x00,  0x03,
  0x0b,  0x03,  0x16,  0x03,  0x21,  0x03,  0x2d,  0x03,  0x38,  0x03,  0x43,  0x03,  0x4f,  0x03,  0x5a,  0x03,
  0x66,  0x03,  0x72,  0x03,  0x7e,  0x03,  0x8a,  0x03,  0x96,  0x03,  0xa2,  0x03,  0xae,  0x03,  0xba,  0x03,
  0xc7,  0x03,  0xd3,  0x03,  0xe0,  0x03,  0xec,  0x03,  0xf9,  0x04,  0x06,  0x04,  0x13,  0x04,  0x20,  0x04,
  0x2d,  0x04,  0x3b,  0x04,  0x48,  0x04,  0x55,  0x04,  0x63,  0x04,  0x71,  0x04,  0x7e,  0x04,  0x8c,  0x04,
  0x9a,  0x04,  0xa8,  0x04,  0xb6,  0x04,  0xc4,  0x04,  0xd3,  0x04,  0xe1,  0x04,  0xf0,  0x04,  0xfe,  0x05,
  0x0d,  0x05,  0x1c,  0x05,  0x2b,  0x05,  0x3a,  0x05,  0x49,  0x05,  0x58,  0x05,  0x67,  0x05,  0x77,  0x05,
  0x86,  0x05,  0x96,  0x05,  0xa6,  0x05,  0xb5,  0x05,  0xc5,  0x05,  0xd5,  0x05,  0xe5,  0x05,  0xf6,  0x06,
  0x06,  0x06,  0x16,  0x06,  0x27,  0x06,  0x37,  0x06,  0x48,  0x06,  0x59,  0x06,  0x6a,  0x06,  0x7b,  0x06,
  0x8c,  0x06,  0x9d,  0x06,  0xaf,  0x06,  0xc0,  0x06,  0xd1,  0x06,  0xe3,  0x06,  0xf5,  0x07,  0x07,  0x07,
  0x19,  0x07,  0x2b,  0x07,  0x3d,  0x07,  0x4f,  0x07,  0x61,  0x07,  0x74,  0x07,  0x86,  0x07,  0x99,  0x07,
  0xac,  0x07,  0xbf,  0x07,  0xd2,  0x07,  0xe5,  0x07,  0xf8,  0x08,  0x0b,  0x08,  0x1f,  0x08,  0x32,  0x08,
  0x46,  0x08,  0x5a,  0x08,  0x6e,  0x08,  0x82,  0x08,  0x96,  0x08,  0xaa,  0x08,  0xbe,  0x08,  0xd2,  0x08,
  0xe7,  0x08,  0xfb,  0x09,  0x10,  0x09,  0x25,  0x09,  0x3a,  0x09,  0x4f,  0x09,  0x64,  0x09,  0x79,  0x09,
  0x8f,  0x09,  0xa4,  0x09,  0xba,  0x09,  0xcf,  0x09,  0xe5,  0x09,  0xfb,  0x0a,  0x11,  0x0a,  0x27,  0x0a,
  0x3d,  0x0a,  0x54,  0x0a,  0x6a,  0x0a,  0x81,  0x0a,  0x98,  0x0a,  0xae,  0x0a,  0xc5,  0x0a,  0xdc,  0x0a,
  0xf3,  0x0b,  0x0b,  0x0b,  0x22,  0x0b,  0x39,  0x0b,  0x51,  0x0b,  0x69,  0x0b,  0x80,  0x0b,  0x98,  0x0b,
  0xb0,  0x0b,  0xc8,  0x0b,  0xe1,  0x0b,  0xf9,  0x0c,  0x12,  0x0c,  0x2a,  0x0c,  0x43,  0x0c,  0x5c,  0x0c,
  0x75,  0x0c,  0x8e,  0x0c,  0xa7,  0x0c,  0xc0,  0x0c,  0xd9,  0x0c,  0xf3,  0x0d,  0x0d,  0x0d,  0x26,  0x0d,
  0x40,  0x0d,  0x5a,  0x0d,  0x74,  0x0d,  0x8e,  0x0d,  0xa9,  0x0d,  0xc3,  0x0d,  0xde,  0x0d,  0xf8,  0x0e,
  0x13,  0x0e,  0x2e,  0x0e,  0x49,  0x0e,  0x64,  0x0e,  0x7f,  0x0e,  0x9b,  0x0e,  0xb6,  0x0e,  0xd2,  0x0e,
  0xee,  0x0f,  0x09,  0x0f,  0x25,  0x0f,  0x41,  0x0f,  0x5e,  0x0f,  0x7a,  0x0f,  0x96,  0x0f,  0xb3,  0x0f,
  0xcf,  0x0f,  0xec,  0x10,  0x09,  0x10,  0x26,  0x10,  0x43,  0x10,  0x61,  0x10,  0x7e,  0x10,  0x9b,  0x10,
  0xb9,  0x10,  0xd7,  0x10,  0xf5,  0x11,  0x13,  0x11,  0x31,  0x11,  0x4f,  0x11,  0x6d,  0x11,  0x8c,  0x11,
  0xaa,  0x11,  0xc9,  0x11,  0xe8,  0x12,  0x07,  0x12,  0x26,  0x12,  0x45,  0x12,  0x64,  0x12,  0x84,  0x12,
  0xa3,  0x12,  0xc3,  0x12,  0xe3,  0x13,  0x03,  0x13,  0x23,  0x13,  0x43,  0x13,  0x63,  0x13,  0x83,  0x13,
  0xa4,  0x13,  0xc5,  0x13,  0xe5,  0x14,  0x06,  0x14,  0x27,  0x14,  0x49,  0x14,  0x6a,  0x14,  0x8b,  0x14,
  0xad,  0x14,  0xce,  0x14,  0xf0,  0x15,  0x12,  0x15,  0x34,  0x15,  0x56,  0x15,  0x78,  0x15,  0x9b,  0x15,
  0xbd,  0x15,  0xe0,  0x16,  0x03,  0x16,  0x26,  0x16,  0x49,  0x16,  0x6c,  0x16,  0x8f,  0x16,  0xb2,  0x16,
  0xd6,  0x16,  0xfa,  0x17,  0x1d,  0x17,  0x41,  0x17,  0x65,  0x17,  0x89,  0x17,  0xae,  0x17,  0xd2,  0x17,
  0xf7,  0x18,  0x1b,  0x18,  0x40,  0x18,  0x65,  0x18,  0x8a,  0x18,  0xaf,  0x18,  0xd5,  0x18,  0xfa,  0x19,
  0x20,  0x19,  0x45,  0x19,  0x6b,  0x19,  0x91,  0x19,  0xb7,  0x19,  0xdd,  0x1a,  0x04,  0x1a,  0x2a,  0x1a,
  0x51,  0x1a,  0x77,  0x1a,  0x9e,  0x1a,  0xc5,  0x1a,  0xec,  0x1b,  0x14,  0x1b,  0x3b,  0x1b,  0x63,  0x1b,
  0x8a,  0x1b,  0xb2,  0x1b,  0xda,  0x1c,  0x02,  0x1c,  0x2a,  0x1c,  0x52,  0x1c,  0x7b,  0x1c,  0xa3,  0x1c,
  0xcc,  0x1c,  0xf5,  0x1d,  0x1e,  0x1d,  0x47,  0x1d,  0x70,  0x1d,  0x99,  0x1d,  0xc3,  0x1d,  0xec,  0x1e,
  0x16,  0x1e,  0x40,  0x1e,  0x6a,  0x1e,  0x94,  0x1e,  0xbe,  0x1e,  0xe9,  0x1f,  0x13,  0x1f,  0x3e,  0x1f,
  0x69,  0x1f,  0x94,  0x1f,  0xbf,  0x1f,  0xea,  0x20,  0x15,  0x20,  0x41,  0x20,  0x6c,  0x20,  0x98,  0x20,
  0xc4,  0x20,  0xf0,  0x21,  0x1c,  0x21,  0x48,  0x21,  0x75,  0x21,  0xa1,  0x21,  0xce,  0x21,  0xfb,  0x22,
  0x27,  0x22,  0x55,  0x22,  0x82,  0x22,  0xaf,  0x22,  0xdd,  0x23,  0x0a,  0x23,  0x38,  0x23,  0x66,  0x23,
  0x94,  0x23,  0xc2,  0x23,  0xf0,  0x24,  0x1f,  0x24,  0x4d,  0x24,  0x7c,  0x24,  0xab,  0x24,  0xda,  0x25,
  0x09,  0x25,  0x38,  0x25,  0x68,  0x25,  0x97,  0x25,  0xc7,  0x25,  0xf7,  0x26,  0x27,  0x26,  0x57,  0x26,
  0x87,  0x26,  0xb7,  0x26,  0xe8,  0x27,  0x18,  0x27,  0x49,  0x27,  0x7a,  0x27,  0xab,  0x27,  0xdc,  0x28,
  0x0d,  0x28,  0x3f,  0x28,  0x71,  0x28,  0xa2,  0x28,  0xd4,  0x29,  0x06,  0x29,  0x38,  0x29,  0x6b,  0x29,
  0x9d,  0x29,  0xd0,  0x2a,  0x02,  0x2a,  0x35,  0x2a,  0x68,  0x2a,  0x9b,  0x2a,  0xcf,  0x2b,  0x02,  0x2b,
  0x36,  0x2b,  0x69,  0x2b,  0x9d,  0x2b,  0xd1,  0x2c,  0x05,  0x2c,  0x39,  0x2c,  0x6e,  0x2c,  0xa2,  0x2c,
  0xd7,  0x2d,  0x0c,  0x2d,  0x41,  0x2d,  0x76,  0x2d,  0xab,  0x2d,  0xe1,  0x2e,  0x16,  0x2e,  0x4c,  0x2e,
  0x82,  0x2e,  0xb7,  0x2e,  0xee,  0x2f,  0x24,  0x2f,  0x5a,  0x2f,  0x91,  0x2f,  0xc7,  0x2f,  0xfe,  0x30,
  0x35,  0x30,  0x6c,  0x30,  0xa4,  0x30,  0xdb,  0x31,  0x12,  0x31,  0x4a,  0x31,  0x82,  0x31,  0xba,  0x31,
  0xf2,  0x32,  0x2a,  0x32,  0x63,  0x32,  0x9b,  0x32,  0xd4,  0x33,  0x0d,  0x33,  0x46,  0x33,  0x7f,  0x33,
  0xb8,  0x33,  0xf1,  0x34,  0x2b,  0x34,  0x65,  0x34,  0x9e,  0x34,  0xd8,  0x35,  0x13,  0x35,  0x4d,  0x35,
  0x87,  0x35,  0xc2,  0x35,  0xfd,  0x36,  0x37,  0x36,  0x72,  0x36,  0xae,  0x36,  0xe9,  0x37,  0x24,  0x37,
  0x60,  0x37,  0x9c,  0x37,  0xd7,  0x38,  0x14,  0x38,  0x50,  0x38,  0x8c,  0x38,  0xc8,  0x39,  0x05,  0x39,
  0x42,  0x39,  0x7f,  0x39,  0xbc,  0x39,  0xf9,  0x3a,  0x36,  0x3a,  0x74,  0x3a,  0xb2,  0x3a,  0xef,  0x3b,
  0x2d,  0x3b,  0x6b,  0x3b,  0xaa,  0x3b,  0xe8,  0x3c,  0x27,  0x3c,  0x65,  0x3c,  0xa4,  0x3c,  0xe3,  0x3d,
  0x22,  0x3d,  0x61,  0x3d,  0xa1,  0x3d,  0xe0,  0x3e,  0x20,  0x3e,  0x60,  0x3e,  0xa0,  0x3e,  0xe0,  0x3f,
  0x21,  0x3f,  0x61,  0x3f,  0xa2,  0x3f,  0xe2,  0x40,  0x23,  0x40,  0x64,  0x40,  0xa6,  0x40,  0xe7,  0x41,
  0x29,  0x41,  0x6a,  0x41,  0xac,  0x41,  0xee,  0x42,  0x30,  0x42,  0x72,  0x42,  0xb5,  0x42,  0xf7,  0x43,
  0x3a,  0x43,  0x7d,  0x43,  0xc0,  0x44,  0x03,  0x44,  0x47,  0x44,  0x8a,  0x44,  0xce,  0x45,  0x12,  0x45,
  0x55,  0x45,  0x9a,  0x45,  0xde,  0x46,  0x22,  0x46,  0x67,  0x46,  0xab,  0x46,  0xf0,  0x47,  0x35,  0x47,
  0x7b,  0x47,  0xc0,  0x48,  0x05,  0x48,  0x4b,  0x48,  0x91,  0x48,  0xd7,  0x49,  0x1d,  0x49,  0x63,  0x49,
  0xa9,  0x49,  0xf0,  0x4a,  0x37,  0x4a,  0x7d,  0x4a,  0xc4,  0x4b,  0x0c,  0x4b,  0x53,  0x4b,  0x9a,  0x4b,
  0xe2,  0x4c,  0x2a,  0x4c,  0x72,  0x4c,  0xba,  0x4d,  0x02,  0x4d,  0x4a,  0x4d,  0x93,  0x4d,  0xdc,  0x4e,
  0x25,  0x4e,  0x6e,  0x4e,  0xb7,  0x4f,  0x00,  0x4f,  0x49,  0x4f,  0x93,  0x4f,  0xdd,  0x50,  0x27,  0x50,
  0x71,  0x50,  0xbb,  0x51,  0x06,  0x51,  0x50,  0x51,  0x9b,  0x51,  0xe6,  0x52,  0x31,  0x52,  0x7c,  0x52,
  0xc7,  0x53,  0x13,  0x53,  0x5f,  0x53,  0xaa,  0x53,  0xf6,  0x54,  0x42,  0x54,  0x8f,  0x54,  0xdb,  0x55,
  0x28,  0x55,  0x75,  0x55,  0xc2,  0x56,  0x0f,  0x56,  0x5c,  0x56,  0xa9,  0x56,  0xf7,  0x57,  0x44,  0x57,
  0x92,  0x57,  0xe0,  0x58,  0x2f,  0x58,  0x7d,  0x58,  0xcb,  0x59,  0x1a,  0x59,  0x69,  0x59,  0xb8,  0x5a,
  0x07,  0x5a,  0x56,  0x5a,  0xa6,  0x5a,  0xf5,  0x5b,  0x45,  0x5b,  0x95,  0x5b,  0xe5,  0x5c,  0x35,  0x5c,
  0x86,  0x5c,  0xd6,  0x5d,  0x27,  0x5d,  0x78,  0x5d,  0xc9,  0x5e,  0x1a,  0x5e,  0x6c,  0x5e,  0xbd,  0x5f,
  0x0f,  0x5f,  0x61,  0x5f,  0xb3,  0x60,  0x05,  0x60,  0x57,  0x60,  0xaa,  0x60,  0xfc,  0x61,  0x4f,  0x61,
  0xa2,  0x61,  0xf5,  0x62,  0x49,  0x62,  0x9c,  0x62,  0xf0,  0x63,  0x43,  0x63,  0x97,  0x63,  0xeb,  0x64,
  0x40,  0x64,  0x94,  0x64,  0xe9,  0x65,  0x3d,  0x65,  0x92,  0x65,  0xe7,  0x66,  0x3d,  0x66,  0x92,  0x66,
  0xe8,  0x67,  0x3d,  0x67,  0x93,  0x67,  0xe9,  0x68,  0x3f,  0x68,  0x96,  0x68,  0xec,  0x69,  0x43,  0x69,
  0x9a,  0x69,  0xf1,  0x6a,  0x48,  0x6a,  0x9f,  0x6a,  0xf7,  0x6b,  0x4f,  0x6b,  0xa7,  0x6b,  0xff,  0x6c,
  0x57,  0x6c,  0xaf,  0x6d,  0x08,  0x6d,  0x60,  0x6d,  0xb9,  0x6e,  0x12,  0x6e,  0x6b,  0x6e,  0xc4,  0x6f,
  0x1e,  0x6f,  0x78,  0x6f,  0xd1,  0x70,  0x2b,  0x70,  0x86,  0x70,  0xe0,  0x71,  0x3a,  0x71,  0x95,  0x71,
  0xf0,  0x72,  0x4b,  0x72,  0xa6,  0x73,  0x01,  0x73,  0x5d,  0x73,  0xb8,  0x74,  0x14,  0x74,  0x70,  0x74,
  0xcc,  0x75,  0x28,  0x75,  0x85,  0x75,  0xe1,  0x76,  0x3e,  0x76,  0x9b,  0x76,  0xf8,  0x77,  0x56,  0x77,
  0xb3,  0x78,  0x11,  0x78,  0x6e,  0x78,  0xcc,  0x79,  0x2a,  0x79,  0x89,  0x79,  0xe7,  0x7a,  0x46,  0x7a,
  0xa5,  0x7b,  0x04,  0x7b,  0x63,  0x7b,  0xc2,  0x7c,  0x21,  0x7c,  0x81,  0x7c,  0xe1,  0x7d,  0x41,  0x7d,
  0xa1,  0x7e,  0x01,  0x7e,  0x62,  0x7e,  0xc2,  0x7f,  0x23,  0x7f,  0x84,  0x7f,  0xe5,  0x80,  0x47,  0x80,
  0xa8,  0x81,  0x0a,  0x81,  0x6b,  0x81,  0xcd,  0x82,  0x30,  0x82,  0x92,  0x82,  0xf4,  0x83,  0x57,  0x83,
  0xba,  0x84,  0x1d,  0x84,  0x80,  0x84,  0xe3,  0x85,  0x47,  0x85,  0xab,  0x86,  0x0e,  0x86,  0x72,  0x86,
  0xd7,  0x87,  0x3b,  0x87,  0x9f,  0x88,  0x04,  0x88,  0x69,  0x88,  0xce,  0x89,  0x33,  0x89,  0x99,  0x89,
  0xfe,  0x8a,  0x64,  0x8a,  0xca,  0x8b,  0x30,  0x8b,  0x96,  0x8b,  0xfc,  0x8c,  0x63,  0x8c,  0xca,  0x8d,
  0x31,  0x8d,  0x98,  0x8d,  0xff,  0x8e,  0x66,  0x8e,  0xce,  0x8f,  0x36,  0x8f,  0x9e,  0x90,  0x06,  0x90,
  0x6e,  0x90,  0xd6,  0x91,  0x3f,  0x91,  0xa8,  0x92,  0x11,  0x92,  0x7a,  0x92,  0xe3,  0x93,  0x4d,  0x93,
  0xb6,  0x94,  0x20,  0x94,  0x8a,  0x94,  0xf4,  0x95,  0x5f,  0x95,  0xc9,  0x96,  0x34,  0x96,  0x9f,  0x97,
  0x0a,  0x97,  0x75,  0x97,  0xe0,  0x98,  0x4c,  0x98,  0xb8,  0x99,  0x24,  0x99,  0x90,  0x99,  0xfc,  0x9a,
  0x68,  0x9a,  0xd5,  0x9b,  0x42,  0x9b,  0xaf,  0x9c,  0x1c,  0x9c,  0x89,  0x9c,  0xf7,  0x9d,  0x64,  0x9d,
  0xd2,  0x9e,  0x40,  0x9e,  0xae,  0x9f,  0x1d,  0x9f,  0x8b,  0x9f,  0xfa,  0xa0,  0x69,  0xa0,  0xd8,  0xa1,
  0x47,  0xa1,  0xb6,  0xa2,  0x26,  0xa2,  0x96,  0xa3,  0x06,  0xa3,  0x76,  0xa3,  0xe6,  0xa4,  0x56,  0xa4,
  0xc7,  0xa5,  0x38,  0xa5,  0xa9,  0xa6,  0x1a,  0xa6,  0x8b,  0xa6,  0xfd,  0xa7,  0x6e,  0xa7,  0xe0,  0xa8,
  0x52,  0xa8,  0xc4,  0xa9,  0x37,  0xa9,  0xa9,  0xaa,  0x1c,  0xaa,  0x8f,  0xab,  0x02,  0xab,  0x75,  0xab,
  0xe9,  0xac,  0x5c,  0xac,  0xd0,  0xad,  0x44,  0xad,  0xb8,  0xae,  0x2d,  0xae,  0xa1,  0xaf,  0x16,  0xaf,
  0x8b,  0xb0,  0x00,  0xb0,  0x75,  0xb0,  0xea,  0xb1,  0x60,  0xb1,  0xd6,  0xb2,  0x4b,  0xb2,  0xc2,  0xb3,
  0x38,  0xb3,  0xae,  0xb4,  0x25,  0xb4,  0x9c,  0xb5,  0x13,  0xb5,  0x8a,  0xb6,  0x01,  0xb6,  0x79,  0xb6,
  0xf0,  0xb7,  0x68,  0xb7,  0xe0,  0xb8,  0x59,  0xb8,  0xd1,  0xb9,  0x4a,  0xb9,  0xc2,  0xba,  0x3b,  0xba,
  0xb5,  0xbb,  0x2e,  0xbb,  0xa7,  0xbc,  0x21,  0xbc,  0x9b,  0xbd,  0x15,  0xbd,  0x8f,  0xbe,  0x0a,  0xbe,
  0x84,  0xbe,  0xff,  0xbf,  0x7a,  0xbf,  0xf5,  0xc0,  0x70,  0xc0,  0xec,  0xc1,  0x67,  0xc1,  0xe3,  0xc2,
  0x5f,  0xc2,  0xdb,  0xc3,  0x58,  0xc3,  0xd4,  0xc4,  0x51,  0xc4,  0xce,  0xc5,  0x4b,  0xc5,  0xc8,  0xc6,
  0x46,  0xc6,  0xc3,  0xc7,  0x41,  0xc7,  0xbf,  0xc8,  0x3d,  0xc8,  0xbc,  0xc9,  0x3a,  0xc9,  0xb9,  0xca,
  0x38,  0xca,  0xb7,  0xcb,  0x36,  0xcb,  0xb6,  0xcc,  0x35,  0xcc,  0xb5,  0xcd,  0x35,  0xcd,  0xb5,  0xce,
  0x36,  0xce,  0xb6,  0xcf,  0x37,  0xcf,  0xb8,  0xd0,  0x39,  0xd0,  0xba,  0xd1,  0x3c,  0xd1,  0xbe,  0xd2,
  0x3f,  0xd2,  0xc1,  0xd3,  0x44,  0xd3,  0xc6,  0xd4,  0x49,  0xd4,  0xcb,  0xd5,  0x4e,  0xd5,  0xd1,  0xd6,
  0x55,  0xd6,  0xd8,  0xd7,  0x5c,  0xd7,  0xe0,  0xd8,  0x64,  0xd8,  0xe8,  0xd9,  0x6c,  0xd9,  0xf1,  0xda,
  0x76,  0xda,  0xfb,  0xdb,  0x80,  0xdc,  0x05,  0xdc,  0x8a,  0xdd,  0x10,  0xdd,  0x96,  0xde,  0x1c,  0xde,
  0xa2,  0xdf,  0x29,  0xdf,  0xaf,  0xe0,  0x36,  0xe0,  0xbd,  0xe1,  0x44,  0xe1,  0xcc,  0xe2,  0x53,  0xe2,
  0xdb,  0xe3,  0x63,  0xe3,  0xeb,  0xe4,  0x73,  0xe4,  0xfc,  0xe5,  0x84,  0xe6,  0x0d,  0xe6,  0x96,  0xe7,
  0x1f,  0xe7,  0xa9,  0xe8,  0x32,  0xe8,  0xbc,  0xe9,  0x46,  0xe9,  0xd0,  0xea,  0x5b,  0xea,  0xe5,  0xeb,
  0x70,  0xeb,  0xfb,  0xec,  0x86,  0xed,  0x11,  0xed,  0x9c,  0xee,  0x28,  0xee,  0xb4,  0xef,  0x40,  0xef,
  0xcc,  0xf0,  0x58,  0xf0,  0xe5,  0xf1,  0x72,  0xf1,  0xff,  0xf2,  0x8c,  0xf3,  0x19,  0xf3,  0xa7,  0xf4,
  0x34,  0xf4,  0xc2,  0xf5,  0x50,  0xf5,  0xde,  0xf6,  0x6d,  0xf6,  0xfb,  0xf7,  0x8a,  0xf8,  0x19,  0xf8,
  0xa8,  0xf9,  0x38,  0xf9,  0xc7,  0xfa,  0x57,  0xfa,  0xe7,  0xfb,  0x77,  0xfc,  0x07,  0xfc,  0x98,  0xfd,
  0x29,  0xfd,  0xba,  0xfe,  0x4b,  0xfe,  0xdc,  0xff,  0x6d,  0xff,  0xff,  0x63,  0x75,  0x72,  0x76,  0x00,
  0x00,  0x00,  0x00,  0x00,  0x00,  0x04,  0x00,  0x00,  0x00,  0x00,  0x05,  0x00,  0x0a,  0x00,  0x0f,  0x00,
  0x14,  0x00,  0x19,  0x00,  0x1e,  0x00,  0x23,  0x00,  0x28,  0x00,  0x2d,  0x00,  0x32,  0x00,  0x37,  0x00,
  0x3b,  0x00,  0x40,  0x00,  0x45,  0x00,  0x4a,  0x00,  0x4f,  0x00,  0x54,  0x00,  0x59,  0x00,  0x5e,  0x00,
  0x63,  0x00,  0x68,  0x00,  0x6d,  0x00,  0x72,  0x00,  0x77,  0x00,  0x7c,  0x00,  0x81,  0x00,  0x86,  0x00,
  0x8b,  0x00,  0x90,  0x00,  0x95,  0x00,  0x9a,  0x00,  0x9f,  0x00,  0xa4,  0x00,  0xa9,  0x00,  0xae,  0x00,
  0xb2,  0x00,  0xb7,  0x00,  0xbc,  0x00,  0xc1,  0x00,  0xc6,  0x00,  0xcb,  0x00,  0xd0,  0x00,  0xd5,  0x00,
  0xdb,  0x00,  0xe0,  0x00,  0xe5,  0x00,  0xeb,  0x00,  0xf0,  0x00,  0xf6,  0x00,  0xfb,  0x01,  0x01,  0x01,
  0x07,  0x01,  0x0d,  0x01,  0x13,  0x01,  0x19,  0x01,  0x1f,  0x01,  0x25,  0x01,  0x2b,  0x01,  0x32,  0x01,
  0x38,  0x01,  0x3e,  0x01,  0x45,  0x01,  0x4c,  0x01,  0x52,  0x01,  0x59,  0x01,  0x60,  0x01,  0x67,  0x01,
  0x6e,  0x01,  0x75,  0x01,  0x7c,  0x01,  0x83,  0x01,  0x8b,  0x01,  0x92,  0x01,  0x9a,  0x01,  0xa1,  0x01,
  0xa9,  0x01,  0xb1,  0x01,  0xb9,  0x01,  0xc1,  0x01,  0xc9,  0x01,  0xd1,  0x01,  0xd9,  0x01,  0xe1,  0x01,
  0xe9,  0x01,  0xf2,  0x01,  0xfa,  0x02,  0x03,  0x02,  0x0c,  0x02,  0x14,  0x02,  0x1d,  0x02,  0x26,  0x02,
  0x2f,  0x02,  0x38,  0x02,  0x41,  0x02,  0x4b,  0x02,  0x54,  0x02,  0x5d,  0x02,  0x67,  0x02,  0x71,  0x02,
  0x7a,  0x02,  0x84,  0x02,  0x8e,  0x02,  0x98,  0x02,  0xa2,  0x02,  0xac,  0x02,  0xb6,  0x02,  0xc1,  0x02,
  0xcb,  0x02,  0xd5,  0x02,  0xe0,  0x02,  0xeb,  0x02,  0xf5,  0x03,  0x00,  0x03,  0x0b,  0x03,  0x16,  0x03,
  0x21,  0x03,  0x2d,  0x03,  0x38,  0x03,  0x43,  0x03,  0x4f,  0x03,  0x5a,  0x03,  0x66,  0x03,  0x72,  0x03,
  0x7e,  0x03,  0x8a,  0x03,  0x96,  0x03,  0xa2,  0x03,  0xae,  0x03,  0xba,  0x03,  0xc7,  0x03,  0xd3,  0x03,
  0xe0,  0x03,  0xec,  0x03,  0xf9,  0x04,  0x06,  0x04,  0x13,  0x04,  0x20,  0x04,  0x2d,  0x04,  0x3b,  0x04,
  0x48,  0x04,  0x55,  0x04,  0x63,  0x04,  0x71,  0x04,  0x7e,  0x04,  0x8c,  0x04,  0x9a,  0x04,  0xa8,  0x04,
  0xb6,  0x04,  0xc4,  0x04,  0xd3,  0x04,  0xe1,  0x04,  0xf0,  0x04,  0xfe,  0x05,  0x0d,  0x05,  0x1c,  0x05,
  0x2b,  0x05,  0x3a,  0x05,  0x49,  0x05,  0x58,  0x05,  0x67,  0x05,  0x77,  0x05,  0x86,  0x05,  0x96,  0x05,
  0xa6,  0x05,  0xb5,  0x05,  0xc5,  0x05,  0xd5,  0x05,  0xe5,  0x05,  0xf6,  0x06,  0x06,  0x06,  0x16,  0x06,
  0x27,  0x06,  0x37,  0x06,  0x48,  0x06,  0x59,  0x06,  0x6a,  0x06,  0x7b,  0x06,  0x8c,  0x06,  0x9d,  0x06,
  0xaf,  0x06,  0xc0,  0x06,  0xd1,  0x06,  0xe3,  0x06,  0xf5,  0x07,  0x07,  0x07,  0x19,  0x07,  0x2b,  0x07,
  0x3d,  0x07,  0x4f,  0x07,  0x61,  0x07,  0x74,  0x07,  0x86,  0x07,  0x99,  0x07,  0xac,  0x07,  0xbf,  0x07,
  0xd2,  0x07,  0xe5,  0x07,  0xf8,  0x08,  0x0b,  0x08,  0x1f,  0x08,  0x32,  0x08,  0x46,  0x08,  0x5a,  0x08,
  0x6e,  0x08,  0x82,  0x08,  0x96,  0x08,  0xaa,  0x08,  0xbe,  0x08,  0xd2,  0x08,  0xe7,  0x08,  0xfb,  0x09,
  0x10,  0x09,  0x25,  0x09,  0x3a,  0x09,  0x4f,  0x09,  0x64,  0x09,  0x79,  0x09,  0x8f,  0x09,  0xa4,  0x09,
  0xba,  0x09,  0xcf,  0x09,  0xe5,  0x09,  0xfb,  0x0a,  0x11,  0x0a,  0x27,  0x0a,  0x3d,  0x0a,  0x54,  0x0a,
  0x6a,  0x0a,  0x81,  0x0a,  0x98,  0x0a,  0xae,  0x0a,  0xc5,  0x0a,  0xdc,  0x0a,  0xf3,  0x0b,  0x0b,  0x0b,
  0x22,  0x0b,  0x39,  0x0b,  0x51,  0x0b,  0x69,  0x0b,  0x80,  0x0b,  0x98,  0x0b,  0xb0,  0x0b,  0xc8,  0x0b,
  0xe1,  0x0b,  0xf9,  0x0c,  0x12,  0x0c,  0x2a,  0x0c,  0x43,  0x0c,  0x5c,  0x0c,  0x75,  0x0c,  0x8e,  0x0c,
  0xa7,  0x0c,  0xc0,  0x0c,  0xd9,  0x0c,  0xf3,  0x0d,  0x0d,  0x0d,  0x26,  0x0d,  0x40,  0x0d,  0x5a,  0x0d,
  0x74,  0x0d,  0x8e,  0x0d,  0xa9,  0x0d,  0xc3,  0x0d,  0xde,  0x0d,  0xf8,  0x0e,  0x13,  0x0e,  0x2e,  0x0e,
  0x49,  0x0e,  0x64,  0x0e,  0x7f,  0x0e,  0x9b,  0x0e,  0xb6,  0x0e,  0xd2,  0x0e,  0xee,  0x0f,  0x09,  0x0f,
  0x25,  0x0f,  0x41,  0x0f,  0x5e,  0x0f,  0x7a,  0x0f,  0x96,  0x0f,  0xb3,  0x0f,  0xcf,  0x0f,  0xec,  0x10,
  0x09,  0x10,  0x26,  0x10,  0x43,  0x10,  0x61,  0x10,  0x7e,  0x10,  0x9b,  0x10,  0xb9,  0x10,  0xd7,  0x10,
  0xf5,  0x11,  0x13,  0x11,  0x31,  0x11,  0x4f,  0x11,  0x6d,  0x11,  0x8c,  0x11,  0xaa,  0x11,  0xc9,  0x11,
  0xe8,  0x12,  0x07,  0x12,  0x26,  0x12,  0x45,  0x12,  0x64,  0x12,  0x84,  0x12,  0xa3,  0x12,  0xc3,  0x12,
  0xe3,  0x13,  0x03,  0x13,  0x23,  0x13,  0x43,  0x13,  0x63,  0x13,  0x83,  0x13,  0xa4,  0x13,  0xc5,  0x13,
  0xe5,  0x14,  0x06,  0x14,  0x27,  0x14,  0x49,  0x14,  0x6a,  0x14,  0x8b,  0x14,  0xad,  0x14,  0xce,  0x14,
  0xf0,  0x15,  0x12,  0x15,  0x34,  0x15,  0x56,  0x15,  0x78,  0x15,  0x9b,  0x15,  0xbd,  0x15,  0xe0,  0x16,
  0x03,  0x16,  0x26,  0x16,  0x49,  0x16,  0x6c,  0x16,  0x8f,  0x16,  0xb2,  0x16,  0xd6,  0x16,  0xfa,  0x17,
  0x1d,  0x17,  0x41,  0x17,  0x65,  0x17,  0x89,  0x17,  0xae,  0x17,  0xd2,  0x17,  0xf7,  0x18,  0x1b,  0x18,
  0x40,  0x18,  0x65,  0x18,  0x8a,  0x18,  0xaf,  0x18,  0xd5,  0x18,  0xfa,  0x19,  0x20,  0x19,  0x45,  0x19,
  0x6b,  0x19,  0x91,  0x19,  0xb7,  0x19,  0xdd,  0x1a,  0x04,  0x1a,  0x2a,  0x1a,  0x51,  0x1a,  0x77,  0x1a,
  0x9e,  0x1a,  0xc5,  0x1a,  0xec,  0x1b,  0x14,  0x1b,  0x3b,  0x1b,  0x63,  0x1b,  0x8a,  0x1b,  0xb2,  0x1b,
  0xda,  0x1c,  0x02,  0x1c,  0x2a,  0x1c,  0x52,  0x1c,  0x7b,  0x1c,  0xa3,  0x1c,  0xcc,  0x1c,  0xf5,  0x1d,
  0x1e,  0x1d,  0x47,  0x1d,  0x70,  0x1d,  0x99,  0x1d,  0xc3,  0x1d,  0xec,  0x1e,  0x16,  0x1e,  0x40,  0x1e,
  0x6a,  0x1e,  0x94,  0x1e,  0xbe,  0x1e,  0xe9,  0x1f,  0x13,  0x1f,  0x3e,  0x1f,  0x69,  0x1f,  0x94,  0x1f,
  0xbf,  0x1f,  0xea,  0x20,  0x15,  0x20,  0x41,  0x20,  0x6c,  0x20,  0x98,  0x20,  0xc4,  0x20,  0xf0,  0x21,
  0x1c,  0x21,  0x48,  0x21,  0x75,  0x21,  0xa1,  0x21,  0xce,  0x21,  0xfb,  0x22,  0x27,  0x22,  0x55,  0x22,
  0x82,  0x22,  0xaf,  0x22,  0xdd,  0x23,  0x0a,  0x23,  0x38,  0x23,  0x66,  0x23,  0x94,  0x23,  0xc2,  0x23,
  0xf0,  0x24,  0x1f,  0x24,  0x4d,  0x24,  0x7c,  0x24,  0xab,  0x24,  0xda,  0x25,  0x09,  0x25,  0x38,  0x25,
  0x68,  0x25,  0x97,  0x25,  0xc7,  0x25,  0xf7,  0x26,  0x27,  0x26,  0x57,  0x26,  0x87,  0x26,  0xb7,  0x26,
  0xe8,  0x27,  0x18,  0x27,  0x49,  0x27,  0x7a,  0x27,  0xab,  0x27,  0xdc,  0x28,  0x0d,  0x28,  0x3f,  0x28,
  0x71,  0x28,  0xa2,  0x28,  0xd4,  0x29,  0x06,  0x29,  0x38,  0x29,  0x6b,  0x29,  0x9d,  0x29,  0xd0,  0x2a,
  0x02,  0x2a,  0x35,  0x2a,  0x68,  0x2a,  0x9b,  0x2a,  0xcf,  0x2b,  0x02,  0x2b,  0x36,  0x2b,  0x69,  0x2b,
  0x9d,  0x2b,  0xd1,  0x2c,  0x05,  0x2c,  0x39,  0x2c,  0x6e,  0x2c,  0xa2,  0x2c,  0xd7,  0x2d,  0x0c,  0x2d,
  0x41,  0x2d,  0x76,  0x2d,  0xab,  0x2d,  0xe1,  0x2e,  0x16,  0x2e,  0x4c,  0x2e,  0x82,  0x2e,  0xb7,  0x2e,
  0xee,  0x2f,  0x24,  0x2f,  0x5a,  0x2f,  0x91,  0x2f,  0xc7,  0x2f,  0xfe,  0x30,  0x35,  0x30,  0x6c,  0x30,
  0xa4,  0x30,  0xdb,  0x31,  0x12,  0x31,  0x4a,  0x31,  0x82,  0x31,  0xba,  0x31,  0xf2,  0x32,  0x2a,  0x32,
  0x63,  0x32,  0x9b,  0x32,  0xd4,  0x33,  0x0d,  0x33,  0x46,  0x33,  0x7f,  0x33,  0xb8,  0x33,  0xf1,  0x34,
  0x2b,  0x34,  0x65,  0x34,  0x9e,  0x34,  0xd8,  0x35,  0x13,  0x35,  0x4d,  0x35,  0x87,  0x35,  0xc2,  0x35,
  0xfd,  0x36,  0x37,  0x36,  0x72,  0x36,  0xae,  0x36,  0xe9,  0x37,  0x24,  0x37,  0x60,  0x37,  0x9c,  0x37,
  0xd7,  0x38,  0x14,  0x38,  0x50,  0x38,  0x8c,  0x38,  0xc8,  0x39,  0x05,  0x39,  0x42,  0x39,  0x7f,  0x39,
  0xbc,  0x39,  0xf9,  0x3a,  0x36,  0x3a,  0x74,  0x3a,  0xb2,  0x3a,  0xef,  0x3b,  0x2d,  0x3b,  0x6b,  0x3b,
  0xaa,  0x3b,  0xe8,  0x3c,  0x27,  0x3c,  0x65,  0x3c,  0xa4,  0x3c,  0xe3,  0x3d,  0x22,  0x3d,  0x61,  0x3d,
  0xa1,  0x3d,  0xe0,  0x3e,  0x20,  0x3e,  0x60,  0x3e,  0xa0,  0x3e,  0xe0,  0x3f,  0x21,  0x3f,  0x61,  0x3f,
  0xa2,  0x3f,  0xe2,  0x40,  0x23,  0x40,  0x64,  0x40,  0xa6,  0x40,  0xe7,  0x41,  0x29,  0x41,  0x6a,  0x41,
  0xac,  0x41,  0xee,  0x42,  0x30,  0x42,  0x72,  0x42,  0xb5,  0x42,  0xf7,  0x43,  0x3a,  0x43,  0x7d,  0x43,
  0xc0,  0x44,  0x03,  0x44,  0x47,  0x44,  0x8a,  0x44,  0xce,  0x45,  0x12,  0x45,  0x55,  0x45,  0x9a,  0x45,
  0xde,  0x46,  0x22,  0x46,  0x67,  0x46,  0xab,  0x46,  0xf0,  0x47,  0x35,  0x47,  0x7b,  0x47,  0xc0,  0x48,
  0x05,  0x48,  0x4b,  0x48,  0x91,  0x48,  0xd7,  0x49,  0x1d,  0x49,  0x63,  0x49,  0xa9,  0x49,  0xf0,  0x4a,
  0x37,  0x4a,  0x7d,  0x4a,  0xc4,  0x4b,  0x0c,  0x4b,  0x53,  0x4b,  0x9a,  0x4b,  0xe2,  0x4c,  0x2a,  0x4c,
  0x72,  0x4c,  0xba,  0x4d,  0x02,  0x4d,  0x4a,  0x4d,  0x93,  0x4d,  0xdc,  0x4e,  0x25,  0x4e,  0x6e,  0x4e,
  0xb7,  0x4f,  0x00,  0x4f,  0x49,  0x4f,  0x93,  0x4f,  0xdd,  0x50,  0x27,  0x50,  0x71,  0x50,  0xbb,  0x51,
  0x06,  0x51,  0x50,  0x51,  0x9b,  0x51,  0xe6,  0x52,  0x31,  0x52,  0x7c,  0x52,  0xc7,  0x53,  0x13,  0x53,
  0x5f,  0x53,  0xaa,  0x53,  0xf6,  0x54,  0x42,  0x54,  0x8f,  0x54,  0xdb,  0x55,  0x28,  0x55,  0x75,  0x55,
  0xc2,  0x56,  0x0f,  0x56,  0x5c,  0x56,  0xa9,  0x56,  0xf7,  0x57,  0x44,  0x57,  0x92,  0x57,  0xe0,  0x58,
  0x2f,  0x58,  0x7d,  0x58,  0xcb,  0x59,  0x1a,  0x59,  0x69,  0x59,  0xb8,  0x5a,  0x07,  0x5a,  0x56,  0x5a,
  0xa6,  0x5a,  0xf5,  0x5b,  0x45,  0x5b,  0x95,  0x5b,  0xe5,  0x5c,  0x35,  0x5c,  0x86,  0x5c,  0xd6,  0x5d,
  0x27,  0x5d,  0x78,  0x5d,  0xc9,  0x5e,  0x1a,  0x5e,  0x6c,  0x5e,  0xbd,  0x5f,  0x0f,  0x5f,  0x61,  0x5f,
  0xb3,  0x60,  0x05,  0x60,  0x57,  0x60,  0xaa,  0x60,  0xfc,  0x61,  0x4f,  0x61,  0xa2,  0x61,  0xf5,  0x62,
  0x49,  0x62,  0x9c,  0x62,  0xf0,  0x63,  0x43,  0x63,  0x97,  0x63,  0xeb,  0x64,  0x40,  0x64,  0x94,  0x64,
  0xe9,  0x65,  0x3d,  0x65,  0x92,  0x65,  0xe7,  0x66,  0x3d,  0x66,  0x92,  0x66,  0xe8,  0x67,  0x3d,  0x67,
  0x93,  0x67,  0xe9,  0x68,  0x3f,  0x68,  0x96,  0x68,  0xec,  0x69,  0x43,  0x69,  0x9a,  0x69,  0xf1,  0x6a,
  0x48,  0x6a,  0x9f,  0x6a,  0xf7,  0x6b,  0x4f,  0x6b,  0xa7,  0x6b,  0xff,  0x6c,  0x57,  0x6c,  0xaf,  0x6d,
  0x08,  0x6d,  0x60,  0x6d,  0xb9,  0x6e,  0x12,  0x6e,  0x6b,  0x6e,  0xc4,  0x6f,  0x1e,  0x6f,  0x78,  0x6f,
  0xd1,  0x70,  0x2b,  0x70,  0x86,  0x70,  0xe0,  0x71,  0x3a,  0x71,  0x95,  0x71,  0xf0,  0x72,  0x4b,  0x72,
  0xa6,  0x73,  0x01,  0x73,  0x5d,  0x73,  0xb8,  0x74,  0x14,  0x74,  0x70,  0x74,  0xcc,  0x75,  0x28,  0x75,
  0x85,  0x75,  0xe1,  0x76,  0x3e,  0x76,  0x9b,  0x76,  0xf8,  0x77,  0x56,  0x77,  0xb3,  0x78,  0x11,  0x78,
  0x6e,  0x78,  0xcc,  0x79,  0x2a,  0x79,  0x89,  0x79,  0xe7,  0x7a,  0x46,  0x7a,  0xa5,  0x7b,  0x04,  0x7b,
  0x63,  0x7b,  0xc2,  0x7c,  0x21,  0x7c,  0x81,  0x7c,  0xe1,  0x7d,  0x41,  0x7d,  0xa1,  0x7e,  0x01,  0x7e,
  0x62,  0x7e,  0xc2,  0x7f,  0x23,  0x7f,  0x84,  0x7f,  0xe5,  0x80,  0x47,  0x80,  0xa8,  0x81,  0x0a,  0x81,
  0x6b,  0x81,  0xcd,  0x82,  0x30,  0x82,  0x92,  0x82,  0xf4,  0x83,  0x57,  0x83,  0xba,  0x84,  0x1d,  0x84,
  0x80,  0x84,  0xe3,  0x85,  0x47,  0x85,  0xab,  0x86,  0x0e,  0x86,  0x72,  0x86,  0xd7,  0x87,  0x3b,  0x87,
  0x9f,  0x88,  0x04,  0x88,  0x69,  0x88,  0xce,  0x89,  0x33,  0x89,  0x99,  0x89,  0xfe,  0x8a,  0x64,  0x8a,
  0xca,  0x8b,  0x30,  0x8b,  0x96,  0x8b,  0xfc,  0x8c,  0x63,  0x8c,  0xca,  0x8d,  0x31,  0x8d,  0x98,  0x8d,
  0xff,  0x8e,  0x66,  0x8e,  0xce,  0x8f,  0x36,  0x8f,  0x9e,  0x90,  0x06,  0x90,  0x6e,  0x90,  0xd6,  0x91,
  0x3f,  0x91,  0xa8,  0x92,  0x11,  0x92,  0x7a,  0x92,  0xe3,  0x93,  0x4d,  0x93,  0xb6,  0x94,  0x20,  0x94,
  0x8a,  0x94,  0xf4,  0x95,  0x5f,  0x95,  0xc9,  0x96,  0x34,  0x96,  0x9f,  0x97,  0x0a,  0x97,  0x75,  0x97,
  0xe0,  0x98,  0x4c,  0x98,  0xb8,  0x99,  0x24,  0x99,  0x90,  0x99,  0xfc,  0x9a,  0x68,  0x9a,  0xd5,  0x9b,
  0x42,  0x9b,  0xaf,  0x9c,  0x1c,  0x9c,  0x89,  0x9c,  0xf7,  0x9d,  0x64,  0x9d,  0xd2,  0x9e,  0x40,  0x9e,
  0xae,  0x9f,  0x1d,  0x9f,  0x8b,  0x9f,  0xfa,  0xa0,  0x69,  0xa0,  0xd8,  0xa1,  0x47,  0xa1,  0xb6,  0xa2,
  0x26,  0xa2,  0x96,  0xa3,  0x06,  0xa3,  0x76,  0xa3,  0xe6,  0xa4,  0x56,  0xa4,  0xc7,  0xa5,  0x38,  0xa5,
  0xa9,  0xa6,  0x1a,  0xa6,  0x8b,  0xa6,  0xfd,  0xa7,  0x6e,  0xa7,  0xe0,  0xa8,  0x52,  0xa8,  0xc4,  0xa9,
  0x37,  0xa9,  0xa9,  0xaa,  0x1c,  0xaa,  0x8f,  0xab,  0x02,  0xab,  0x75,  0xab,  0xe9,  0xac,  0x5c,  0xac,
  0xd0,  0xad,  0x44,  0xad,  0xb8,  0xae,  0x2d,  0xae,  0xa1,  0xaf,  0x16,  0xaf,  0x8b,  0xb0,  0x00,  0xb0,
  0x75,  0xb0,  0xea,  0xb1,  0x60,  0xb1,  0xd6,  0xb2,  0x4b,  0xb2,  0xc2,  0xb3,  0x38,  0xb3,  0xae,  0xb4,
  0x25,  0xb4,  0x9c,  0xb5,  0x13,  0xb5,  0x8a,  0xb6,  0x01,  0xb6,  0x79,  0xb6,  0xf0,  0xb7,  0x68,  0xb7,
  0xe0,  0xb8,  0x59,  0xb8,  0xd1,  0xb9,  0x4a,  0xb9,  0xc2,  0xba,  0x3b,  0xba,  0xb5,  0xbb,  0x2e,  0xbb,
  0xa7,  0xbc,  0x21,  0xbc,  0x9b,  0xbd,  0x15,  0xbd,  0x8f,  0xbe,  0x0a,  0xbe,  0x84,  0xbe,  0xff,  0xbf,
  0x7a,  0xbf,  0xf5,  0xc0,  0x70,  0xc0,  0xec,  0xc1,  0x67,  0xc1,  0xe3,  0xc2,  0x5f,  0xc2,  0xdb,  0xc3,
  0x58,  0xc3,  0xd4,  0xc4,  0x51,  0xc4,  0xce,  0xc5,  0x4b,  0xc5,  0xc8,  0xc6,  0x46,  0xc6,  0xc3,  0xc7,
  0x41,  0xc7,  0xbf,  0xc8,  0x3d,  0xc8,  0xbc,  0xc9,  0x3a,  0xc9,  0xb9,  0xca,  0x38,  0xca,  0xb7,  0xcb,
  0x36,  0xcb,  0xb6,  0xcc,  0x35,  0xcc,  0xb5,  0xcd,  0x35,  0xcd,  0xb5,  0xce,  0x36,  0xce,  0xb6,  0xcf,
  0x37,  0xcf,  0xb8,  0xd0,  0x39,  0xd0,  0xba,  0xd1,  0x3c,  0xd1,  0xbe,  0xd2,  0x3f,  0xd2,  0xc1,  0xd3,
  0x44,  0xd3,  0xc6,  0xd4,  0x49,  0xd4,  0xcb,  0xd5,  0x4e,  0xd5,  0xd1,  0xd6,  0x55,  0xd6,  0xd8,  0xd7,
  0x5c,  0xd7,  0xe0,  0xd8,  0x64,  0xd8,  0xe8,  0xd9,  0x6c,  0xd9,  0xf1,  0xda,  0x76,  0xda,  0xfb,  0xdb,
  0x80,  0xdc,  0x05,  0xdc,  0x8a,  0xdd,  0x10,  0xdd,  0x96,  0xde,  0x1c,  0xde,  0xa2,  0xdf,  0x29,  0xdf,
  0xaf,  0xe0,  0x36,  0xe0,  0xbd,  0xe1,  0x44,  0xe1,  0xcc,  0xe2,  0x53,  0xe2,  0xdb,  0xe3,  0x63,  0xe3,
  0xeb,  0xe4,  0x73,  0xe4,  0xfc,  0xe5,  0x84,  0xe6,  0x0d,  0xe6,  0x96,  0xe7,  0x1f,  0xe7,  0xa9,  0xe8,
  0x32,  0xe8,  0xbc,  0xe9,  0x46,  0xe9,  0xd0,  0xea,  0x5b,  0xea,  0xe5,  0xeb,  0x70,  0xeb,  0xfb,  0xec,
  0x86,  0xed,  0x11,  0xed,  0x9c,  0xee,  0x28,  0xee,  0xb4,  0xef,  0x40,  0xef,  0xcc,  0xf0,  0x58,  0xf0,
  0xe5,  0xf1,  0x72,  0xf1,  0xff,  0xf2,  0x8c,  0xf3,  0x19,  0xf3,  0xa7,  0xf4,  0x34,  0xf4,  0xc2,  0xf5,
  0x50,  0xf5,  0xde,  0xf6,  0x6d,  0xf6,  0xfb,  0xf7,  0x8a,  0xf8,  0x19,  0xf8,  0xa8,  0xf9,  0x38,  0xf9,
  0xc7,  0xfa,  0x57,  0xfa,  0xe7,  0xfb,  0x77,  0xfc,  0x07,  0xfc,  0x98,  0xfd,  0x29,  0xfd,  0xba,  0xfe,
  0x4b,  0xfe,  0xdc,  0xff,  0x6d,  0xff,  0xff,  0x63,  0x75,  0x72,  0x76,  0x00,  0x00,  0x00,  0x00,  0x00,
  0x00,  0x04,  0x00,  0x00,  0x00,  0x00,  0x05,  0x00,  0x0a,  0x00,  0x0f,  0x00,  0x14,  0x00,  0x19,  0x00,
  0x1e,  0x00,  0x23,  0x00,  0x28,  0x00,  0x2d,  0x00,  0x32,  0x00,  0x37,  0x00,  0x3b,  0x00,  0x40,  0x00,
  0x45,  0x00,  0x4a,  0x00,  0x4f,  0x00,  0x54,  0x00,  0x59,  0x00,  0x5e,  0x00,  0x63,  0x00,  0x68,  0x00,
  0x6d,  0x00,  0x72,  0x00,  0x77,  0x00,  0x7c,  0x00,  0x81,  0x00,  0x86,  0x00,  0x8b,  0x00,  0x90,  0x00,
  0x95,  0x00,  0x9a,  0x00,  0x9f,  0x00,  0xa4,  0x00,  0xa9,  0x00,  0xae,  0x00,  0xb2,  0x00,  0xb7,  0x00,
  0xbc,  0x00,  0xc1,  0x00,  0xc6,  0x00,  0xcb,  0x00,  0xd0,  0x00,  0xd5,  0x00,  0xdb,  0x00,  0xe0,  0x00,
  0xe5,  0x00,  0xeb,  0x00,  0xf0,  0x00,  0xf6,  0x00,  0xfb,  0x01,  0x01,  0x01,  0x07,  0x01,  0x0d,  0x01,
  0x13,  0x01,  0x19,  0x01,  0x1f,  0x01,  0x25,  0x01,  0x2b,  0x01,  0x32,  0x01,  0x38,  0x01,  0x3e,  0x01,
  0x45,  0x01,  0x4c,  0x01,  0x52,  0x01,  0x59,  0x01,  0x60,  0x01,  0x67,  0x01,  0x6e,  0x01,  0x75,  0x01,
  0x7c,  0x01,  0x83,  0x01,  0x8b,  0x01,  0x92,  0x01,  0x9a,  0x01,  0xa1,  0x01,  0xa9,  0x01,  0xb1,  0x01,
  0xb9,  0x01,  0xc1,  0x01,  0xc9,  0x01,  0xd1,  0x01,  0xd9,  0x01,  0xe1,  0x01,  0xe9,  0x01,  0xf2,  0x01,
  0xfa,  0x02,  0x03,  0x02,  0x0c,  0x02,  0x14,  0x02,  0x1d,  0x02,  0x26,  0x02,  0x2f,  0x02,  0x38,  0x02,
  0x41,  0x02,  0x4b,  0x02,  0x54,  0x02,  0x5d,  0x02,  0x67,  0x02,  0x71,  0x02,  0x7a,  0x02,  0x84,  0x02,
  0x8e,  0x02,  0x98,  0x02,  0xa2,  0x02,  0xac,  0x02,  0xb6,  0x02,  0xc1,  0x02,  0xcb,  0x02,  0xd5,  0x02,
  0xe0,  0x02,  0xeb,  0x02,  0xf5,  0x03,  0x00,  0x03,  0x0b,  0x03,  0x16,  0x03,  0x21,  0x03,  0x2d,  0x03,
  0x38,  0x03,  0x43,  0x03,  0x4f,  0x03,  0x5a,  0x03,  0x66,  0x03,  0x72,  0x03,  0x7e,  0x03,  0x8a,  0x03,
  0x96,  0x03,  0xa2,  0x03,  0xae,  0x03,  0xba,  0x03,  0xc7,  0x03,  0xd3,  0x03,  0xe0,  0x03,  0xec,  0x03,
  0xf9,  0x04,  0x06,  0x04,  0x13,  0x04,  0x20,  0x04,  0x2d,  0x04,  0x3b,  0x04,  0x48,  0x04,  0x55,  0x04,
  0x63,  0x04,  0x71,  0x04,  0x7e,  0x04,  0x8c,  0x04,  0x9a,  0x04,  0xa8,  0x04,  0xb6,  0x04,  0xc4,  0x04,
  0xd3,  0x04,  0xe1,  0x04,  0xf0,  0x04,  0xfe,  0x05,  0x0d,  0x05,  0x1c,  0x05,  0x2b,  0x05,  0x3a,  0x05,
  0x49,  0x05,  0x58,  0x05,  0x67,  0x05,  0x77,  0x05,  0x86,  0x05,  0x96,  0x05,  0xa6,  0x05,  0xb5,  0x05,
  0xc5,  0x05,  0xd5,  0x05,  0xe5,  0x05,  0xf6,  0x06,  0x06,  0x06,  0x16,  0x06,  0x27,  0x06,  0x37,  0x06,
  0x48,  0x06,  0x59,  0x06,  0x6a,  0x06,  0x7b,  0x06,  0x8c,  0x06,  0x9d,  0x06,  0xaf,  0x06,  0xc0,  0x06,
  0xd1,  0x06,  0xe3,  0x06,  0xf5,  0x07,  0x07,  0x07,  0x19,  0x07,  0x2b,  0x07,  0x3d,  0x07,  0x4f,  0x07,
  0x61,  0x07,  0x74,  0x07,  0x86,  0x07,  0x99,  0x07,  0xac,  0x07,  0xbf,  0x07,  0xd2,  0x07,  0xe5,  0x07,
  0xf8,  0x08,  0x0b,  0x08,  0x1f,  0x08,  0x32,  0x08,  0x46,  0x08,  0x5a,  0x08,  0x6e,  0x08,  0x82,  0x08,
  0x96,  0x08,  0xaa,  0x08,  0xbe,  0x08,  0xd2,  0x08,  0xe7,  0x08,  0xfb,  0x09,  0x10,  0x09,  0x25,  0x09,
  0x3a,  0x09,  0x4f,  0x09,  0x64,  0x09,  0x79,  0x09,  0x8f,  0x09,  0xa4,  0x09,  0xba,  0x09,  0xcf,  0x09,
  0xe5,  0x09,  0xfb,  0x0a,  0x11,  0x0a,  0x27,  0x0a,  0x3d,  0x0a,  0x54,  0x0a,  0x6a,  0x0a,  0x81,  0x0a,
  0x98,  0x0a,  0xae,  0x0a,  0xc5,  0x0a,  0xdc,  0x0a,  0xf3,  0x0b,  0x0b,  0x0b,  0x22,  0x0b,  0x39,  0x0b,
  0x51,  0x0b,  0x69,  0x0b,  0x80,  0x0b,  0x98,  0x0b,  0xb0,  0x0b,  0xc8,  0x0b,  0xe1,  0x0b,  0xf9,  0x0c,
  0x12,  0x0c,  0x2a,  0x0c,  0x43,  0x0c,  0x5c,  0x0c,  0x75,  0x0c,  0x8e,  0x0c,  0xa7,  0x0c,  0xc0,  0x0c,
  0xd9,  0x0c,  0xf3,  0x0d,  0x0d,  0x0d,  0x26,  0x0d,  0x40,  0x0d,  0x5a,  0x0d,  0x74,  0x0d,  0x8e,  0x0d,
  0xa9,  0x0d,  0xc3,  0x0d,  0xde,  0x0d,  0xf8,  0x0e,  0x13,  0x0e,  0x2e,  0x0e,  0x49,  0x0e,  0x64,  0x0e,
  0x7f,  0x0e,  0x9b,  0x0e,  0xb6,  0x0e,  0xd2,  0x0e,  0xee,  0x0f,  0x09,  0x0f,  0x25,  0x0f,  0x41,  0x0f,
  0x5e,  0x0f,  0x7a,  0x0f,  0x96,  0x0f,  0xb3,  0x0f,  0xcf,  0x0f,  0xec,  0x10,  0x09,  0x10,  0x26,  0x10,
  0x43,  0x10,  0x61,  0x10,  0x7e,  0x10,  0x9b,  0x10,  0xb9,  0x10,  0xd7,  0x10,  0xf5,  0x11,  0x13,  0x11,
  0x31,  0x11,  0x4f,  0x11,  0x6d,  0x11,  0x8c,  0x11,  0xaa,  0x11,  0xc9,  0x11,  0xe8,  0x12,  0x07,  0x12,
  0x26,  0x12,  0x45,  0x12,  0x64,  0x12,  0x84,  0x12,  0xa3,  0x12,  0xc3,  0x12,  0xe3,  0x13,  0x03,  0x13,
  0x23,  0x13,  0x43,  0x13,  0x63,  0x13,  0x83,  0x13,  0xa4,  0x13,  0xc5,  0x13,  0xe5,  0x14,  0x06,  0x14,
  0x27,  0x14,  0x49,  0x14,  0x6a,  0x14,  0x8b,  0x14,  0xad,  0x14,  0xce,  0x14,  0xf0,  0x15,  0x12,  0x15,
  0x34,  0x15,  0x56,  0x15,  0x78,  0x15,  0x9b,  0x15,  0xbd,  0x15,  0xe0,  0x16,  0x03,  0x16,  0x26,  0x16,
  0x49,  0x16,  0x6c,  0x16,  0x8f,  0x16,  0xb2,  0x16,  0xd6,  0x16,  0xfa,  0x17,  0x1d,  0x17,  0x41,  0x17,
  0x65,  0x17,  0x89,  0x17,  0xae,  0x17,  0xd2,  0x17,  0xf7,  0x18,  0x1b,  0x18,  0x40,  0x18,  0x65,  0x18,
  0x8a,  0x18,  0xaf,  0x18,  0xd5,  0x18,  0xfa,  0x19,  0x20,  0x19,  0x45,  0x19,  0x6b,  0x19,  0x91,  0x19,
  0xb7,  0x19,  0xdd,  0x1a,  0x04,  0x1a,  0x2a,  0x1a,  0x51,  0x1a,  0x77,  0x1a,  0x9e,  0x1a,  0xc5,  0x1a,
  0xec,  0x1b,  0x14,  0x1b,  0x3b,  0x1b,  0x63,  0x1b,  0x8a,  0x1b,  0xb2,  0x1b,  0xda,  0x1c,  0x02,  0x1c,
  0x2a,  0x1c,  0x52,  0x1c,  0x7b,  0x1c,  0xa3,  0x1c,  0xcc,  0x1c,  0xf5,  0x1d,  0x1e,  0x1d,  0x47,  0x1d,
  0x70,  0x1d,  0x99,  0x1d,  0xc3,  0x1d,  0xec,  0x1e,  0x16,  0x1e,  0x40,  0x1e,  0x6a,  0x1e,  0x94,  0x1e,
  0xbe,  0x1e,  0xe9,  0x1f,  0x13,  0x1f,  0x3e,  0x1f,  0x69,  0x1f,  0x94,  0x1f,  0xbf,  0x1f,  0xea,  0x20,
  0x15,  0x20,  0x41,  0x20,  0x6c,  0x20,  0x98,  0x20,  0xc4,  0x20,  0xf0,  0x21,  0x1c,  0x21,  0x48,  0x21,
  0x75,  0x21,  0xa1,  0x21,  0xce,  0x21,  0xfb,  0x22,  0x27,  0x22,  0x55,  0x22,  0x82,  0x22,  0xaf,  0x22,
  0xdd,  0x23,  0x0a,  0x23,  0x38,  0x23,  0x66,  0x23,  0x94,  0x23,  0xc2,  0x23,  0xf0,  0x24,  0x1f,  0x24,
  0x4d,  0x24,  0x7c,  0x24,  0xab,  0x24,  0xda,  0x25,  0x09,  0x25,  0x38,  0x25,  0x68,  0x25,  0x97,  0x25,
  0xc7,  0x25,  0xf7,  0x26,  0x27,  0x26,  0x57,  0x26,  0x87,  0x26,  0xb7,  0x26,  0xe8,  0x27,  0x18,  0x27,
  0x49,  0x27,  0x7a,  0x27,  0xab,  0x27,  0xdc,  0x28,  0x0d,  0x28,  0x3f,  0x28,  0x71,  0x28,  0xa2,  0x28,
  0xd4,  0x29,  0x06,  0x29,  0x38,  0x29,  0x6b,  0x29,  0x9d,  0x29,  0xd0,  0x2a,  0x02,  0x2a,  0x35,  0x2a,
  0x68,  0x2a,  0x9b,  0x2a,  0xcf,  0x2b,  0x02,  0x2b,  0x36,  0x2b,  0x69,  0x2b,  0x9d,  0x2b,  0xd1,  0x2c,
  0x05,  0x2c,  0x39,  0x2c,  0x6e,  0x2c,  0xa2,  0x2c,  0xd7,  0x2d,  0x0c,  0x2d,  0x41,  0x2d,  0x76,  0x2d,
  0xab,  0x2d,  0xe1,  0x2e,  0x16,  0x2e,  0x4c,  0x2e,  0x82,  0x2e,  0xb7,  0x2e,  0xee,  0x2f,  0x24,  0x2f,
  0x5a,  0x2f,  0x91,  0x2f,  0xc7,  0x2f,  0xfe,  0x30,  0x35,  0x30,  0x6c,  0x30,  0xa4,  0x30,  0xdb,  0x31,
  0x12,  0x31,  0x4a,  0x31,  0x82,  0x31,  0xba,  0x31,  0xf2,  0x32,  0x2a,  0x32,  0x63,  0x32,  0x9b,  0x32,
  0xd4,  0x33,  0x0d,  0x33,  0x46,  0x33,  0x7f,  0x33,  0xb8,  0x33,  0xf1,  0x34,  0x2b,  0x34,  0x65,  0x34,
  0x9e,  0x34,  0xd8,  0x35,  0x13,  0x35,  0x4d,  0x35,  0x87,  0x35,  0xc2,  0x35,  0xfd,  0x36,  0x37,  0x36,
  0x72,  0x36,  0xae,  0x36,  0xe9,  0x37,  0x24,  0x37,  0x60,  0x37,  0x9c,  0x37,  0xd7,  0x38,  0x14,  0x38,
  0x50,  0x38,  0x8c,  0x38,  0xc8,  0x39,  0x05,  0x39,  0x42,  0x39,  0x7f,  0x39,  0xbc,  0x39,  0xf9,  0x3a,
  0x36,  0x3a,  0x74,  0x3a,  0xb2,  0x3a,  0xef,  0x3b,  0x2d,  0x3b,  0x6b,  0x3b,  0xaa,  0x3b,  0xe8,  0x3c,
  0x27,  0x3c,  0x65,  0x3c,  0xa4,  0x3c,  0xe3,  0x3d,  0x22,  0x3d,  0x61,  0x3d,  0xa1,  0x3d,  0xe0,  0x3e,
  0x20,  0x3e,  0x60,  0x3e,  0xa0,  0x3e,  0xe0,  0x3f,  0x21,  0x3f,  0x61,  0x3f,  0xa2,  0x3f,  0xe2,  0x40,
  0x23,  0x40,  0x64,  0x40,  0xa6,  0x40,  0xe7,  0x41,  0x29,  0x41,  0x6a,  0x41,  0xac,  0x41,  0xee,  0x42,
  0x30,  0x42,  0x72,  0x42,  0xb5,  0x42,  0xf7,  0x43,  0x3a,  0x43,  0x7d,  0x43,  0xc0,  0x44,  0x03,  0x44,
  0x47,  0x44,  0x8a,  0x44,  0xce,  0x45,  0x12,  0x45,  0x55,  0x45,  0x9a,  0x45,  0xde,  0x46,  0x22,  0x46,
  0x67,  0x46,  0xab,  0x46,  0xf0,  0x47,  0x35,  0x47,  0x7b,  0x47,  0xc0,  0x48,  0x05,  0x48,  0x4b,  0x48,
  0x91,  0x48,  0xd7,  0x49,  0x1d,  0x49,  0x63,  0x49,  0xa9,  0x49,  0xf0,  0x4a,  0x37,  0x4a,  0x7d,  0x4a,
  0xc4,  0x4b,  0x0c,  0x4b,  0x53,  0x4b,  0x9a,  0x4b,  0xe2,  0x4c,  0x2a,  0x4c,  0x72,  0x4c,  0xba,  0x4d,
  0x02,  0x4d,  0x4a,  0x4d,  0x93,  0x4d,  0xdc,  0x4e,  0x25,  0x4e,  0x6e,  0x4e,  0xb7,  0x4f,  0x00,  0x4f,
  0x49,  0x4f,  0x93,  0x4f,  0xdd,  0x50,  0x27,  0x50,  0x71,  0x50,  0xbb,  0x51,  0x06,  0x51,  0x50,  0x51,
  0x9b,  0x51,  0xe6,  0x52,  0x31,  0x52,  0x7c,  0x52,  0xc7,  0x53,  0x13,  0x53,  0x5f,  0x53,  0xaa,  0x53,
  0xf6,  0x54,  0x42,  0x54,  0x8f,  0x54,  0xdb,  0x55,  0x28,  0x55,  0x75,  0x55,  0xc2,  0x56,  0x0f,  0x56,
  0x5c,  0x56,  0xa9,  0x56,  0xf7,  0x57,  0x44,  0x57,  0x92,  0x57,  0xe0,  0x58,  0x2f,  0x58,  0x7d,  0x58,
  0xcb,  0x59,  0x1a,  0x59,  0x69,  0x59,  0xb8,  0x5a,  0x07,  0x5a,  0x56,  0x5a,  0xa6,  0x5a,  0xf5,  0x5b,
  0x45,  0x5b,  0x95,  0x5b,  0xe5,  0x5c,  0x35,  0x5c,  0x86,  0x5c,  0xd6,  0x5d,  0x27,  0x5d,  0x78,  0x5d,
  0xc9,  0x5e,  0x1a,  0x5e,  0x6c,  0x5e,  0xbd,  0x5f,  0x0f,  0x5f,  0x61,  0x5f,  0xb3,  0x60,  0x05,  0x60,
  0x57,  0x60,  0xaa,  0x60,  0xfc,  0x61,  0x4f,  0x61,  0xa2,  0x61,  0xf5,  0x62,  0x49,  0x62,  0x9c,  0x62,
  0xf0,  0x63,  0x43,  0x63,  0x97,  0x63,  0xeb,  0x64,  0x40,  0x64,  0x94,  0x64,  0xe9,  0x65,  0x3d,  0x65,
  0x92,  0x65,  0xe7,  0x66,  0x3d,  0x66,  0x92,  0x66,  0xe8,  0x67,  0x3d,  0x67,  0x93,  0x67,  0xe9,  0x68,
  0x3f,  0x68,  0x96,  0x68,  0xec,  0x69,  0x43,  0x69,  0x9a,  0x69,  0xf1,  0x6a,  0x48,  0x6a,  0x9f,  0x6a,
  0xf7,  0x6b,  0x4f,  0x6b,  0xa7,  0x6b,  0xff,  0x6c,  0x57,  0x6c,  0xaf,  0x6d,  0x08,  0x6d,  0x60,  0x6d,
  0xb9,  0x6e,  0x12,  0x6e,  0x6b,  0x6e,  0xc4,  0x6f,  0x1e,  0x6f,  0x78,  0x6f,  0xd1,  0x70,  0x2b,  0x70,
  0x86,  0x70,  0xe0,  0x71,  0x3a,  0x71,  0x95,  0x71,  0xf0,  0x72,  0x4b,  0x72,  0xa6,  0x73,  0x01,  0x73,
  0x5d,  0x73,  0xb8,  0x74,  0x14,  0x74,  0x70,  0x74,  0xcc,  0x75,  0x28,  0x75,  0x85,  0x75,  0xe1,  0x76,
  0x3e,  0x76,  0x9b,  0x76,  0xf8,  0x77,  0x56,  0x77,  0xb3,  0x78,  0x11,  0x78,  0x6e,  0x78,  0xcc,  0x79,
  0x2a,  0x79,  0x89,  0x79,  0xe7,  0x7a,  0x46,  0x7a,  0xa5,  0x7b,  0x04,  0x7b,  0x63,  0x7b,  0xc2,  0x7c,
  0x21,  0x7c,  0x81,  0x7c,  0xe1,  0x7d,  0x41,  0x7d,  0xa1,  0x7e,  0x01,  0x7e,  0x62,  0x7e,  0xc2,  0x7f,
  0x23,  0x7f,  0x84,  0x7f,  0xe5,  0x80,  0x47,  0x80,  0xa8,  0x81,  0x0a,  0x81,  0x6b,  0x81,  0xcd,  0x82,
  0x30,  0x82,  0x92,  0x82,  0xf4,  0x83,  0x57,  0x83,  0xba,  0x84,  0x1d,  0x84,  0x80,  0x84,  0xe3,  0x85,
  0x47,  0x85,  0xab,  0x86,  0x0e,  0x86,  0x72,  0x86,  0xd7,  0x87,  0x3b,  0x87,  0x9f,  0x88,  0x04,  0x88,
  0x69,  0x88,  0xce,  0x89,  0x33,  0x89,  0x99,  0x89,  0xfe,  0x8a,  0x64,  0x8a,  0xca,  0x8b,  0x30,  0x8b,
  0x96,  0x8b,  0xfc,  0x8c,  0x63,  0x8c,  0xca,  0x8d,  0x31,  0x8d,  0x98,  0x8d,  0xff,  0x8e,  0x66,  0x8e,
  0xce,  0x8f,  0x36,  0x8f,  0x9e,  0x90,  0x06,  0x90,  0x6e,  0x90,  0xd6,  0x91,  0x3f,  0x91,  0xa8,  0x92,
  0x11,  0x92,  0x7a,  0x92,  0xe3,  0x93,  0x4d,  0x93,  0xb6,  0x94,  0x20,  0x94,  0x8a,  0x94,  0xf4,  0x95,
  0x5f,  0x95,  0xc9,  0x96,  0x34,  0x96,  0x9f,  0x97,  0x0a,  0x97,  0x75,  0x97,  0xe0,  0x98,  0x4c,  0x98,
  0xb8,  0x99,  0x24,  0x99,  0x90,  0x99,  0xfc,  0x9a,  0x68,  0x9a,  0xd5,  0x9b,  0x42,  0x9b,  0xaf,  0x9c,
  0x1c,  0x9c,  0x89,  0x9c,  0xf7,  0x9d,  0x64,  0x9d,  0xd2,  0x9e,  0x40,  0x9e,  0xae,  0x9f,  0x1d,  0x9f,
  0x8b,  0x9f,  0xfa,  0xa0,  0x69,  0xa0,  0xd8,  0xa1,  0x47,  0xa1,  0xb6,  0xa2,  0x26,  0xa2,  0x96,  0xa3,
  0x06,  0xa3,  0x76,  0xa3,  0xe6,  0xa4,  0x56,  0xa4,  0xc7,  0xa5,  0x38,  0xa5,  0xa9,  0xa6,  0x1a,  0xa6,
  0x8b,  0xa6,  0xfd,  0xa7,  0x6e,  0xa7,  0xe0,  0xa8,  0x52,  0xa8,  0xc4,  0xa9,  0x37,  0xa9,  0xa9,  0xaa,
  0x1c,  0xaa,  0x8f,  0xab,  0x02,  0xab,  0x75,  0xab,  0xe9,  0xac,  0x5c,  0xac,  0xd0,  0xad,  0x44,  0xad,
  0xb8,  0xae,  0x2d,  0xae,  0xa1,  0xaf,  0x16,  0xaf,  0x8b,  0xb0,  0x00,  0xb0,  0x75,  0xb0,  0xea,  0xb1,
  0x60,  0xb1,  0xd6,  0xb2,  0x4b,  0xb2,  0xc2,  0xb3,  0x38,  0xb3,  0xae,  0xb4,  0x25,  0xb4,  0x9c,  0xb5,
  0x13,  0xb5,  0x8a,  0xb6,  0x01,  0xb6,  0x79,  0xb6,  0xf0,  0xb7,  0x68,  0xb7,  0xe0,  0xb8,  0x59,  0xb8,
  0xd1,  0xb9,  0x4a,  0xb9,  0xc2,  0xba,  0x3b,  0xba,  0xb5,  0xbb,  0x2e,  0xbb,  0xa7,  0xbc,  0x21,  0xbc,
  0x9b,  0xbd,  0x15,  0xbd,  0x8f,  0xbe,  0x0a,  0xbe,  0x84,  0xbe,  0xff,  0xbf,  0x7a,  0xbf,  0xf5,  0xc0,
  0x70,  0xc0,  0xec,  0xc1,  0x67,  0xc1,  0xe3,  0xc2,  0x5f,  0xc2,  0xdb,  0xc3,  0x58,  0xc3,  0xd4,  0xc4,
  0x51,  0xc4,  0xce,  0xc5,  0x4b,  0xc5,  0xc8,  0xc6,  0x46,  0xc6,  0xc3,  0xc7,  0x41,  0xc7,  0xbf,  0xc8,
  0x3d,  0xc8,  0xbc,  0xc9,  0x3a,  0xc9,  0xb9,  0xca,  0x38,  0xca,  0xb7,  0xcb,  0x36,  0xcb,  0xb6,  0xcc,
  0x35,  0xcc,  0xb5,  0xcd,  0x35,  0xcd,  0xb5,  0xce,  0x36,  0xce,  0xb6,  0xcf,  0x37,  0xcf,  0xb8,  0xd0,
  0x39,  0xd0,  0xba,  0xd1,  0x3c,  0xd1,  0xbe,  0xd2,  0x3f,  0xd2,  0xc1,  0xd3,  0x44,  0xd3,  0xc6,  0xd4,
  0x49,  0xd4,  0xcb,  0xd5,  0x4e,  0xd5,  0xd1,  0xd6,  0x55,  0xd6,  0xd8,  0xd7,  0x5c,  0xd7,  0xe0,  0xd8,
  0x64,  0xd8,  0xe8,  0xd9,  0x6c,  0xd9,  0xf1,  0xda,  0x76,  0xda,  0xfb,  0xdb,  0x80,  0xdc,  0x05,  0xdc,
  0x8a,  0xdd,  0x10,  0xdd,  0x96,  0xde,  0x1c,  0xde,  0xa2,  0xdf,  0x29,  0xdf,  0xaf,  0xe0,  0x36,  0xe0,
  0xbd,  0xe1,  0x44,  0xe1,  0xcc,  0xe2,  0x53,  0xe2,  0xdb,  0xe3,  0x63,  0xe3,  0xeb,  0xe4,  0x73,  0xe4,
  0xfc,  0xe5,  0x84,  0xe6,  0x0d,  0xe6,  0x96,  0xe7,  0x1f,  0xe7,  0xa9,  0xe8,  0x32,  0xe8,  0xbc,  0xe9,
  0x46,  0xe9,  0xd0,  0xea,  0x5b,  0xea,  0xe5,  0xeb,  0x70,  0xeb,  0xfb,  0xec,  0x86,  0xed,  0x11,  0xed,
  0x9c,  0xee,  0x28,  0xee,  0xb4,  0xef,  0x40,  0xef,  0xcc,  0xf0,  0x58,  0xf0,  0xe5,  0xf1,  0x72,  0xf1,
  0xff,  0xf2,  0x8c,  0xf3,  0x19,  0xf3,  0xa7,  0xf4,  0x34,  0xf4,  0xc2,  0xf5,  0x50,  0xf5,  0xde,  0xf6,
  0x6d,  0xf6,  0xfb,  0xf7,  0x8a,  0xf8,  0x19,  0xf8,  0xa8,  0xf9,  0x38,  0xf9,  0xc7,  0xfa,  0x57,  0xfa,
  0xe7,  0xfb,  0x77,  0xfc,  0x07,  0xfc,  0x98,  0xfd,  0x29,  0xfd,  0xba,  0xfe,  0x4b,  0xfe,  0xdc,  0xff,
  0x6d,  0xff,  0xff,  0xff,  0xfe,  0x00,  0x26,  0x46,  0x69,  0x6c,  0x65,  0x20,  0x77,  0x72,  0x69,  0x74,
  0x74,  0x65,  0x6e,  0x20,  0x62,  0x79,  0x20,  0x41,  0x64,  0x6f,  0x62,  0x65,  0x20,  0x50,  0x68,  0x6f,
  0x74,  0x6f,  0x73,  0x68,  0x6f,  0x70,  0xa8,  0x20,  0x34,  0x2e,  0x30,  0xff,  0xc0,  0x00,  0x11,  0x08,
  0x01,  0x00,  0x01,  0x00,  0x03,  0x01,  0x11,  0x00,  0x02,  0x11,  0x01,  0x03,  0x11,  0x01,  0xff,  0xdb,
  0x00,  0x84,  0x00,  0x06,  0x04,  0x05,  0x06,  0x05,  0x04,  0x06,  0x06,  0x05,  0x06,  0x07,  0x07,  0x06,
  0x08,  0x0a,  0x11,  0x0b,  0x0a,  0x09,  0x09,  0x0a,  0x15,  0x0f,  0x10,  0x0c,  0x11,  0x19,  0x16,  0x1a,
  0x1a,  0x18,  0x16,  0x18,  0x17,  0x1b,  0x1f,  0x28,  0x21,  0x1b,  0x1d,  0x25,  0x1e,  0x17,  0x18,  0x22,
  0x2f,  0x23,  0x25,  0x29,  0x2a,  0x2c,  0x2d,  0x2c,  0x1b,  0x21,  0x31,  0x34,  0x30,  0x2b,  0x34,  0x28,
  0x2b,  0x2c,  0x2b,  0x01,  0x07,  0x07,  0x07,  0x0a,  0x09,  0x0a,  0x14,  0x0b,  0x0b,  0x14,  0x2b,  0x1c,
  0x18,  0x1c,  0x1c,  0x2b,  0x2b,  0x2b,  0x2b,  0x2b,  0x2b,  0x2b,  0x2b,  0x2b,  0x2b,  0x2b,  0x2b,  0x2b,
  0x2b,  0x2b,  0x2b,  0x2b,  0x2b,  0x2b,  0x2b,  0x2b,  0x2b,  0x2b,  0x2b,  0x2b,  0x2b,  0x2b,  0x2b,  0x2b,
  0x2b,  0x2b,  0x2b,  0x2b,  0x2b,  0x2b,  0x2b,  0x2b,  0x2b,  0x2b,  0x2b,  0x2b,  0x2b,  0x2b,  0x2b,  0x2b,
  0x2b,  0x2b,  0x2b,  0x2b,  0xff,  0xc4,  0x01,  0xa2,  0x00,  0x00,  0x01,  0x05,  0x01,  0x01,  0x01,  0x01,
  0x01,  0x01,  0x00,  0x00,  0x00,  0x00,  0x00,  0x00,  0x00,  0x00,  0x01,  0x02,  0x03,  0x04,  0x05,  0x06,
  0x07,  0x08,  0x09,  0x0a,  0x0b,  0x10,  0x00,  0x02,  0x01,  0x03,  0x03,  0x02,  0x04,  0x03,  0x05,  0x05,
  0x04,  0x04,  0x00,  0x00,  0x01,  0x7d,  0x01,  0x02,  0x03,  0x00,  0x04,  0x11,  0x05,  0x12,  0x21,  0x31,
  0x41,  0x06,  0x13,  0x51,  0x61,  0x07,  0x22,  0x71,  0x14,  0x32,  0x81,  0x91,  0xa1,  0x08,  0x23,  0x42,
  0xb1,  0xc1,  0x15,  0x52,  0xd1,  0xf0,  0x24,  0x33,  0x62,  0x72,  0x82,  0x09,  0x0a,  0x16,  0x17,  0x18,
  0x19,  0x1a,  0x25,  0x26,  0x27,  0x28,  0x29,  0x2a,  0x34,  0x35,  0x36,  0x37,  0x38,  0x39,  0x3a,  0x43,
  0x44,  0x45,  0x46,  0x47,  0x48,  0x49,  0x4a,  0x53,  0x54,  0x55,  0x56,  0x57,  0x58,  0x59,  0x5a,  0x63,
  0x64,  0x65,  0x66,  0x67,  0x68,  0x69,  0x6a,  0x73,  0x74,  0x75,  0x76,  0x77,  0x78,  0x79,  0x7a,  0x83,
  0x84,  0x85,  0x86,  0x87,  0x88,  0x89,  0x8a,  0x92,  0x93,  0x94,  0x95,  0x96,  0x97,  0x98,  0x99,  0x9a,
  0xa2,  0xa3,  0xa4,  0xa5,  0xa6,  0xa7,  0xa8,  0xa9,  0xaa,  0xb2,  0xb3,  0xb4,  0xb5,  0xb6,  0xb7,  0xb8,
  0xb9,  0xba,  0xc2,  0xc3,  0xc4,  0xc5,  0xc6,  0xc7,  0xc8,  0xc9,  0xca,  0xd2,  0xd3,  0xd4,  0xd5,  0xd6,
  0xd7,  0xd8,  0xd9,  0xda,  0xe1,  0xe2,  0xe3,  0xe4,  0xe5,  0xe6,  0xe7,  0xe8,  0xe9,  0xea,  0xf1,  0xf2,
  0xf3,  0xf4,  0xf5,  0xf6,  0xf7,  0xf8,  0xf9,  0xfa,  0x01,  0x00,  0x03,  0x01,  0x01,  0x01,  0x01,  0x01,
  0x01,  0x01,  0x01,  0x01,  0x00,  0x00,  0x00,  0x00,  0x00,  0x00,  0x01,  0x02,  0x03,  0x04,  0x05,  0x06,
  0x07,  0x08,  0x09,  0x0a,  0x0b,  0x11,  0x00,  0x02,  0x01,  0x02,  0x04,  0x04,  0x03,  0x04,  0x07,  0x05,
  0x04,  0x04,  0x00,  0x01,  0x02,  0x77,  0x00,  0x01,  0x02,  0x03,  0x11,  0x04,  0x05,  0x21,  0x31,  0x06,
  0x12,  0x41,  0x51,  0x07,  0x61,  0x71,  0x13,  0x22,  0x32,  0x81,  0x08,  0x14,  0x42,  0x91,  0xa1,  0xb1,
  0xc1,  0x09,  0x23,  0x33,  0x52,  0xf0,  0x15,  0x62,  0x72,  0xd1,  0x0a,  0x16,  0x24,  0x34,  0xe1,  0x25,
  0xf1,  0x17,  0x18,  0x19,  0x1a,  0x26,  0x27,  0x28,  0x29,  0x2a,  0x35,  0x36,  0x37,  0x38,  0x39,  0x3a,
  0x43,  0x44,  0x45,  0x46,  0x47,  0x48,  0x49,  0x4a,  0x53,  0x54,  0x55,  0x56,  0x57,  0x58,  0x59,  0x5a,
  0x63,  0x64,  0x65,  0x66,  0x67,  0x68,  0x69,  0x6a,  0x73,  0x74,  0x75,  0x76,  0x77,  0x78,  0x79,  0x7a,
  0x82,  0x83,  0x84,  0x85,  0x86,  0x87,  0x88,  0x89,  0x8a,  0x92,  0x93,  0x94,  0x95,  0x96,  0x97,  0x98,
  0x99,  0x9a,  0xa2,  0xa3,  0xa4,  0xa5,  0xa6,  0xa7,  0xa8,  0xa9,  0xaa,  0xb2,  0xb3,  0xb4,  0xb5,  0xb6,
  0xb7,  0xb8,  0xb9,  0xba,  0xc2,  0xc3,  0xc4,  0xc5,  0xc6,  0xc7,  0xc8,  0xc9,  0xca,  0xd2,  0xd3,  0xd4,
  0xd5,  0xd6,  0xd7,  0xd8,  0xd9,  0xda,  0xe2,  0xe3,  0xe4,  0xe5,  0xe6,  0xe7,  0xe8,  0xe9,  0xea,  0xf2,
  0xf3,  0xf4,  0xf5,  0xf6,  0xf7,  0xf8,  0xf9,  0xfa,  0xff,  0xda,  0x00,  0x0c,  0x03,  0x01,  0x00,  0x02,
  0x11,  0x03,  0x11,  0x00,  0x3f,  0x00,  0xe9,  0x50,  0xfc,  0xa4,  0x67,  0x3d,  0xbf,  0x5a,  0xf8,  0xf3,
  0xeb,  0x48,  0xd4,  0x64,  0x93,  0xef,  0xfd,  0x68,  0x01,  0xf2,  0x82,  0x09,  0x1d,  0xf9,  0xfe,  0x94,
  0xee,  0x4a,  0x0b,  0x7f,  0xba,  0x73,  0x41,  0x44,  0xb3,  0x8f,  0xde,  0x47,  0x8e,  0x98,  0x26,  0x84,
  0x4a,  0x20,  0xff,  0x00,  0x96,  0x9f,  0x89,  0xfe,  0x74,  0xca,  0x24,  0x6c,  0xfc,  0xbf,  0x4a,  0x44,
  0xa0,  0x8c,  0x9f,  0x2f,  0xe8,  0x3f,  0xc6,  0x80,  0x62,  0x43,  0x81,  0x23,  0x7d,  0x29,  0x3d,  0xca,
  0x60,  0x47,  0xcc,  0x4f,  0xa9,  0x1f,  0xce,  0xa9,  0x92,  0x3e,  0x4e,  0xa9,  0xdb,  0xff,  0x00,  0xd6,
  0x29,  0x00,  0xc9,  0x31,  0xbc,  0x7f,  0x9e,  0xf4,  0x31,  0xa2,  0xc4,  0x9d,  0x33,  0xec,  0x68,  0x44,
  0xa2,  0xa8,  0x07,  0x70,  0x3f,  0x5a,  0xa6,  0x34,  0x5c,  0x71,  0x94,  0x5f,  0xf3,  0xda,  0xb3,  0x44,
  0x95,  0x65,  0xfb,  0xb5,  0x65,  0x0c,  0x7c,  0x06,  0x5f,  0x71,  0x43,  0x28,  0x21,  0x23,  0x63,  0x7d,
  0x45,  0x28,  0x92,  0xc7,  0xc9,  0xca,  0x8f,  0xa5,  0x36,  0x34,  0x3c,  0x93,  0xe5,  0xa6,  0x3b,  0x0f,
  0xf1,  0xa9,  0x02,  0xb4,  0x83,  0x08,  0x06,  0x3b,  0x8f,  0xe7,  0x43,  0x19,  0x55,  0x07,  0xfa,  0x4b,
  0x7f,  0x9e,  0xd4,  0x2d,  0xc9,  0x27,  0x38,  0x23,  0xa6,  0x30,  0x79,  0xa6,  0x50,  0xf3,  0x8c,  0x1f,
  0xce,  0x82,  0x45,  0x84,  0x62,  0x36,  0xa9,  0x43,  0x60,  0x87,  0x0f,  0xcf,  0x7a,  0xa1,  0x96,  0x65,
  0x1c,  0x8f,  0x4c,  0x0a,  0x68,  0x94,  0x45,  0x07,  0x12,  0x73,  0xef,  0x52,  0xca,  0x25,  0x2b,  0x94,
  0xf7,  0xc5,  0x51,  0x24,  0x31,  0x9f,  0xde,  0x67,  0xe9,  0xfd,  0x69,  0x32,  0x89,  0xe5,  0x24,  0x82,
  0x7d,  0x0d,  0x04,  0x22,  0xb7,  0xa6,  0xee,  0xa4,  0x66,  0x9a,  0x2c,  0x22,  0x27,  0x1c,  0xf4,  0x27,
  0x8a,  0x94,  0x26,  0x2a,  0x90,  0x48,  0xa6,  0xc6,  0x4d,  0x23,  0x01,  0x93,  0xdb,  0x9a,  0x64,  0xa1,
  0x96,  0xa7,  0x2a,  0x73,  0xd3,  0x35,  0x23,  0x64,  0xd3,  0x01,  0x80,  0xc3,  0xae,  0x3f,  0xad,  0x34,
  0x24,  0x55,  0xc1,  0xf3,  0x0d,  0x3b,  0x14,  0x4a,  0xc3,  0x9f,  0x6c,  0x0a,  0x09,  0x40,  0x83,  0xf7,
  0x67,  0xd3,  0x06,  0x86,  0x36,  0x34,  0x7d,  0xf6,  0xe3,  0x8d,  0xb9,  0xfd,  0x69,  0x3d,  0xc6,  0x28,
  0xc6,  0xe1,  0x83,  0xe9,  0x81,  0xf8,  0xd3,  0x64,  0x92,  0x3f,  0x54,  0x3d,  0xb1,  0xfd,  0x69,  0x01,
  0x1c,  0x83,  0xe6,  0x3f,  0x5a,  0x6c,  0x68,  0x9e,  0x56,  0xf9,  0x07,  0xd0,  0xd2,  0x25,  0x15,  0x97,
  0x3b,  0x87,  0xb9,  0x22,  0xaa,  0xc3,  0x45,  0xdf,  0xf9,  0x64,  0x0f,  0x7a,  0xcc,  0x92,  0xa4,  0xbf,
  0x77,  0x1e,  0xf5,  0x65,  0x09,  0x28,  0xfb,  0x87,  0xd2,  0x86,  0x34,  0x47,  0x1e,  0x36,  0xca,  0x3f,
  0x2a,  0x51,  0xea,  0x0c,  0x90,  0xf2,  0x87,  0xe9,  0x54,  0x08,  0x7c,  0x63,  0x30,  0x82,  0x6a,  0x06,
  0xc8,  0x65,  0x52,  0x77,  0x0f,  0x4c,  0x53,  0x60,  0x56,  0x4e,  0x66,  0xcf,  0x7e,  0xf4,  0x75,  0x24,
  0x94,  0xe7,  0x07,  0xdc,  0xd0,  0x08,  0x74,  0x63,  0x29,  0x26,  0x7e,  0x83,  0xf2,  0x14,  0x91,  0x42,
  0xc7,  0xf7,  0x5a,  0x84,  0x26,  0x18,  0xc6,  0x3f,  0x0a,  0x6c,  0x11,  0x6d,  0xf1,  0xf9,  0x01,  0xc7,
  0xe7,  0x40,  0x91,  0x5d,  0x09,  0xc8,  0x23,  0xde,  0x86,  0x51,  0x33,  0x1f,  0x94,  0x8a,  0x68,  0x92,
  0x28,  0x80,  0xdf,  0x8c,  0x73,  0x8a,  0x19,  0x44,  0xf2,  0x9c,  0x92,  0x3d,  0xc1,  0xa1,  0x22,  0x11,
  0x5a,  0x6e,  0x0a,  0x91,  0xd6,  0x86,  0x52,  0x1e,  0xaa,  0x00,  0x5f,  0x41,  0xfe,  0x34,  0xac,  0x0c,
  0x8d,  0x01,  0xde,  0xa3,  0xde,  0x81,  0x8f,  0x9f,  0x19,  0x0b,  0x9e,  0x79,  0xa6,  0x48,  0x96,  0x98,
  0xda,  0x7e,  0xb5,  0x28,  0x6c,  0x9a,  0x56,  0xf9,  0x38,  0xf4,  0x14,  0x0c,  0xae,  0x78,  0x7a,  0xa2,
  0x49,  0x9b,  0x95,  0xfc,  0x45,  0x00,  0x86,  0xa6,  0x7c,  0xb6,  0xc7,  0xa1,  0xfe,  0xb4,  0x32,  0x80,
  0xe7,  0x27,  0xfd,  0xdf,  0xeb,  0x40,  0x98,  0x60,  0xee,  0x07,  0xe9,  0xfc,  0xe8,  0x63,  0x24,  0x93,
  0x8d,  0xbf,  0x8e,  0x3f,  0x3a,  0x48,  0x92,  0x39,  0x07,  0xcc,  0x7f,  0xcf,  0x6a,  0x63,  0x44,  0xce,
  0x33,  0x18,  0xf4,  0xc1,  0xa4,  0x24,  0x57,  0xc7,  0xce,  0x9e,  0x99,  0x35,  0x4c,  0x0b,  0x63,  0x85,
  0x03,  0x34,  0x89,  0x2b,  0x3f,  0xde,  0x3f,  0x53,  0xfc,  0xa9,  0xa2,  0x90,  0xd6,  0xc9,  0x40,  0x7d,
  0x28,  0x63,  0x88,  0xc8,  0x8f,  0x24,  0x9e,  0xe3,  0xa7,  0xf9,  0xfa,  0xd4,  0xc4,  0x19,  0x20,  0x23,
  0xcb,  0x3f,  0xe7,  0xb5,  0x50,  0xc7,  0x27,  0xfa,  0x91,  0x8e,  0xdf,  0xfd,  0x6a,  0x8e,  0xa0,  0xc8,
  0xe4,  0x18,  0x66,  0x3e,  0xa6,  0xa8,  0x08,  0x63,  0x01,  0xa5,  0x18,  0xa0,  0x91,  0xec,  0x30,  0x31,
  0xef,  0x40,  0x0e,  0xb7,  0x1f,  0x23,  0xfb,  0xf3,  0x49,  0x00,  0xa0,  0x7d,  0xe0,  0x3d,  0x45,  0x03,
  0x62,  0x1e,  0xde,  0xbc,  0x50,  0xc6,  0x5a,  0x90,  0x7f,  0x21,  0xfd,  0x68,  0x44,  0xa2,  0xb8,  0x18,
  0x75,  0x02,  0x86,  0x3e,  0x84,  0xac,  0x71,  0x93,  0xeb,  0x9a,  0x10,  0x86,  0xa7,  0xfa,  0xea,  0x6c,
  0x19,  0x2c,  0x87,  0xe6,  0x3e,  0xe2,  0x84,  0x24,  0x57,  0x71,  0x9c,  0x53,  0x65,  0x8e,  0x71,  0x85,
  0x53,  0xdb,  0xff,  0x00,  0xaf,  0x49,  0x12,  0xc6,  0x8c,  0xf9,  0xcb,  0x8e,  0x39,  0x35,  0x2f,  0x71,
  0xf4,  0x1b,  0x2f,  0xfa,  0xd1,  0xf5,  0x34,  0xd0,  0x87,  0xdb,  0x29,  0x2a,  0xfe,  0xd9,  0xa4,  0x0c,
  0x79,  0xfb,  0xca,  0x3f,  0x3a,  0x65,  0x10,  0xc9,  0x90,  0xd9,  0xf5,  0x34,  0xde,  0xc4,  0x96,  0x0a,
  0xfc,  0xb9,  0x1d,  0xf1,  0x9a,  0x10,  0x0c,  0x8f,  0x94,  0x6f,  0xc7,  0xf9,  0x1a,  0x01,  0x86,  0xe0,
  0x48,  0x18,  0xea,  0x39,  0xa0,  0xa1,  0x4f,  0x50,  0x7d,  0x29,  0xb2,  0x50,  0x36,  0x72,  0xbf,  0x8d,
  0x4a,  0x01,  0xb2,  0x81,  0xbc,  0xf6,  0xe6,  0x9f,  0x41,  0xa2,  0x52,  0x7f,  0x76,  0x07,  0xe1,  0xfa,
  0xd2,  0x42,  0x21,  0xe8,  0xc9,  0xc7,  0x73,  0x56,  0x04,  0xf9,  0x23,  0x03,  0xdf,  0xfa,  0x54,  0x12,
  0x43,  0x21,  0xe4,  0x7b,  0xe6,  0xac,  0xa1,  0x1c,  0x9f,  0x2f,  0x3e,  0xff,  0x00,  0xd6,  0x93,  0xd8,
  0x10,  0x91,  0x00,  0x09,  0xf4,  0xff,  0x00,  0xeb,  0x8a,  0x95,  0xb8,  0xd8,  0x0f,  0xbb,  0x9f,  0x5f,
  0xf0,  0xa6,  0x31,  0x63,  0x63,  0xe5,  0xff,  0x00,  0x9f,  0x5a,  0x40,  0xc4,  0x90,  0xe5,  0xb3,  0xda,
  0xa8,  0x0a,  0xd0,  0x8c,  0x10,  0x7d,  0x69,  0x22,  0x49,  0xa4,  0xf4,  0xf5,  0xff,  0x00,  0x1a,  0xa0,
  0x1f,  0x18,  0x01,  0x5b,  0xfd,  0xda,  0x90,  0x1e,  0xbf,  0xeb,  0x08,  0xf7,  0xfe,  0x94,  0x03,  0x1a,
  0x46,  0x1b,  0xda,  0x87,  0xb8,  0xd1,  0x34,  0x84,  0x63,  0x3e,  0xc3,  0xfa,  0xd2,  0x42,  0x44,  0x4a,
  0x3f,  0x78,  0xbf,  0x8e,  0x69,  0xb2,  0x85,  0x90,  0xf0,  0xbd,  0xe8,  0x44,  0x8b,  0x0f,  0x33,  0xe7,
  0xd6,  0x86,  0x04,  0xb2,  0xf2,  0xff,  0x00,  0x40,  0x68,  0x42,  0x2b,  0x36,  0x76,  0x7b,  0x62,  0x99,
  0x63,  0xcf,  0x31,  0x8f,  0xa5,  0x4a,  0x24,  0x23,  0x1b,  0xa7,  0x5f,  0x6c,  0xff,  0x00,  0x2a,  0x1a,
  0x1f,  0x42,  0x39,  0x7f,  0xd6,  0x64,  0x76,  0x24,  0xd0,  0x31,  0xf6,  0x60,  0xed,  0x7f,  0x73,  0x49,
  0x12,  0xc9,  0x64,  0x5c,  0x3f,  0xe1,  0xfd,  0x05,  0x52,  0x04,  0x55,  0x97,  0x90,  0x0f,  0xb8,  0xfe,
  0x94,  0x3d,  0x80,  0xb4,  0xdc,  0x46,  0x31,  0xed,  0x42,  0x04,  0x47,  0x09,  0xe0,  0x8f,  0xc6,  0x81,
  0xb1,  0x8a,  0x73,  0x27,  0xe0,  0x7f,  0x9d,  0x03,  0x1c,  0xd9,  0x27,  0xf0,  0x34,  0xd9,  0x28,  0x7b,
  0x64,  0xaa,  0xfb,  0x03,  0x52,  0x90,  0x0c,  0x97,  0xa9,  0xfa,  0xff,  0x00,  0x41,  0x4f,  0xa0,  0xd0,
  0xef,  0xe0,  0x5f,  0xc3,  0xf9,  0xd0,  0x22,  0x37,  0x3f,  0x32,  0x7e,  0x26,  0x86,  0x04,  0xef,  0xc4,
  0x98,  0xf5,  0x23,  0xf9,  0x52,  0x40,  0x45,  0x28,  0xe5,  0x4f,  0xd6,  0xa8,  0xa0,  0x23,  0xf7,  0x6d,
  0x9f,  0x5a,  0x19,  0x28,  0x64,  0x7f,  0x79,  0xbe,  0x86,  0xa1,  0x14,  0xc9,  0x18,  0x1d,  0xbf,  0x88,
  0xaa,  0x01,  0x89,  0x8d,  0x98,  0xe8,  0x69,  0x00,  0x92,  0xb1,  0x01,  0xb1,  0x4d,  0x92,  0x44,  0xb8,
  0x52,  0x3d,  0x85,  0x0c,  0x09,  0x67,  0x1c,  0x83,  0xed,  0x40,  0x02,  0x13,  0xb5,  0xbd,  0x3a,  0x7e,
  0x86,  0x80,  0x24,  0x52,  0x7c,  0xc3,  0xdf,  0xff,  0x00,  0xd5,  0x43,  0xdc,  0x06,  0xbf,  0x50,  0x31,
  0xd4,  0x7f,  0x5a,  0x5d,  0x46,  0x89,  0x5c,  0xfe,  0xe8,  0x67,  0xae,  0x28,  0x42,  0x23,  0x19,  0xf3,
  0x54,  0x53,  0x65,  0x0b,  0x20,  0x3c,  0x7a,  0x0a,  0x11,  0x21,  0x1b,  0x62,  0x5c,  0xfb,  0x51,  0x20,
  0x25,  0x73,  0xf3,  0x73,  0xef,  0xcd,  0x16,  0x12,  0x21,  0x7e,  0x14,  0x7a,  0x62,  0x98,  0xd0,  0x0c,
  0xf9,  0x2b,  0x8e,  0xb4,  0x90,  0x04,  0x04,  0xf9,  0xc3,  0xde,  0x89,  0x0f,  0xa1,  0x1d,  0xce,  0x12,
  0x4f,  0x6a,  0x42,  0x25,  0xb4,  0x23,  0x91,  0x52,  0x36,  0x3e,  0x7f,  0xf5,  0xb9,  0x3d,  0x31,  0xfd,
  0x2a,  0xa2,  0x24,  0x56,  0x73,  0x95,  0x51,  0xeb,  0x4d,  0xec,  0x05,  0x87,  0x3f,  0x20,  0xfc,  0x28,
  0x40,  0x88,  0xd0,  0x90,  0xec,  0x3a,  0x71,  0xfd,  0x68,  0x06,  0x11,  0x0f,  0xde,  0x74,  0xed,  0xd7,
  0xf1,  0xa4,  0x86,  0xc7,  0xb8,  0xe0,  0xfa,  0xe0,  0xd5,  0x30,  0x43,  0x9d,  0x4e,  0xc0,  0x3b,  0xed,
  0x3f,  0xd2,  0xa5,  0x08,  0x8d,  0x87,  0x07,  0xeb,  0xfd,  0x2a,  0xba,  0x0d,  0x0e,  0x3d,  0x14,  0x7b,
  0x7f,  0x5a,  0x42,  0x22,  0x3f,  0x7d,  0x07,  0xd7,  0xf9,  0xd0,  0x04,  0xf2,  0xe7,  0x7a,  0xe0,  0x54,
  0xa0,  0x44,  0x72,  0x92,  0x7b,  0x55,  0x0d,  0x09,  0x21,  0xf9,  0x08,  0xee,  0x69,  0xb1,  0x21,  0x14,
  0xfe,  0xf5,  0x47,  0xa8,  0x39,  0xfc,  0xaa,  0x7a,  0x8d,  0xec,  0x3c,  0x1f,  0xdd,  0xb3,  0x0f,  0x5a,
  0x06,  0x47,  0x16,  0x7f,  0xcf,  0xd2,  0x8e,  0xa2,  0xe8,  0x13,  0xf5,  0x7c,  0x7f,  0x9e,  0x94,  0xd8,
  0x88,  0x9b,  0x38,  0x5f,  0x5a,  0x25,  0xb0,  0x22,  0x79,  0xbe,  0xe8,  0xa0,  0x02,  0x3f,  0xb8,  0x73,
  0xfe,  0x7a,  0xd0,  0x0c,  0x74,  0x7c,  0xcb,  0xfe,  0x7d,  0xe8,  0x60,  0xc6,  0x4b,  0x91,  0x2a,  0xfa,
  0x7f,  0xf5,  0xe9,  0x3d,  0xc6,  0x89,  0x64,  0xc7,  0x96,  0x07,  0xd6,  0x84,  0x85,  0x71,  0x80,  0x8f,
  0x35,  0x69,  0xb1,  0xa1,  0xf2,  0xff,  0x00,  0xaa,  0xf7,  0xcd,  0x08,  0x44,  0x6b,  0xcb,  0x63,  0xd4,
  0x7f,  0x5a,  0x18,  0x13,  0xc9,  0xda,  0x92,  0x12,  0x22,  0x93,  0x85,  0xc5,  0x53,  0x1a,  0x18,  0x87,
  0xe4,  0x5f,  0xae,  0x68,  0x40,  0x3a,  0x13,  0xfb,  0xe4,  0xa8,  0x90,  0xfa,  0x0c,  0xb9,  0x19,  0x2c,
  0x7d,  0x0f,  0xf5,  0xa4,  0xc6,  0x2d,  0xb7,  0x5f,  0xaf,  0x14,  0xc4,  0xc9,  0x6e,  0x3e,  0xf7,  0xe1,
  0xfe,  0x34,  0xd0,  0x91,  0x5c,  0x11,  0x94,  0xf6,  0x34,  0xd8,  0x13,  0xc9,  0x8d,  0xbc,  0x50,  0x81,
  0x11,  0x0f,  0xf5,  0x8f,  0xf4,  0xfe,  0xb4,  0x75,  0x06,  0x3a,  0x23,  0xfb,  0xdf,  0xa8,  0xa4,  0x0c,
  0x95,  0x8f,  0x3c,  0x7a,  0x7f,  0x5a,  0x60,  0x87,  0x48,  0x46,  0xd5,  0xf6,  0x06,  0x92,  0x11,  0x59,
  0xc9,  0xdc,  0x70,  0x7a,  0x91,  0x4d,  0x94,  0x87,  0xbf,  0xca,  0xc3,  0x3e,  0x83,  0xf9,  0xd2,  0x4c,
  0x4c,  0x8c,  0xf3,  0x32,  0x7a,  0x60,  0xf3,  0xf8,  0xd0,  0xf7,  0x28,  0xb1,  0x2e,  0x77,  0x21,  0xf5,
  0x3c,  0xfe,  0x54,  0x89,  0x44,  0x27,  0xa1,  0xfa,  0x1a,  0xbb,  0x68,  0x02,  0xbf,  0x41,  0xeb,  0x8e,
  0xb4,  0xc4,  0x84,  0x8f,  0xfd,  0x62,  0xb1,  0xea,  0x73,  0x8a,  0xcc,  0xa6,  0x3f,  0x18,  0x8c,  0x81,
  0xde,  0xa9,  0x8c,  0x8e,  0x11,  0x9d,  0xcd,  0xe8,  0x69,  0x75,  0x0e,  0x83,  0x64,  0x23,  0x79,  0x3e,
  0xa3,  0x91,  0x4c,  0x92,  0x33,  0xd0,  0x7a,  0x8a,  0x1e,  0xc0,  0x89,  0xa4,  0xce,  0xc1,  0x48,  0x10,
  0xe8,  0xc1,  0x2b,  0x8f,  0x5a,  0xa4,  0x0c,  0x58,  0x79,  0x7c,  0xfb,  0x52,  0x01,  0x24,  0x07,  0xcd,
  0x5f,  0xca,  0x86,  0x34,  0x3a,  0x62,  0x76,  0x03,  0xeb,  0x9f,  0xe9,  0x49,  0x31,  0x0d,  0x39,  0xf3,
  0x56,  0x9b,  0x28,  0x96,  0x6f,  0xbb,  0xf8,  0xd0,  0x89,  0x20,  0x87,  0x02,  0x40,  0x4f,  0xbf,  0x1f,
  0x8d,  0x50,  0x16,  0x4f,  0xf2,  0x26,  0xb3,  0x11,  0x04,  0x87,  0x39,  0xab,  0x2c,  0x62,  0xf1,  0x1a,
  0x83,  0xd8,  0x52,  0x44,  0x8a,  0xa7,  0x6c,  0xf1,  0x7e,  0x1f,  0xd6,  0xa6,  0x5b,  0x8f,  0xa1,  0x2b,
  0x8c,  0x86,  0xf7,  0xcf,  0xf3,  0xaa,  0x19,  0x14,  0x23,  0x00,  0x9f,  0x43,  0x52,  0x26,  0x3e,  0xe0,
  0xfc,  0xc0,  0x7b,  0x55,  0x21,  0x10,  0x13,  0x86,  0x03,  0xde,  0x80,  0x26,  0x91,  0xb0,  0x05,  0x08,
  0x04,  0x45,  0xc9,  0x73,  0xea,  0x3f,  0xad,  0x1d,  0x41,  0x8b,  0x10,  0xc4,  0x83,  0xfc,  0xf1,  0xcd,
  0x00,  0xc7,  0x90,  0x37,  0x01,  0xed,  0xfd,  0x68,  0x7b,  0x80,  0xe7,  0xe5,  0x06,  0x3b,  0x83,  0xfd,
  0x29,  0x20,  0x20,  0x6c,  0x6f,  0xc7,  0xd3,  0xf9,  0xd0,  0xca,  0x44,  0xb2,  0x8e,  0x56,  0x84,  0x49,
  0x11,  0x19,  0x93,  0x1e,  0xc7,  0xf9,  0xd3,  0x65,  0x13,  0xb7,  0xde,  0x51,  0xd8,  0x31,  0xa4,  0x49,
  0x54,  0x9c,  0x16,  0x3f,  0x5a,  0xb0,  0x24,  0x27,  0x24,  0x7d,  0x0d,  0x20,  0x42,  0xa9,  0xc4,  0xb1,
  0x0f,  0xf3,  0xd0,  0xd4,  0x3d,  0xc7,  0xd0,  0x94,  0xf4,  0x3e,  0xf5,  0x4c,  0x11,  0x04,  0x79,  0xd8,
  0xff,  0x00,  0x5e,  0x6a,  0x41,  0x89,  0x2a,  0xfe,  0xf1,  0x7e,  0x95,  0x42,  0x23,  0x3c,  0x3f,  0xe2,
  0x28,  0x02,  0x69,  0xf9,  0x88,  0x63,  0xeb,  0x48,  0x10,  0xb1,  0xb6,  0x13,  0x1e,  0xdf,  0xd6,  0x98,
  0x31,  0xd1,  0x1c,  0x4b,  0xed,  0x8a,  0x01,  0x83,  0x67,  0xcc,  0x1f,  0xe7,  0xbd,  0x03,  0x42,  0xba,
  0xe6,  0x25,  0xfa,  0x1f,  0xe9,  0x49,  0x08,  0x88,  0xb1,  0xf3,  0x57,  0xd8,  0x8a,  0x19,  0x44,  0xf3,
  0x9c,  0x11,  0xef,  0x44,  0x49,  0x21,  0xff,  0x00,  0x96,  0x80,  0x0e,  0xb8,  0x39,  0xfc,  0xe9,  0xb0,
  0x26,  0x39,  0xdc,  0x7e,  0xa6,  0x92,  0x02,  0xbb,  0x9c,  0x2d,  0x36,  0x50,  0xe2,  0x31,  0x8f,  0xa1,
  0xa6,  0x4a,  0x15,  0x46,  0x65,  0x88,  0xff,  0x00,  0x9e,  0x86,  0xa1,  0xee,  0x3e,  0x84,  0xa7,  0xa1,
  0xf6,  0xaa,  0x60,  0x88,  0x23,  0xce,  0xc7,  0xfa,  0xf3,  0x52,  0x0c,  0x49,  0x5b,  0xf7,  0x8b,  0xf4,
  0xaa,  0x11,  0x19,  0xe5,  0xff,  0x00,  0x11,  0x40,  0x13,  0x4f,  0xc4,  0x43,  0x1f,  0x4a,  0x40,  0x85,
  0x8d,  0x72,  0x99,  0xf6,  0xfe,  0xb4,  0xc1,  0x8e,  0x88,  0x66,  0x5f,  0x6c,  0x50,  0x0c,  0x1b,  0x3e,
  0x60,  0xff,  0x00,  0x3d,  0xe8,  0x1a,  0x15,  0xdb,  0x11,  0xaf,  0xd0,  0xff,  0x00,  0x4a,  0x48,  0x44,
  0x45,  0x4f,  0x9a,  0xbe,  0xe4,  0x50,  0xca,  0x27,  0x9c,  0x64,  0x8f,  0x6a,  0x22,  0x49,  0x0f,  0xfc,
  0xb4,  0x04,  0x75,  0xc1,  0xcf,  0xe7,  0x4d,  0x81,  0x31,  0xce,  0xe3,  0xf5,  0x34,  0x90,  0x15,  0xdc,
  0x65,  0x69,  0xb2,  0x81,  0x79,  0x8d,  0x49,  0xee,  0x28,  0x44,  0x8a,  0xa3,  0x74,  0xf1,  0x7e,  0x1f,
  0xd6,  0xa6,  0x5b,  0x8f,  0xa1,  0x2b,  0x9c,  0x06,  0xf6,  0xcf,  0xf3,  0xaa,  0x19,  0x14,  0x27,  0x20,
  0x8f,  0x53,  0x52,  0x26,  0x3e,  0xe0,  0x7c,  0xc0,  0xfb,  0x55,  0x21,  0x10,  0x11,  0x96,  0x07,  0xde,
  0x80,  0x26,  0x91,  0x72,  0x05,  0x08,  0x04,  0x46,  0xc1,  0x71,  0xe8,  0x3f,  0xad,  0x1d,  0x41,  0x8b,
  0x11,  0xcc,  0x83,  0xfc,  0xf1,  0xcd,  0x00,  0xc7,  0x92,  0x37,  0x03,  0xed,  0xfd,  0x68,  0x7b,  0x80,
  0xe7,  0xe1,  0x06,  0x3b,  0x03,  0xfd,  0x29,  0x20,  0x20,  0x6c,  0x6f,  0xcf,  0xd3,  0xf9,  0xd0,  0xca,
  0x44,  0xb2,  0x9e,  0x56,  0x84,  0x49,  0x11,  0x38,  0x93,  0x3e,  0xc7,  0xf9,  0xd3,  0x65,  0x13,  0xb7,
  0xde,  0x53,  0xd8,  0xb1,  0xa4,  0x49,  0x54,  0x8c,  0x96,  0x1f,  0x5a,  0xb0,  0x25,  0x6e,  0x83,  0xd7,
  0x1d,  0x28,  0x12,  0x12,  0x3f,  0xf5,  0x8a,  0xa7,  0xa8,  0xce,  0x2b,  0x32,  0x98,  0xfc,  0xe6,  0x32,
  0x47,  0x6a,  0xa6,  0x32,  0x38,  0x4e,  0x37,  0x2f,  0xa9,  0xa5,  0xd4,  0x3a,  0x0d,  0x90,  0x0d,  0xe4,
  0x7a,  0x0e,  0x4d,  0x32,  0x46,  0x1e,  0xde,  0xa6,  0x87,  0xb0,  0x22,  0x59,  0x33,  0xb0,  0x52,  0x04,
  0x3a,  0x32,  0x42,  0xe7,  0xd2,  0xa9,  0x03,  0x16,  0x1e,  0x1f,  0x1e,  0xd4,  0x80,  0x49,  0x09,  0xf3,
  0x57,  0xf3,  0xa1,  0x8d,  0x0e,  0x98,  0x1d,  0x80,  0x7a,  0x67,  0xfa,  0x52,  0x48,  0x43,  0x4e,  0x7c,
  0xd5,  0xa6,  0xca,  0x25,  0x9b,  0xee,  0xfe,  0x34,  0x22,  0x48,  0x21,  0xc1,  0x90,  0x03,  0xef,  0xcf,
  0xe3,  0x54,  0x05,  0x93,  0xfc,  0xc9,  0xac,  0xc4,  0x41,  0x20,  0xc6,  0x6a,  0xcb,  0x11,  0x07,  0xc8,
  0xbf,  0x5c,  0x50,  0x89,  0x1d,  0x08,  0xfd,  0xf2,  0x54,  0x48,  0x7d,  0x06,  0x5c,  0x9c,  0x16,  0x1e,
  0xa7,  0xfa,  0xd2,  0x63,  0x16,  0xdb,  0xaf,  0xd3,  0x9a,  0x62,  0x64,  0xb7,  0x1f,  0x7b,  0xf0,  0xff,
  0x00,  0x1a,  0x68,  0x48,  0xae,  0x00,  0xca,  0x7b,  0x9a,  0x6c,  0x09,  0xe4,  0xc6,  0xde,  0x28,  0x40,
  0x88,  0x87,  0xfa,  0xc7,  0xfa,  0x7f,  0x5a,  0x3a,  0x83,  0x1d,  0x10,  0xfd,  0xef,  0xd0,  0x52,  0x06,
  0x4a,  0xc3,  0x9e,  0x3d,  0x3f,  0xad,  0x30,  0x43,  0xa4,  0x03,  0x6a,  0xfb,  0x83,  0x49,  0x08,  0xac,
  0xe0,  0xee,  0x38,  0x1d,  0x08,  0xa6,  0xca,  0x43,  0xdf,  0xe6,  0x61,  0x9f,  0x41,  0xfc,  0xe9,  0x24,
  0x26,  0x46,  0x78,  0x95,  0x3d,  0x30,  0x78,  0xfc,  0x68,  0x7b,  0x94,  0x58,  0x97,  0x3b,  0x90,  0x7a,
  0x1e,  0x7f,  0x2a,  0x44,  0xa2,  0x13,  0xd0,  0xfd,  0x0d,  0x5d,  0xf4,  0x01,  0x64,  0x1f,  0x21,  0x3d,
  0xc5,  0x0c,  0x10,  0x8a,  0x3f,  0x7a,  0xa7,  0xd0,  0x1c,  0xfe,  0x55,  0x3d,  0x46,  0xf6,  0x1e,  0x07,
  0xee,  0xd9,  0x47,  0xad,  0x03,  0x23,  0x8b,  0x3f,  0xe7,  0xe9,  0x47,  0x51,  0x74,  0x09,  0xfa,  0xbe,
  0x3f,  0xcf,  0x4a,  0x6c,  0x44,  0x4d,  0x9c,  0x2f,  0xad,  0x12,  0xd8,  0x11,  0x3c,  0xdf,  0x74,  0x50,
  0x01,  0x1f,  0xdc,  0x39,  0xff,  0x00,  0x3d,  0x68,  0x06,  0x3a,  0x3e,  0x25,  0xff,  0x00,  0x3e,  0xf4,
  0x30,  0x63,  0x25,  0xc9,  0x95,  0x7d,  0x3f,  0xfa,  0xf4,  0x9e,  0xe3,  0x44,  0xb2,  0x63,  0xcb,  0x07,
  0xeb,  0x42,  0x62,  0xb0,  0xc0,  0x07,  0x9a,  0xb4,  0xd8,  0xd0,  0xf9,  0x7f,  0xd5,  0x7b,  0xe6,  0x84,
  0x22,  0x35,  0xe1,  0xb3,  0xe8,  0x3f,  0xad,  0x0c,  0x09,  0xe4,  0xed,  0x49,  0x09,  0x11,  0x49,  0xca,
  0xe6,  0xa9,  0x8d,  0x08,  0x33,  0xe4,  0xae,  0x3a,  0xd2,  0x40,  0x10,  0x03,  0xe7,  0x0f,  0x6a,  0x24,
  0x3e,  0x84,  0x77,  0x38,  0x79,  0x3d,  0xa9,  0x08,  0x96,  0xd0,  0x0e,  0x4d,  0x48,  0xd8,  0xf9,  0xff,
  0x00,  0xd6,  0xe0,  0xf4,  0xc7,  0xf4,  0xaa,  0x88,  0x91,  0x59,  0x86,  0x02,  0x9f,  0x4a,  0x6f,  0x60,
  0x2c,  0x38,  0xf9,  0x07,  0xe1,  0x42,  0x04,  0x46,  0x80,  0x97,  0x63,  0xd7,  0x8f,  0xeb,  0x40,  0x30,
  0x88,  0xfe,  0xf3,  0xaf,  0x6e,  0x9f,  0x8d,  0x24,  0x36,  0x3d,  0xcf,  0x07,  0xd7,  0x06,  0xa9,  0x82,
  0x1c,  0xec,  0x76,  0x03,  0xdf,  0x69,  0xfe,  0x95,  0x28,  0x44,  0x6c,  0x78,  0x3f,  0x5f,  0xe9,  0x55,
  0xd0,  0x68,  0x71,  0xe8,  0xa7,  0xdb,  0xfa,  0xd2,  0x11,  0x11,  0xfb,  0xe8,  0x7e,  0xbf,  0xce,  0x80,
  0x27,  0x97,  0x3b,  0xd7,  0x06,  0xa5,  0x02,  0x23,  0x94,  0x11,  0xde,  0xa8,  0x68,  0x09,  0xfd,  0xdb,
  0x67,  0xd6,  0x9b,  0x12,  0x19,  0x1f,  0xde,  0x6f,  0xa1,  0xa8,  0x45,  0x32,  0x46,  0x27,  0x6f,  0xe2,
  0x2a,  0x80,  0x62,  0x63,  0x66,  0x7a,  0x9a,  0x40,  0x24,  0xaa,  0x48,  0x6c,  0x53,  0x64,  0x91,  0x2e,
  0x18,  0x8f,  0x71,  0x43,  0x02,  0x59,  0xcf,  0x20,  0x7b,  0x50,  0x00,  0x80,  0xed,  0x6f,  0x4e,  0xbf,
  0xa1,  0xa0,  0x09,  0x14,  0x1f,  0x30,  0xf6,  0xff,  0x00,  0xf5,  0x50,  0xf7,  0x01,  0xaf,  0xd4,  0x1c,
  0xf4,  0x1f,  0xd6,  0x97,  0x51,  0xa2,  0x57,  0x1f,  0xba,  0x19,  0xeb,  0x8a,  0x10,  0x88,  0xc6,  0x7c,
  0xd5,  0x34,  0xd9,  0x42,  0xc8,  0x4f,  0x1e,  0x86,  0x84,  0x48,  0x46,  0xb9,  0x97,  0x1e,  0xd4,  0x48,
  0x09,  0x5c,  0x7c,  0xdc,  0xfb,  0xf1,  0x45,  0xc4,  0x88,  0x5f,  0x95,  0x1e,  0x98,  0xa6,  0x34,  0x29,
  0xe2,  0x31,  0xf4,  0xa9,  0x40,  0x11,  0x9d,  0xb3,  0xaf,  0xbe,  0x7f,  0x95,  0x0d,  0x8f,  0xa1,  0x1c,
  0xbf,  0xeb,  0x30,  0x3b,  0x92,  0x28,  0x18,  0xfb,  0x32,  0x76,  0xbf,  0xb1,  0xa4,  0x89,  0x64,  0xb2,
  0x36,  0x5f,  0xf0,  0xfe,  0x82,  0xa9,  0x02,  0x2a,  0xcb,  0xc0,  0x03,  0xdc,  0x7f,  0x4a,  0x1e,  0xc0,
  0x5a,  0x6e,  0x63,  0x18,  0xf6,  0xa1,  0x02,  0x23,  0x84,  0x70,  0x4f,  0xe1,  0x40,  0xd8,  0xc5,  0x18,
  0x93,  0xf0,  0x3f,  0xce,  0x81,  0x8e,  0x6c,  0x83,  0xf8,  0x1a,  0x6c,  0x94,  0x3d,  0xb2,  0x15,  0x7d,
  0xc1,  0xa9,  0x4c,  0x06,  0x4b,  0xd4,  0xfd,  0x7f,  0xa0,  0xa7,  0xd0,  0x68,  0x77,  0xf0,  0x2f,  0xe1,
  0xfc,  0xe8,  0x11,  0x1b,  0x8f,  0x99,  0x3f,  0x11,  0x43,  0x02,  0x77,  0xe6,  0x4c,  0xfa,  0x11,  0xfc,
  0xa9,  0x20,  0x22,  0x94,  0xf2,  0xa3,  0xeb,  0x54,  0x50,  0x8e,  0x0f,  0x97,  0x8f,  0x7f,  0xeb,  0x43,
  0xd8,  0x94,  0x24,  0x44,  0x12,  0x7d,  0x3f,  0xfa,  0xe2,  0xa5,  0x6e,  0x36,  0x03,  0xee,  0xe3,  0xd3,
  0xfc,  0x29,  0x8c,  0x58,  0xd4,  0xf9,  0x7f,  0xe7,  0xd6,  0x90,  0x31,  0x24,  0x18,  0x6c,  0x76,  0xaa,
  0x02,  0xb4,  0x27,  0x24,  0x0f,  0x4a,  0x48,  0x92,  0x69,  0x3d,  0x7d,  0x3f,  0xc6,  0xa8,  0x07,  0xc6,
  0x41,  0x56,  0xff,  0x00,  0x76,  0xa4,  0x07,  0xaf,  0xfa,  0xc2,  0x7d,  0xff,  0x00,  0xa5,  0x00,  0xc6,
  0x93,  0x96,  0xf6,  0xa1,  0xee,  0x34,  0x4d,  0x20,  0x18,  0xc7,  0xb0,  0xfe,  0xb4,  0x90,  0x91,  0x12,
  0x9f,  0xde,  0x2f,  0xe3,  0x9a,  0x6c,  0xa1,  0x64,  0x1c,  0x2f,  0x6a,  0x11,  0x22,  0xc3,  0xc4,  0xf8,
  0xf4,  0xa1,  0x81,  0x2c,  0xbc,  0x3f,  0xd4,  0x1a,  0x10,  0x15,  0x9b,  0x3b,  0x3d,  0xb1,  0x4c,  0xa1,
  0xce,  0x72,  0xaa,  0x3b,  0x7f,  0xf5,  0xe9,  0x22,  0x58,  0xd1,  0x9f,  0x39,  0x71,  0xcf,  0x26,  0xa5,
  0xee,  0x3e,  0x83,  0x65,  0xff,  0x00,  0x5a,  0x3e,  0xa6,  0x9a,  0x10,  0xfb,  0x66,  0x21,  0x5f,  0xdf,
  0x34,  0x81,  0x8f,  0x3f,  0x79,  0x4f,  0xe7,  0x4c,  0xa2,  0x19,  0x32,  0x5b,  0x1e,  0x86,  0x9b,  0xd8,
  0x92,  0xc1,  0x6f,  0x97,  0x03,  0xb6,  0x33,  0x42,  0x01,  0x91,  0xf0,  0x8d,  0xf8,  0xff,  0x00,  0x23,
  0x40,  0x30,  0xda,  0x01,  0x07,  0x3d,  0x07,  0x34,  0x14,  0x29,  0xea,  0x07,  0xad,  0x36,  0x4a,  0x06,
  0xce,  0x57,  0xf1,  0xa9,  0x40,  0x36,  0x52,  0x37,  0x9e,  0xfc,  0xd3,  0xe8,  0x34,  0x4a,  0x47,  0xee,
  0xc1,  0xfc,  0x7f,  0x5a,  0x48,  0x44,  0x3d,  0x59,  0x39,  0xee,  0x6a,  0xc0,  0x9f,  0x04,  0xe0,  0xfb,
  0xff,  0x00,  0x4a,  0x82,  0x48,  0x64,  0x1c,  0x8f,  0x6c,  0xd5,  0x94,  0x35,  0xb2,  0x10,  0x0f,  0x5c,
  0xd2,  0x63,  0x88,  0xc8,  0x87,  0x24,  0x1e,  0xc3,  0xaf,  0xf9,  0xfa,  0x54,  0xc4,  0x19,  0x20,  0x03,
  0xcb,  0x3f,  0xe7,  0xb5,  0x50,  0xc7,  0x27,  0xfa,  0x91,  0x8e,  0xff,  0x00,  0xfd,  0x6a,  0x8e,  0xa0,
  0xc8,  0xe4,  0x39,  0x66,  0x1e,  0x86,  0xa8,  0x08,  0x63,  0x21,  0x65,  0x18,  0xa0,  0x91,  0xec,  0x72,
  0x33,  0xef,  0x40,  0x0e,  0xb7,  0x3f,  0x23,  0xfb,  0x71,  0x49,  0x0c,  0x50,  0x7e,  0xf1,  0x1e,  0xa2,
  0x80,  0x62,  0x1e,  0xde,  0xbc,  0x50,  0xc6,  0x5a,  0x90,  0xff,  0x00,  0x21,  0xfd,  0x68,  0x44,  0xa2,
  0xb8,  0x39,  0x75,  0x22,  0x86,  0x3e,  0x84,  0xac,  0x33,  0x91,  0xe9,  0x9a,  0x10,  0x86,  0xa7,  0xfa,
  0xea,  0x6c,  0x19,  0x2c,  0x83,  0xe6,  0x3e,  0xc2,  0x84,  0x24,  0x57,  0x73,  0x8c,  0x53,  0x65,  0x8e,
  0x56,  0x04,  0x2f,  0xa1,  0xff,  0x00,  0x1a,  0x9b,  0x89,  0x91,  0xa1,  0x3b,  0xd4,  0xfb,  0xd0,  0x31,
  0xf3,  0xe3,  0x21,  0xb1,  0xcf,  0x34,  0xc9,  0x12,  0xd3,  0x1b,  0x4f,  0xd6,  0xa5,  0x0d,  0x93,  0x4a,
  0xbf,  0x27,  0x1e,  0x82,  0x81,  0x95,  0xcf,  0x2f,  0x54,  0x49,  0x33,  0x70,  0xbf,  0x88,  0xa0,  0x10,
  0xd4,  0xcf,  0x96,  0xd8,  0xf4,  0x3f,  0xd6,  0x86,  0x50,  0x1c,  0xe4,  0xff,  0x00,  0xbb,  0xfd,  0x68,
  0x13,  0x0c,  0x9d,  0xc0,  0x7d,  0x3f,  0x9d,  0x0c,  0x64,  0x92,  0x73,  0xb7,  0xf1,  0xc7,  0xe7,  0x49,
  0x12,  0x47,  0x21,  0xf9,  0x8f,  0xf9,  0xed,  0x4c,  0x68,  0x99,  0xce,  0x10,  0x7a,  0x60,  0xd2,  0x12,
  0x2b,  0xe7,  0xe7,  0x4f,  0x4c,  0x9a,  0xa6,  0x05,  0xb1,  0xca,  0x83,  0x8a,  0x44,  0x95,  0x9f,  0xef,
  0x1f,  0xa9,  0xfe,  0x54,  0xd1,  0x48,  0x49,  0x4f,  0xdc,  0x1e,  0xb4,  0x98,  0xd1,  0x1c,  0x78,  0xdb,
  0x29,  0xfc,  0xa9,  0x47,  0xa8,  0x32,  0x43,  0xc2,  0x1f,  0xa5,  0x50,  0x21,  0xf1,  0x9c,  0x42,  0x01,
  0xa8,  0x1b,  0x21,  0x95,  0x88,  0xdc,  0x7d,  0x71,  0x4d,  0x81,  0x59,  0x38,  0x9b,  0x1d,  0xfb,  0xd1,
  0xd4,  0x92,  0x53,  0x9c,  0x1f,  0x63,  0x40,  0x21,  0xd1,  0x9c,  0x24,  0x99,  0xfa,  0x8f,  0xc8,  0x52,
  0x45,  0x0b,  0x1f,  0xdd,  0x6a,  0x10,  0x98,  0x03,  0x9c,  0x7e,  0x14,  0xd8,  0x22,  0xdb,  0xe3,  0xf3,
  0x03,  0x9f,  0xce,  0x81,  0x22,  0xba,  0x03,  0x90,  0x07,  0xbd,  0x0c,  0xa2,  0x66,  0x1f,  0x29,  0x34,
  0xd1,  0x24,  0x51,  0x11,  0xbf,  0x39,  0xe7,  0x14,  0x32,  0x89,  0xe5,  0x18,  0x24,  0xfb,  0x81,  0x42,
  0x64,  0x22,  0xb4,  0xdc,  0x95,  0x03,  0xad,  0x0c,  0xa4,  0x24,  0x40,  0xe3,  0x9e,  0x80,  0xf1,  0x52,
  0x81,  0x8a,  0xa0,  0x02,  0x29,  0xb1,  0x93,  0x48,  0xa0,  0xe4,  0x76,  0xe6,  0x99,  0x28,  0x65,  0xa8,
  0xc2,  0x9c,  0xf4,  0xcd,  0x48,  0xd9,  0x34,  0xc4,  0x60,  0x28,  0xeb,  0x8f,  0xeb,  0x4d,  0x09,  0x15,
  0x72,  0x7c,  0xc3,  0x4e,  0xe5,  0x12,  0xb1,  0xe7,  0xdb,  0x02,  0x82,  0x50,  0x21,  0xfd,  0xd9,  0xf4,
  0xc1,  0xa1,  0x8d,  0x8d,  0x1f,  0x7d,  0xb9,  0xe3,  0x6e,  0x3f,  0x5a,  0x4f,  0x71,  0x8a,  0x31,  0xb8,
  0x60,  0x7a,  0x60,  0xfe,  0x34,  0xd9,  0x24,  0x8f,  0xd5,  0x07,  0x6c,  0x7f,  0x5a,  0x40,  0x47,  0x21,
  0xf9,  0x8f,  0xd6,  0x9b,  0x1a,  0x27,  0x95,  0x7e,  0x41,  0xf4,  0x34,  0x89,  0x45,  0x65,  0xce,  0xe1,
  0xec,  0x49,  0xaa,  0xb8,  0xd1,  0x77,  0xfe,  0x59,  0x01,  0xde,  0xb3,  0x24,  0xa9,  0x2f,  0xdd,  0xcf,
  0xbd,  0x59,  0x43,  0x1f,  0x05,  0x97,  0xd8,  0x50,  0xca,  0x08,  0x80,  0xf2,  0xdb,  0xea,  0x29,  0x44,
  0x96,  0x3e,  0x4e,  0x14,  0x7d,  0x29,  0xb1,  0xa1,  0xe4,  0x1f,  0x2d,  0x31,  0xdc,  0x7f,  0x8d,  0x48,
  0x15,  0xa4,  0x39,  0x40,  0x73,  0xdc,  0x7f,  0x3a,  0x18,  0xca,  0xa8,  0x7f,  0xd2,  0x5b,  0xfc,  0xf6,
  0xa1,  0x6e,  0x49,  0x39,  0xc0,  0x1d,  0x73,  0x93,  0xcd,  0x32,  0x87,  0x9c,  0x60,  0xfe,  0x54,  0x12,
  0x2c,  0x27,  0x31,  0xb5,  0x4a,  0x1b,  0x04,  0x19,  0x7e,  0x7b,  0x55,  0x0c,  0xb3,  0x29,  0xe4,  0x7a,
  0x60,  0x53,  0x44,  0xa2,  0x28,  0x39,  0x93,  0x9f,  0x7a,  0x96,  0x51,  0x29,  0x6c,  0x27,  0xbe,  0x2a,
  0x89,  0x21,  0x8c,  0x7e,  0xf3,  0x1f,  0x4f,  0xeb,  0x49,  0x94,  0x4f,  0x28,  0x20,  0x11,  0xea,  0x68,
  0x21,  0x15,  0xbd,  0x37,  0x75,  0x03,  0x14,  0xd1,  0x64,  0x88,  0x3e,  0x52,  0x71,  0x8e,  0xff,  0x00,
  0xad,  0x48,  0x11,  0xa9,  0xc1,  0x23,  0xdf,  0xfa,  0xd0,  0x03,  0xe5,  0x24,  0x92,  0x7b,  0xf3,  0xfd,
  0x29,  0xd8,  0x94,  0x16,  0xff,  0x00,  0x74,  0xe6,  0x82,  0x89,  0x67,  0x3f,  0xbc,  0x8f,  0x1d,  0x30,
  0x45,  0x08,  0x94,  0x41,  0xff,  0x00,  0x2d,  0x3f,  0x13,  0xfc,  0xe9,  0x94,  0x48,  0xd9,  0xf9,  0x7e,
  0x94,  0x89,  0x41,  0x18,  0x3e,  0x5f,  0xd4,  0x7f,  0x8d,  0x00,  0xc4,  0x87,  0x06,  0x46,  0xfa,  0x52,
  0x7b,  0x94,  0xc0,  0x9f,  0x98,  0x8f,  0x42,  0x3f,  0x9d,  0x53,  0x24,  0x7c,  0x9d,  0x53,  0xbf,  0xff,
  0x00,  0xac,  0x52,  0x01,  0x92,  0x63,  0x78,  0xff,  0x00,  0x3d,  0xe8,  0x63,  0x45,  0x89,  0x3a,  0x63,
  0xd8,  0xd0,  0x89,  0x45,  0x50,  0x4e,  0xe0,  0x3e,  0xb5,  0x4c,  0x68,  0xb8,  0xe7,  0x08,  0xbf,  0xe7,
  0xb5,  0x66,  0x89,  0x2a,  0xcd,  0xf7,  0x6a,  0xca,  0x18,  0xf8,  0x0c,  0xbe,  0xe2,  0x86,  0x50,  0x42,
  0x46,  0xc6,  0xfa,  0x8a,  0x51,  0x25,  0x8f,  0x93,  0x95,  0x1f,  0x4a,  0x6c,  0x68,  0x79,  0x27,  0xcb,
  0x4c,  0x76,  0x1f,  0xe3,  0x52,  0x05,  0x69,  0x06,  0x10,  0x0c,  0x77,  0x1f,  0xce,  0x86,  0x32,  0xaa,
  0x0f,  0xf4,  0x96,  0xff,  0x00,  0x3d,  0xa8,  0x5b,  0x92,  0x4e,  0x70,  0x47,  0x4c,  0x60,  0xf3,  0x4c,
  0xa1,  0xe7,  0x18,  0x3f,  0x9d,  0x04,  0x8b,  0x08,  0xc4,  0x6d,  0x52,  0x86,  0xc1,  0x0e,  0x1f,  0x9e,
  0xf5,  0x43,  0x2c,  0xca,  0x39,  0x1e,  0x98,  0x14,  0xd1,  0x28,  0x8a,  0x0e,  0x24,  0xe7,  0xde,  0xa5,
  0x94,  0x4a,  0x57,  0x29,  0xef,  0x8a,  0xa2,  0x48,  0x63,  0x3f,  0xbc,  0xcf,  0xd3,  0xfa,  0xd2,  0x65,
  0x13,  0xca,  0x49,  0x04,  0xfa,  0x1a,  0x08,  0x45,  0x6f,  0x4d,  0xdd,  0x48,  0xcd,  0x34,  0x59,  0x22,
  0x1f,  0x94,  0x8c,  0xe7,  0xb7,  0xeb,  0x52,  0x04,  0x6a,  0x32,  0x49,  0xf7,  0xfe,  0xb4,  0x00,  0xf9,
  0x41,  0x04,  0x8e,  0xfc,  0xff,  0x00,  0x4a,  0x77,  0x25,  0x05,  0xbf,  0xdd,  0x39,  0xa0,  0xa2,  0x59,
  0xc7,  0xef,  0x23,  0xc7,  0x4c,  0x13,  0x42,  0x25,  0x10,  0x7f,  0xcb,  0x4f,  0xc4,  0xff,  0x00,  0x3a,
  0x65,  0x12,  0x36,  0x7e,  0x5f,  0xa5,  0x22,  0x50,  0x46,  0x4f,  0x97,  0xf4,  0x1f,  0xe3,  0x40,  0x31,
  0x21,  0xc0,  0x91,  0xbe,  0x94,  0x9e,  0xe5,  0x30,  0x23,  0xe6,  0x27,  0xd4,  0x8f,  0xe7,  0x54,  0xc9,
  0x1f,  0x27,  0x54,  0xed,  0xff,  0x00,  0xeb,  0x14,  0x80,  0x64,  0x98,  0xde,  0x3f,  0xcf,  0x7a,  0x18,
  0xd1,  0x62,  0x4e,  0x99,  0xf6,  0x34,  0x22,  0x51,  0x54,  0x03,  0xb8,  0x1f,  0xad,  0x53,  0x1a,  0x2e,
  0x38,  0xca,  0x2f,  0xf9,  0xed,  0x59,  0xa2,  0x4a,  0xb2,  0xfd,  0xda,  0xb2,  0x84,  0x94,  0x7d,  0xc3,
  0xe9,  0x43,  0x1a,  0x23,  0x8f,  0x1b,  0x65,  0x1f,  0x95,  0x28,  0xf5,  0x06,  0x48,  0x79,  0x43,  0xf4,
  0xaa,  0x04,  0x3e,  0x31,  0x98,  0x41,  0x35,  0x03,  0x64,  0x32,  0xa9,  0x3b,  0x87,  0xa6,  0x29,  0xb0,
  0x2b,  0x27,  0x33,  0x67,  0xbf,  0x7a,  0x3a,  0x92,  0x4a,  0x73,  0x83,  0xee,  0x68,  0x04,  0x3a,  0x31,
  0x94,  0x93,  0x3f,  0x41,  0xf9,  0x0a,  0x48,  0xa1,  0x63,  0xfb,  0xad,  0x42,  0x13,  0x0c,  0x63,  0x1f,
  0x85,  0x36,  0x08,  0xb6,  0xf8,  0xfc,  0x80,  0xe3,  0xf3,  0xa0,  0x48,  0xae,  0x84,  0xe4,  0x11,  0xef,
  0x43,  0x28,  0x99,  0x8f,  0xca,  0x45,  0x34,  0x49,  0x14,  0x40,  0x6f,  0xc6,  0x39,  0xc5,  0x0c,  0xa2,
  0x79,  0x4e,  0x49,  0x1e,  0xe0,  0xd0,  0x91,  0x08,  0xad,  0x37,  0x05,  0x48,  0xeb,  0x43,  0x29,  0x09,
  0x11,  0x38,  0xe7,  0xa1,  0x3c,  0x54,  0xa0,  0x62,  0xa9,  0x04,  0x8a,  0x6c,  0x64,  0xd2,  0x30,  0x19,
  0x3d,  0xb9,  0xa6,  0x4a,  0x19,  0x6a,  0x72,  0xa7,  0x3d,  0x33,  0x52,  0x36,  0x4d,  0x30,  0x18,  0x0c,
  0x3a,  0xe3,  0xfa,  0xd3,  0x42,  0x45,  0x5c,  0x1f,  0x30,  0xd3,  0xb1,  0x44,  0xac,  0x39,  0xf6,  0xc0,
  0xa0,  0x94,  0x08,  0x3f,  0x76,  0x7d,  0x30,  0x68,  0x63,  0x63,  0x47,  0xdf,  0x6e,  0x38,  0xdb,  0x9f,
  0xd6,  0x93,  0xdc,  0x62,  0x8c,  0x6e,  0x18,  0x3e,  0x98,  0x1f,  0x8d,  0x36,  0x49,  0x23,  0xf5,  0x43,
  0xdb,  0x1f,  0xd6,  0x90,  0x11,  0xc8,  0x3e,  0x63,  0xf5,  0xa6,  0xc6,  0x89,  0xe5,  0x6f,  0x90,  0x7d,
  0x0d,  0x22,  0x51,  0x59,  0x73,  0xb8,  0x7b,  0x92,  0x2a,  0xac,  0x34,  0x5d,  0xff,  0x00,  0x96,  0x40,
  0xf7,  0xac,  0xc9,  0x2a,  0x4b,  0xf7,  0x71,  0xef,  0x56,  0x50,  0xd6,  0xc9,  0x40,  0x7d,  0x33,  0x4d,
  0x8e,  0x23,  0x22,  0x3c,  0x92,  0x7b,  0x8e,  0x9f,  0xe7,  0xeb,  0x53,  0x10,  0x64,  0x80,  0x8f,  0x2c,
  0xff,  0x00,  0x9e,  0xd5,  0x43,  0x1c,  0x9f,  0xea,  0x46,  0x3b,  0x7f,  0xf5,  0xaa,  0x3a,  0x83,  0x23,
  0x90,  0x61,  0x98,  0xfa,  0x9a,  0xa0,  0x21,  0x8c,  0x06,  0x94,  0x62,  0x82,  0x47,  0xb0,  0xc0,  0xc7,
  0xbd,  0x00,  0x3a,  0xdc,  0x7c,  0x8f,  0xef,  0xcd,  0x24,  0x02,  0x81,  0xf7,  0x80,  0xf5,  0x14,  0x0d,
  0x88,  0x7b,  0x7a,  0xf1,  0x43,  0x19,  0x6a,  0x41,  0xfc,  0x87,  0xf5,  0xa1,  0x12,  0x8a,  0xe0,  0x61,
  0xd4,  0x0a,  0x18,  0xfa,  0x12,  0xb1,  0xc6,  0x4f,  0xae,  0x68,  0x42,  0x1a,  0x9f,  0xeb,  0xa9,  0xb0,
  0x64,  0xb2,  0x1f,  0x98,  0xfb,  0x8a,  0x10,  0x91,  0x5d,  0xc6,  0x71,  0x4d,  0x96,  0x39,  0x54,  0x00,
  0xbe,  0x83,  0xfc,  0x6a,  0x6c,  0x26,  0x46,  0x80,  0xef,  0x51,  0xef,  0x40,  0xc7,  0xcf,  0x8c,  0x85,
  0xcf,  0x3c,  0xd3,  0x24,  0x4b,  0x4c,  0x6d,  0x3f,  0x5a,  0x94,  0x36,  0x4d,  0x2b,  0x7c,  0x9c,  0x7a,
  0x0a,  0x06,  0x57,  0x3c,  0x3d,  0x51,  0x24,  0xcd,  0xca,  0xfe,  0x22,  0x80,  0x43,  0x53,  0x3e,  0x5b,
  0x63,  0xd0,  0xff,  0x00,  0x5a,  0x19,  0x40,  0x73,  0x93,  0xfe,  0xef,  0xf5,  0xa0,  0x4c,  0x30,  0x77,
  0x03,  0xf4,  0xfe,  0x74,  0x31,  0x92,  0x49,  0xc6,  0xdf,  0xc7,  0x1f,  0x9d,  0x24,  0x49,  0x1c,  0x83,
  0xe6,  0x3f,  0xe7,  0xb5,  0x31,  0xa2,  0x67,  0x19,  0x8c,  0x7a,  0x60,  0xd2,  0x12,  0x2b,  0xe3,  0xe7,
  0x4f,  0x4c,  0x9a,  0xa6,  0x05,  0xb1,  0xc2,  0x81,  0x9a,  0x44,  0x95,  0x9f,  0xef,  0x1f,  0xa9,  0xfe,
  0x54,  0xd1,  0x48,  0x47,  0x27,  0xcb,  0xcf,  0xbf,  0xf5,  0xa1,  0xec,  0x08,  0x48,  0x80,  0x04,  0xfa,
  0x7f,  0xf5,  0xc5,  0x4a,  0xdc,  0x6c,  0x07,  0xdd,  0xcf,  0xaf,  0xf8,  0x53,  0x18,  0xb1,  0xb1,  0xf2,
  0xff,  0x00,  0xcf,  0xad,  0x20,  0x62,  0x48,  0x72,  0xd9,  0xed,  0x54,  0x05,  0x68,  0x46,  0x08,  0x3e,
  0xb4,  0x91,  0x24,  0xd2,  0x7a,  0x7a,  0xff,  0x00,  0x8d,  0x50,  0x0f,  0x8c,  0x00,  0xad,  0xfe,  0xed,
  0x48,  0x0f,  0x5f,  0xf5,  0x84,  0x7b,  0xff,  0x00,  0x4a,  0x01,  0x8d,  0x23,  0x0d,  0xed,  0x43,  0xdc,
  0x68,  0x9a,  0x42,  0x31,  0x9f,  0x61,  0xfd,  0x69,  0x21,  0x22,  0x25,  0x1f,  0xbc,  0x5f,  0xc7,  0x34,
  0xd9,  0x42,  0xc8,  0x78,  0x5e,  0xf4,  0x22,  0x45,  0x87,  0x99,  0xf3,  0xeb,  0x43,  0x02,  0x59,  0x79,
  0x7f,  0xa0,  0x34,  0x21,  0x15,  0x9b,  0x3b,  0x3d,  0xb1,  0x4c,  0xb1,  0xce,  0x30,  0xaa,  0x7b,  0x7f,
  0xf5,  0xe9,  0x22,  0x58,  0xd1,  0x9f,  0x39,  0x71,  0xc7,  0x26,  0xa5,  0xee,  0x3e,  0x83,  0x65,  0xff,
  0x00,  0x5a,  0x3e,  0xa6,  0x9a,  0x10,  0xfb,  0x65,  0x25,  0x5f,  0xdb,  0x34,  0x81,  0x8f,  0x3f,  0x79,
  0x47,  0xe7,  0x4c,  0xa2,  0x19,  0x32,  0x1b,  0x3e,  0xa6,  0x9b,  0xd8,  0x92,  0xc1,  0x5f,  0x97,  0x23,
  0xbe,  0x33,  0x42,  0x01,  0x91,  0xf2,  0x8d,  0xf8,  0xff,  0x00,  0x23,  0x40,  0x30,  0xdc,  0x09,  0x03,
  0x1d,  0x47,  0x34,  0x14,  0x29,  0xea,  0x0f,  0xa5,  0x36,  0x4a,  0x06,  0xce,  0x57,  0xf1,  0xa9,  0x40,
  0x36,  0x50,  0x37,  0x9e,  0xdc,  0xd3,  0xe8,  0x34,  0x4a,  0x4f,  0xee,  0xc0,  0xfc,  0x3f,  0x5a,  0x48,
  0x44,  0x3d,  0x19,  0x38,  0xee,  0x6a,  0xc0,  0x9f,  0x24,  0x60,  0x7b,  0xff,  0x00,  0x4a,  0x82,  0x48,
  0x64,  0x3c,  0x8f,  0x7c,  0xd5,  0x94,  0x04,  0x7e,  0xed,  0xb3,  0xeb,  0x49,  0x82,  0x19,  0x1f,  0xde,
  0x6f,  0xa1,  0xa8,  0x45,  0x32,  0x46,  0x07,  0x6f,  0xe2,  0x2a,  0x80,  0x62,  0x63,  0x66,  0x3a,  0x1a,
  0x40,  0x24,  0xac,  0x40,  0x6c,  0x53,  0x64,  0x91,  0x2e,  0x14,  0x8f,  0x61,  0x43,  0x02,  0x59,  0xc7,
  0x20,  0xfb,  0x50,  0x00,  0x84,  0xed,  0x6f,  0x4e,  0x9f,  0xa1,  0xa0,  0x09,  0x14,  0x9f,  0x30,  0xf7,
  0xff,  0x00,  0xf5,  0x50,  0xf7,  0x01,  0xaf,  0xd4,  0x0c,  0x75,  0x1f,  0xd6,  0x97,  0x51,  0xa2,  0x57,
  0x3f,  0xba,  0x19,  0xeb,  0x8a,  0x10,  0x88,  0xc6,  0x7c,  0xd5,  0x14,  0xd9,  0x42,  0xc8,  0x0f,  0x1e,
  0x82,  0x84,  0x48,  0x46,  0xd8,  0x97,  0x3e,  0xd4,  0x48,  0x09,  0x5c,  0xfc,  0xdc,  0xfb,  0xf3,  0x45,
  0x84,  0x88,  0x5f,  0x85,  0x1e,  0x98,  0xa6,  0x34,  0x29,  0xe6,  0x31,  0xf4,  0xa9,  0x40,  0x11,  0x8d,
  0xd3,  0xaf,  0xb6,  0x7f,  0x95,  0x0d,  0x0f,  0xa1,  0x1c,  0xbf,  0xeb,  0x32,  0x3b,  0x12,  0x68,  0x18,
  0xfb,  0x30,  0x76,  0xbf,  0xb9,  0xa4,  0x89,  0x64,  0xb2,  0x2e,  0x1f,  0xf0,  0xfe,  0x82,  0xa9,  0x02,
  0x2a,  0xcb,  0xc8,  0x07,  0xdc,  0x7f,  0x4a,  0x1e,  0xc0,  0x5a,  0x6e,  0x23,  0x18,  0xf6,  0xa1,  0x02,
  0x23,  0x84,  0xf0,  0x47,  0xe3,  0x40,  0xd8,  0xc5,  0x39,  0x93,  0xf0,  0x3f,  0xce,  0x81,  0x8e,  0x6c,
  0x93,  0xf8,  0x1a,  0x6c,  0x94,  0x3d,  0xb2,  0x55,  0x7d,  0x81,  0xa9,  0x48,  0x06,  0x4b,  0xd4,  0xfd,
  0x7f,  0xa0,  0xa7,  0xd0,  0x68,  0x77,  0xf0,  0x2f,  0xe1,  0xfc,  0xe8,  0x11,  0x1b,  0x9f,  0x99,  0x3f,
  0x13,  0x43,  0x02,  0x77,  0xe2,  0x4c,  0x7a,  0x91,  0xfc,  0xa9,  0x20,  0x22,  0x94,  0x72,  0xa7,  0xeb,
  0x54,  0x50,  0x92,  0x1f,  0x90,  0x8e,  0xe6,  0x86,  0x4a,  0x11,  0x4f,  0xef,  0x54,  0x7a,  0x83,  0x9f,
  0xca,  0xa7,  0xa8,  0xde,  0xc3,  0xc1,  0xfd,  0xdb,  0x30,  0xf5,  0xa0,  0x64,  0x71,  0x67,  0xfc,  0xfd,
  0x28,  0xea,  0x2e,  0x81,  0x3f,  0x57,  0xc7,  0xf9,  0xe9,  0x4d,  0x88,  0x89,  0xb3,  0x85,  0xf5,  0xa2,
  0x5b,  0x02,  0x27,  0x9b,  0xee,  0x8a,  0x00,  0x23,  0xfb,  0x87,  0x3f,  0xe7,  0xad,  0x00,  0xc7,  0x47,
  0xcc,  0xbf,  0xe7,  0xde,  0x86,  0x0c,  0x64,  0xb9,  0x12,  0xaf,  0xa7,  0xff,  0x00,  0x5e,  0x93,  0xdc,
  0x68,  0x96,  0x4c,  0x79,  0x60,  0x7d,  0x68,  0x48,  0x57,  0x18,  0x08,  0xf3,  0x56,  0x9b,  0x1a,  0x1f,
  0x2f,  0xfa,  0xaf,  0x7c,  0xd0,  0x84,  0x46,  0xbc,  0xb6,  0x3d,  0x47,  0xf5,  0xa1,  0x81,  0x3c,  0x9d,
  0xa9,  0x21,  0x22,  0x29,  0x38,  0x5c,  0x55,  0x31,  0xa1,  0x06,  0x7c,  0x95,  0xc7,  0x5a,  0x48,  0x02,
  0x02,  0x7c,  0xe1,  0xef,  0x44,  0x87,  0xd0,  0x8e,  0xe7,  0x09,  0x27,  0xb5,  0x21,  0x12,  0xda,  0x11,
  0xc8,  0xa9,  0x1b,  0x1f,  0x3f,  0xfa,  0xdc,  0x9e,  0x98,  0xfe,  0x95,  0x51,  0x12,  0x2b,  0x39,  0xca,
  0xa8,  0xf5,  0xa6,  0xf6,  0x02,  0xc3,  0x9f,  0x90,  0x7e,  0x14,  0x20,  0x44,  0x68,  0x48,  0x76,  0x1d,
  0x38,  0xfe,  0xb4,  0x03,  0x08,  0x87,  0xef,  0x3a,  0x76,  0xeb,  0xf8,  0xd2,  0x43,  0x63,  0xdc,  0x70,
  0x7d,  0x70,  0x6a,  0x98,  0x21,  0xce,  0xa7,  0x60,  0x1d,  0xf6,  0x9f,  0xe9,  0x52,  0x84,  0x46,  0xc3,
  0x83,  0xf5,  0xfe,  0x95,  0x5d,  0x06,  0x87,  0x1e,  0x8a,  0x3d,  0xbf,  0xad,  0x21,  0x11,  0x1f,  0xbe,
  0x83,  0xeb,  0xfc,  0xe8,  0x02,  0x79,  0x73,  0xbd,  0x70,  0x2a,  0x50,  0x22,  0x39,  0x49,  0x3d,  0xaa,
  0x86,  0x84,  0x6e,  0x83,  0xd7,  0x1d,  0x6a,  0x89,  0x42,  0x47,  0xfe,  0xb1,  0x58,  0xf5,  0x39,  0xc5,
  0x66,  0x53,  0x1f,  0x8c,  0x46,  0x40,  0xef,  0x54,  0xc6,  0x47,  0x08,  0xce,  0xe6,  0xf4,  0x34,  0xba,
  0x87,  0x41,  0xb2,  0x11,  0xbc,  0x9f,  0x51,  0xc8,  0xa6,  0x49,  0x19,  0xe8,  0x3d,  0x45,  0x0f,  0x60,
  0x44,  0xd2,  0x67,  0x60,  0xa4,  0x08,  0x74,  0x60,  0x95,  0xc7,  0xad,  0x52,  0x06,  0x2c,  0x3c,  0xbe,
  0x7d,  0xa9,  0x00,  0x92,  0x03,  0xe6,  0xaf,  0xe5,  0x43,  0x1a,  0x1d,  0x31,  0x3b,  0x01,  0xf5,  0xcf,
  0xf4,  0xa4,  0x98,  0x86,  0x9c,  0xf9,  0xab,  0x4d,  0x94,  0x4b,  0x37,  0xdd,  0xfc,  0x68,  0x44,  0x90,
  0x43,  0x81,  0x20,  0x27,  0xdf,  0x8f,  0xc6,  0xa8,  0x0b,  0x27,  0xf9,  0x13,  0x59,  0x88,  0x82,  0x43,
  0x9c,  0xd5,  0x96,  0x22,  0x1f,  0x91,  0x7e,  0xb9,  0xa1,  0x10,  0x3a,  0x13,  0xfb,  0xe4,  0xa8,  0x91,
  0x5d,  0x06,  0x5c,  0x8c,  0x96,  0x3e,  0x87,  0xfa,  0xd2,  0x63,  0x16,  0xdb,  0xaf,  0xd7,  0x8a,  0x62,
  0x64,  0xb7,  0x1f,  0x7b,  0xf0,  0xff,  0x00,  0x1a,  0x68,  0x48,  0xae,  0x08,  0xca,  0x7b,  0x1a,  0x6c,
  0x09,  0xe4,  0xc6,  0xde,  0x28,  0x40,  0x88,  0x87,  0xfa,  0xc7,  0xfa,  0x7f,  0x5a,  0x3a,  0x83,  0x1d,
  0x11,  0xfd,  0xef,  0xd4,  0x52,  0x06,  0x4a,  0xc7,  0x9e,  0x3d,  0x3f,  0xad,  0x30,  0x43,  0xa4,  0x23,
  0x6a,  0xfb,  0x03,  0x49,  0x08,  0xac,  0xe4,  0xee,  0x38,  0x3d,  0x48,  0xa6,  0xca,  0x43,  0xdf,  0xe5,
  0x61,  0x9f,  0x41,  0xfc,  0xe9,  0x26,  0x26,  0x46,  0x79,  0x99,  0x3d,  0x30,  0x79,  0xfc,  0x68,  0x7b,
  0x94,  0x58,  0x97,  0x3b,  0x90,  0xfa,  0x9e,  0x7f,  0x2a,  0x44,  0xa2,  0x13,  0xd0,  0xfd,  0x0d,  0x5d,
  0xb4,  0x00,  0x27,  0x38,  0xfa,  0x1a,  0x01,  0x0a,  0xa7,  0x12,  0xc4,  0x3f,  0xcf,  0x43,  0x50,  0xf7,
  0x1f,  0x42,  0x53,  0xd0,  0xfb,  0xd5,  0x30,  0x44,  0x11,  0xe7,  0x63,  0xfd,  0x79,  0xa9,  0x06,  0x24,
  0xab,  0xfb,  0xc5,  0xfa,  0x55,  0x08,  0x8c,  0xf0,  0xff,  0x00,  0x88,  0xa0,  0x09,  0xa7,  0xe6,  0x21,
  0x8f,  0xad,  0x20,  0x42,  0xc6,  0xd8,  0x4c,  0x7b,  0x7f,  0x5a,  0x60,  0xc7,  0x44,  0x71,  0x2f,  0xb6,
  0x28,  0x06,  0x0d,  0x9f,  0x30,  0x7f,  0x9e,  0xf4,  0x0d,  0x0a,  0xeb,  0x98,  0x97,  0xe8,  0x7f,  0xa5,
  0x24,  0x22,  0x22,  0xc7,  0xcd,  0x5f,  0x62,  0x28,  0x65,  0x13,  0xce,  0x70,  0x47,  0xbd,  0x11,  0x24,
  0x87,  0xfe,  0x5a,  0x00,  0x3a,  0xe0,  0xe7,  0xf3,  0xa6,  0xc0,  0x98,  0xe7,  0x71,  0xfa,  0x9a,  0x48,
  0x0a,  0xee,  0x70,  0xb4,  0xd9,  0x40,  0xbc,  0x46,  0xa0,  0xf6,  0x14,  0x22,  0x45,  0x53,  0xb6,  0x78,
  0xbf,  0x0f,  0xeb,  0x53,  0x2d,  0xc7,  0xd0,  0x95,  0xc6,  0x43,  0x7b,  0xe7,  0xf9,  0xd5,  0x0c,  0x8a,
  0x11,  0x80,  0x4f,  0xa1,  0xa9,  0x13,  0x1f,  0x70,  0x7e,  0x60,  0x3d,  0xaa,  0x90,  0x88,  0x09,  0xc3,
  0x01,  0xef,  0x40,  0x13,  0x48,  0xd8,  0x02,  0x84,  0x02,  0x22,  0xe4,  0xb9,  0xf5,  0x1f,  0xd6,  0x8e,
  0xa0,  0xc5,  0x88,  0x62,  0x41,  0xfe,  0x78,  0xe6,  0x80,  0x63,  0xc8,  0x1b,  0x80,  0xf6,  0xfe,  0xb4,
  0x3d,  0xc0,  0x73,  0xf2,  0x83,  0x1d,  0xc1,  0xfe,  0x94,  0x90,  0x10,  0x36,  0x37,  0xe3,  0xe9,  0xfc,
  0xe8,  0x65,  0x22,  0x59,  0x47,  0x2b,  0x42,  0x24,  0x88,  0x8c,  0xc9,  0x8f,  0x63,  0xfc,  0xe9,  0xb2,
  0x89,  0xdb,  0xef,  0x28,  0xec,  0x18,  0xd2,  0x24,  0xaa,  0x4e,  0x0b,  0x1f,  0xad,  0x58,  0x0e,  0x5e,
  0x63,  0x52,  0x7b,  0x8a,  0x94,  0x02,  0xa8,  0xdd,  0x3c,  0x5f,  0x87,  0xf5,  0xa9,  0x96,  0xe3,  0xe8,
  0x4a,  0xe7,  0x01,  0xbd,  0xb3,  0xfc,  0xea,  0x86,  0x45,  0x09,  0xc8,  0x23,  0xd4,  0xd4,  0x89,  0x8f,
  0xb8,  0x1f,  0x30,  0x3e,  0xd5,  0x48,  0x44,  0x04,  0x65,  0x81,  0xf7,  0xa0,  0x09,  0xa4,  0x5c,  0x81,
  0x42,  0x01,  0x11,  0xb0,  0x5c,  0x7a,  0x0f,  0xeb,  0x47,  0x50,  0x62,  0xc4,  0x73,  0x20,  0xff,  0x00,
  0x3c,  0x73,  0x40,  0x31,  0xe4,  0x8d,  0xc0,  0xfb,  0x7f,  0x5a,  0x1e,  0xe0,  0x39,  0xf8,  0x41,  0x8e,
  0xc0,  0xff,  0x00,  0x4a,  0x48,  0x08,  0x1b,  0x1b,  0xf3,  0xf4,  0xfe,  0x74,  0x32,  0x91,  0x2c,  0xa7,
  0x95,  0xa1,  0x12,  0x44,  0x4e,  0x24,  0xcf,  0xb1,  0xfe,  0x74,  0xd9,  0x44,  0xed,  0xf7,  0x94,  0xf6,
  0x2c,  0x69,  0x12,  0x55,  0x23,  0x25,  0x87,  0xd6,  0xac,  0x09,  0x08,  0xc6,  0x3e,  0x86,  0x90,  0x21,
  0x54,  0x66,  0x58,  0x8f,  0xf9,  0xe8,  0x6a,  0x1e,  0xe3,  0xe8,  0x4a,  0x7a,  0x1f,  0x6a,  0xa6,  0x08,
  0x82,  0x3c,  0xec,  0x7f,  0xaf,  0x35,  0x20,  0xc4,  0x95,  0xbf,  0x78,  0xbf,  0x4a,  0xa1,  0x11,  0x9e,
  0x5f,  0xf1,  0x14,  0x01,  0x34,  0xfc,  0x44,  0x31,  0xf4,  0xa4,  0x08,  0x58,  0xd7,  0x29,  0x9f,  0x6f,
  0xeb,  0x4c,  0x18,  0xe8,  0x86,  0x65,  0xf6,  0xc5,  0x00,  0xc1,  0xb3,  0xe6,  0x0f,  0xf3,  0xde,  0x81,
  0xa1,  0x5d,  0xb1,  0x1a,  0xfd,  0x0f,  0xf4,  0xa4,  0x84,  0x44,  0x54,  0xf9,  0xab,  0xee,  0x45,  0x0c,
  0xa2,  0x79,  0xc6,  0x48,  0xf6,  0xa2,  0x24,  0x90,  0xff,  0x00,  0xcb,  0x40,  0x47,  0x5c,  0x1c,  0xfe,
  0x74,  0xd8,  0x13,  0x1c,  0xee,  0x3f,  0x53,  0x49,  0x01,  0x5d,  0xc6,  0x56,  0x9b,  0x28,  0x72,  0x0f,
  0x91,  0x7e,  0xb8,  0xa6,  0x89,  0x1d,  0x08,  0xfd,  0xf2,  0x54,  0x48,  0x7d,  0x06,  0x5c,  0x9c,  0x16,
  0x1e,  0xa7,  0xfa,  0xd2,  0x63,  0x16,  0xdb,  0xaf,  0xd3,  0x9a,  0x62,  0x64,  0xb7,  0x1f,  0x7b,  0xf0,
  0xff,  0x00,  0x1a,  0x68,  0x48,  0xae,  0x00,  0xca,  0x7b,  0x9a,  0x6c,  0x09,  0xe4,  0xc6,  0xde,  0x28,
  0x40,  0x88,  0x87,  0xfa,  0xc7,  0xfa,  0x7f,  0x5a,  0x3a,  0x83,  0x1d,  0x10,  0xfd,  0xef,  0xd0,  0x52,
  0x06,  0x4a,  0xc3,  0x9e,  0x3d,  0x3f,  0xad,  0x30,  0x43,  0xa4,  0x03,  0x6a,  0xfb,  0x83,  0x49,  0x08,
  0xac,  0xe0,  0xee,  0x38,  0x1d,  0x08,  0xa6,  0xca,  0x43,  0xdf,  0xe6,  0x61,  0x9f,  0x41,  0xfc,  0xe9,
  0x24,  0x26,  0x46,  0x78,  0x95,  0x3d,  0x30,  0x78,  0xfc,  0x68,  0x7b,  0x94,  0x58,  0x97,  0x3b,  0x90,
  0x7a,  0x1e,  0x7f,  0x2a,  0x44,  0xa2,  0x13,  0xd0,  0xfd,  0x0d,  0x5d,  0xf4,  0x01,  0x5f,  0xa0,  0xf5,
  0xc7,  0x4a,  0x62,  0x42,  0x47,  0xfe,  0xb1,  0x54,  0xf5,  0x19,  0xc5,  0x66,  0x53,  0x1f,  0x9c,  0xc6,
  0x48,  0xed,  0x54,  0xc6,  0x47,  0x09,  0xc6,  0xe5,  0xf5,  0x34,  0xba,  0x87,  0x41,  0xb2,  0x01,  0xbc,
  0x8f,  0x41,  0xc9,  0xa6,  0x48,  0xc3,  0xdb,  0xd4,  0xd0,  0xf6,  0x04,  0x4b,  0x26,  0x76,  0x0a,  0x40,
  0x87,  0x46,  0x48,  0x5c,  0xfa,  0x55,  0x20,  0x62,  0xc3,  0xc3,  0xe3,  0xda,  0x90,  0x09,  0x21,  0x3e,
  0x6a,  0xfe,  0x74,  0x31,  0xa1,  0xd3,  0x03,  0xb0,  0x0f,  0x4c,  0xff,  0x00,  0x4a,  0x49,  0x08,  0x69,
  0xcf,  0x9a,  0xb4,  0xd9,  0x44,  0xb3,  0x7d,  0xdf,  0xc6,  0x84,  0x49,  0x04,  0x38,  0x32,  0x00,  0x7d,
  0xf9,  0xfc,  0x6a,  0x80,  0xb2,  0x7f,  0x99,  0x35,  0x98,  0x88,  0x24,  0x18,  0xcd,  0x59,  0x62,  0x8c,
  0xf9,  0x2b,  0x8e,  0xb4,  0x91,  0x21,  0x00,  0x3e,  0x70,  0xf6,  0xa2,  0x43,  0xe8,  0x47,  0x73,  0x87,
  0x93,  0xda,  0x90,  0x89,  0x6d,  0x00,  0xe4,  0xd4,  0x8d,  0x8f,  0x9f,  0xfd,  0x6e,  0x0f,  0x4c,  0x7f,
  0x4a,  0xa8,  0x89,  0x15,  0x98,  0x60,  0x29,  0xf4,  0xa6,  0xf6,  0x02,  0xc3,  0x8f,  0x90,  0x7e,  0x14,
  0x20,  0x44,  0x68,  0x09,  0x76,  0x3d,  0x78,  0xfe,  0xb4,  0x03,  0x08,  0x8f,  0xef,  0x3a,  0xf6,  0xe9,
  0xf8,  0xd2,  0x43,  0x63,  0xdc,  0xf0,  0x7d,  0x70,  0x6a,  0x98,  0x21,  0xce,  0xc7,  0x60,  0x3d,  0xf6,
  0x9f,  0xe9,  0x52,  0x84,  0x46,  0xc7,  0x83,  0xf5,  0xfe,  0x95,  0x5d,  0x06,  0x87,  0x1e,  0x8a,  0x7d,
  0xbf,  0xad,  0x21,  0x11,  0x1f,  0xbe,  0x87,  0xeb,  0xfc,  0xe8,  0x02,  0x79,  0x73,  0xbd,  0x70,  0x6a,
  0x50,  0x22,  0x39,  0x41,  0x1d,  0xea,  0x86,  0x84,  0x90,  0x7c,  0x84,  0xf7,  0x14,  0xd8,  0x90,  0x8a,
  0x3f,  0x7a,  0xa7,  0xd0,  0x1c,  0xfe,  0x55,  0x3d,  0x46,  0xf6,  0x1e,  0x07,  0xee,  0xd9,  0x47,  0xad,
  0x03,  0x23,  0x8b,  0x3f,  0xe7,  0xe9,  0x47,  0x51,  0x74,  0x09,  0xfa,  0xbe,  0x3f,  0xcf,  0x4a,  0x6c,
  0x44,  0x4d,  0x9c,  0x2f,  0xad,  0x12,  0xd8,  0x11,  0x3c,  0xdf,  0x74,  0x50,  0x01,  0x1f,  0xdc,  0x39,
  0xff,  0x00,  0x3d,  0x68,  0x06,  0x3a,  0x3e,  0x25,  0xff,  0x00,  0x3e,  0xf4,  0x30,  0x63,  0x25,  0xc9,
  0x95,  0x7d,  0x3f,  0xfa,  0xf4,  0x9e,  0xe3,  0x44,  0xb2,  0x63,  0xcb,  0x07,  0xeb,  0x42,  0x62,  0xb0,
  0xc0,  0x07,  0x9a,  0xb4,  0xd8,  0xd0,  0xf9,  0x7f,  0xd5,  0x7b,  0xe6,  0x84,  0x22,  0x35,  0xe1,  0xb3,
  0xe8,  0x3f,  0xad,  0x0c,  0x09,  0xe4,  0xed,  0x49,  0x09,  0x11,  0x49,  0xca,  0xe6,  0xa9,  0x8d,  0x01,
  0xe2,  0x31,  0xf4,  0xa9,  0x40,  0x11,  0x9d,  0xb3,  0xaf,  0xbe,  0x7f,  0x95,  0x0d,  0x8f,  0xa1,  0x1c,
  0xbf,  0xeb,  0x30,  0x3b,  0x92,  0x28,  0x18,  0xfb,  0x32,  0x76,  0xbf,  0xb1,  0xa4,  0x89,  0x64,  0xb2,
  0x36,  0x5f,  0xf0,  0xfe,  0x82,  0xa9,  0x02,  0x2a,  0xcb,  0xc0,  0x03,  0xdc,  0x7f,  0x4a,  0x1e,  0xc0,
  0x5a,  0x6e,  0x63,  0x18,  0xf6,  0xa1,  0x02,  0x23,  0x84,  0x70,  0x4f,  0xe1,  0x40,  0xd8,  0xc5,  0x18,
  0x93,  0xf0,  0x3f,  0xce,  0x81,  0x8e,  0x6c,  0x83,  0xf8,  0x1a,  0x6c,  0x94,  0x3d,  0xb2,  0x15,  0x7d,
  0xc1,  0xa9,  0x4c,  0x06,  0x4b,  0xd4,  0xfd,  0x7f,  0xa0,  0xa7,  0xd0,  0x68,  0x77,  0xf0,  0x2f,  0xe1,
  0xfc,  0xe8,  0x11,  0x1b,  0x8f,  0x99,  0x3f,  0x11,  0x43,  0x02,  0x77,  0xe6,  0x4c,  0xfa,  0x11,  0xfc,
  0xa9,  0x20,  0x22,  0x94,  0xf2,  0xa3,  0xeb,  0x54,  0x50,  0x13,  0xfb,  0xb6,  0xcf,  0xad,  0x0c,  0x94,
  0x32,  0x3f,  0xbc,  0xdf,  0x43,  0x50,  0x8a,  0x64,  0x8c,  0x4e,  0xdf,  0xc4,  0x55,  0x00,  0xc4,  0xc6,
  0xcc,  0xf5,  0x34,  0x80,  0x49,  0x54,  0x90,  0xd8,  0xa6,  0xc9,  0x22,  0x5c,  0x31,  0x1e,  0xe2,  0x86,
  0x04,  0xb3,  0x9e,  0x40,  0xf6,  0xa0,  0x01,  0x01,  0xda,  0xde,  0x9d,  0x7f,  0x43,  0x40,  0x12,  0x28,
  0x3e,  0x61,  0xed,  0xff,  0x00,  0xea,  0xa1,  0xee,  0x03,  0x5f,  0xa8,  0x39,  0xe8,  0x3f,  0xad,  0x2e,
  0xa3,  0x44,  0xae,  0x3f,  0x74,  0x33,  0xd7,  0x14,  0x21,  0x11,  0x8c,  0xf9,  0xaa,  0x69,  0xb2,  0x85,
  0x90,  0x9e,  0x3d,  0x0d,  0x08,  0x90,  0x8d,  0x73,  0x2e,  0x3d,  0xa8,  0x90,  0x12,  0xb8,  0xf9,  0xb9,
  0xf7,  0xe2,  0x8b,  0x89,  0x10,  0xbf,  0x2a,  0x3d,  0x31,  0x4c,  0x68,  0x1c,  0xe5,  0x54,  0x76,  0xff,
  0x00,  0xeb,  0xd2,  0x40,  0xc6,  0x8c,  0xf9,  0xcb,  0x8e,  0x79,  0x35,  0x2f,  0x71,  0xf4,  0x1b,  0x2f,
  0xfa,  0xd1,  0xf5,  0x34,  0xd0,  0x87,  0xdb,  0x31,  0x0a,  0xfe,  0xf9,  0xa4,  0x0c,  0x79,  0xfb,  0xca,
  0x7f,  0x3a,  0x65,  0x10,  0xc9,  0x92,  0xd8,  0xf4,  0x34,  0xde,  0xc4,  0x96,  0x0b,  0x7c,  0xb8,  0x1d,
  0xb1,  0x9a,  0x10,  0x0c,  0x8f,  0x84,  0x6f,  0xc7,  0xf9,  0x1a,  0x01,  0x86,  0xd0,  0x08,  0x39,  0xe8,
  0x39,  0xa0,  0xa1,  0x4f,  0x50,  0x3d,  0x69,  0xb2,  0x50,  0x36,  0x72,  0xbf,  0x8d,  0x4a,  0x01,  0xb2,
  0x91,  0xbc,  0xf7,  0xe6,  0x9f,  0x41,  0xa2,  0x52,  0x3f,  0x76,  0x0f,  0xe3,  0xfa,  0xd2,  0x42,  0x21,
  0xea,  0xc9,  0xcf,  0x73,  0x56,  0x04,  0xf8,  0x27,  0x07,  0xdf,  0xfa,  0x54,  0x12,  0x43,  0x20,  0xe4,
  0x7b,  0x66,  0xac,  0xa1,  0x1c,  0x1f,  0x2f,  0x1e,  0xff,  0x00,  0xd6,  0x93,  0xd8,  0x10,  0x91,  0x10,
  0x49,  0xf4,  0xff,  0x00,  0xeb,  0x8a,  0x95,  0xb8,  0xd8,  0x0f,  0xbb,  0x8f,  0x4f,  0xf0,  0xa6,  0x31,
  0x63,  0x53,  0xe5,  0xff,  0x00,  0x9f,  0x5a,  0x40,  0xc4,  0x90,  0x61,  0xb1,  0xda,  0xa8,  0x0a,  0xd0,
  0x9c,  0x90,  0x3d,  0x29,  0x22,  0x49,  0xa4,  0xf5,  0xf4,  0xff,  0x00,  0x1a,  0xa0,  0x1f,  0x19,  0x05,
  0x5b,  0xfd,  0xda,  0x90,  0x1e,  0xbf,  0xeb,  0x09,  0xf7,  0xfe,  0x94,  0x03,  0x1a,  0x4e,  0x5b,  0xda,
  0x87,  0xb8,  0xd1,  0x34,  0x80,  0x63,  0x1e,  0xc3,  0xfa,  0xd2,  0x42,  0x44,  0x4a,  0x7f,  0x78,  0xbf,
  0x8e,  0x69,  0xb2,  0x85,  0x90,  0x70,  0xbd,  0xa8,  0x44,  0x8b,  0x0f,  0x13,  0xe3,  0xd2,  0x86,  0x04,
  0xb2,  0xf0,  0xff,  0x00,  0x50,  0x68,  0x40,  0x56,  0x6c,  0xec,  0xf6,  0xc5,  0x32,  0x87,  0x2b,  0x02,
  0x17,  0xd0,  0xff,  0x00,  0x8d,  0x4d,  0xc4,  0xc8,  0xd0,  0x9d,  0xea,  0x7d,  0xe8,  0x18,  0xf9,  0xf1,
  0x90,  0xd8,  0xe7,  0x9a,  0x64,  0x89,  0x69,  0x8d,  0xa7,  0xeb,  0x52,  0x86,  0xc9,  0xa5,  0x5f,  0x93,
  0x8f,  0x41,  0x40,  0xca,  0xe7,  0x97,  0xaa,  0x24,  0x99,  0xb8,  0x5f,  0xc4,  0x50,  0x08,  0x6a,  0x67,
  0xcb,  0x6c,  0x7a,  0x1f,  0xeb,  0x43,  0x28,  0x0e,  0x72,  0x7f,  0xdd,  0xfe,  0xb4,  0x09,  0x86,  0x4e,
  0xe0,  0x3e,  0x9f,  0xce,  0x86,  0x32,  0x49,  0x39,  0xdb,  0xf8,  0xe3,  0xf3,  0xa4,  0x89,  0x23,  0x90,
  0xfc,  0xc7,  0xfc,  0xf6,  0xa6,  0x34,  0x4c,  0xe7,  0x08,  0x3d,  0x30,  0x69,  0x09,  0x15,  0xf3,  0xf3,
  0xa7,  0xa6,  0x4d,  0x53,  0x02,  0xd8,  0xe5,  0x41,  0xc5,  0x22,  0x4a,  0xcf,  0xf7,  0x8f,  0xd4,  0xff,
  0x00,  0x2a,  0x68,  0xa4,  0x35,  0xb2,  0x10,  0x0f,  0x5c,  0xd0,  0xc6,  0x86,  0x44,  0x39,  0x20,  0xf6,
  0x1d,  0x7f,  0xcf,  0xd2,  0xa6,  0x20,  0xc9,  0x00,  0x1e,  0x59,  0xff,  0x00,  0x3d,  0xaa,  0x86,  0x39,
  0x3f,  0xd4,  0x8c,  0x77,  0xff,  0x00,  0xeb,  0x54,  0x75,  0x06,  0x47,  0x21,  0xcb,  0x30,  0xf4,  0x35,
  0x40,  0x43,  0x19,  0x0b,  0x28,  0xc5,  0x04,  0x8f,  0x63,  0x91,  0x9f,  0x7a,  0x00,  0x75,  0xb9,  0xf9,
  0x1f,  0xdb,  0x8a,  0x48,  0x62,  0x83,  0xf7,  0x88,  0xf5,  0x14,  0x03,  0x10,  0xf6,  0xf5,  0xe2,  0x86,
  0x32,  0xd4,  0x87,  0xf9,  0x0f,  0xeb,  0x42,  0x25,  0x15,  0xc1,  0xcb,  0xa9,  0x14,  0x31,  0xf4,  0x25,
  0x61,  0x9c,  0x8f,  0x4c,  0xd0,  0x84,  0x35,  0x3f,  0xd7,  0x53,  0x60,  0xc9,  0x64,  0x1f,  0x31,  0xf6,
  0x14,  0x21,  0x22,  0xbb,  0x9c,  0x62,  0x9b,  0x2c,  0x6c,  0x40,  0xe3,  0x9e,  0x80,  0xf1,  0x50,  0x84,
  0xc5,  0x50,  0x01,  0x14,  0xd8,  0xc9,  0xa4,  0x50,  0x72,  0x3b,  0x73,  0x4c,  0x94,  0x32,  0xd4,  0x61,
  0x4e,  0x7a,  0x66,  0xa4,  0x6c,  0x9a,  0x62,  0x30,  0x14,  0x75,  0xc7,  0xf5,  0xa6,  0x84,  0x8a,  0xb9,
  0x3e,  0x61,  0xa7,  0x72,  0x89,  0x58,  0xf3,  0xed,  0x81,  0x41,  0x28,  0x10,  0xfe,  0xec,  0xfa,  0x60,
  0xd0,  0xc6,  0xc6,  0x8f,  0xbe,  0xdc,  0xf1,  0xb7,  0x1f,  0xad,  0x27,  0xb8,  0xc5,  0x18,  0xdc,  0x30,
  0x3d,  0x30,  0x7f,  0x1a,  0x6c,  0x92,  0x47,  0xea,  0x83,  0xb6,  0x3f,  0xad,  0x20,  0x23,  0x90,  0xfc,
  0xc7,  0xeb,  0x4d,  0x8d,  0x13,  0xca,  0xbf,  0x20,  0xfa,  0x1a,  0x44,  0xa2,  0xb2,  0xe7,  0x70,  0xf6,
  0x24,  0xd5,  0x5c,  0x68,  0xbb,  0xff,  0x00,  0x2c,  0x80,  0xef,  0x59,  0x92,  0x54,  0x97,  0xee,  0xe7,
  0xde,  0xac,  0xa1,  0x25,  0x3f,  0x70,  0x7a,  0xd0,  0xc6,  0x88,  0xe3,  0xc6,  0xd9,  0x4f,  0xe5,  0x4a,
  0x3d,  0x41,  0x92,  0x1e,  0x10,  0xfd,  0x2a,  0x81,  0x0f,  0x8c,  0xe2,  0x10,  0x0d,  0x40,  0xd9,  0x0c,
  0xac,  0x46,  0xe3,  0xeb,  0x8a,  0x6c,  0x0a,  0xc9,  0xc4,  0xd8,  0xef,  0xde,  0x8e,  0xa4,  0x92,  0x9c,
  0xe0,  0xfb,  0x1a,  0x01,  0x0e,  0x8c,  0xe1,  0x24,  0xcf,  0xd4,  0x7e,  0x42,  0x92,  0x28,  0x58,  0xfe,
  0xeb,  0x50,  0x84,  0xc0,  0x1c,  0xe3,  0xf0,  0xa6,  0xc1,  0x16,  0xdf,  0x1f,  0x98,  0x1c,  0xfe,  0x74,
  0x09,  0x15,  0xd0,  0x1c,  0x80,  0x3d,  0xe8,  0x65,  0x13,  0x30,  0xf9,  0x49,  0xa6,  0x89,  0x22,  0x88,
  0x8d,  0xf9,  0xcf,  0x38,  0xa1,  0x94,  0x4f,  0x28,  0xc1,  0x27,  0xdc,  0x0a,  0x13,  0x21,  0x15,  0xa6,
  0xe4,  0xa8,  0x1d,  0x68,  0x65,  0x21,  0xe8,  0x3e,  0x52,  0x71,  0x8e,  0xff,  0x00,  0xad,  0x48,  0xc8,
  0xd4,  0xe0,  0x91,  0xef,  0xfd,  0x68,  0x01,  0xf2,  0x92,  0x49,  0x3d,  0xf9,  0xfe,  0x94,  0xec,  0x4a,
  0x0b,  0x7f,  0xba,  0x73,  0x41,  0x44,  0xb3,  0x9f,  0xde,  0x47,  0x8e,  0x98,  0x22,  0x84,  0x4a,  0x20,
  0xff,  0x00,  0x96,  0x9f,  0x89,  0xfe,  0x74,  0xca,  0x24,  0x6c,  0xfc,  0xbf,  0x4a,  0x44,  0xa0,  0x8c,
  0x1f,  0x2f,  0xea,  0x3f,  0xc6,  0x80,  0x62,  0x43,  0x83,  0x23,  0x7d,  0x29,  0x3d,  0xca,  0x60,  0x4f,
  0xcc,  0x47,  0xa1,  0x1f,  0xce,  0xa9,  0x92,  0x3e,  0x4e,  0xa9,  0xdf,  0xff,  0x00,  0xd6,  0x29,  0x00,
  0xc9,  0x31,  0xbc,  0x7f,  0x9e,  0xf4,  0x31,  0xa2,  0xc4,  0x9d,  0x31,  0xec,  0x68,  0x44,  0xa2,  0xa8,
  0x27,  0x70,  0x1f,  0x5a,  0xa6,  0x34,  0x5c,  0x73,  0x84,  0x5f,  0xf3,  0xda,  0xb3,  0x44,  0x95,  0x66,
  0xfb,  0xb5,  0x65,  0x0c,  0x7c,  0x16,  0x5f,  0x61,  0x43,  0x28,  0x22,  0x03,  0xcb,  0x6f,  0xa8,  0xa5,
  0x12,  0x58,  0xf9,  0x38,  0x51,  0xf4,  0xa6,  0xc6,  0x87,  0x90,  0x7c,  0xb4,  0xc7,  0x71,  0xfe,  0x35,
  0x20,  0x56,  0x90,  0xe5,  0x01,  0xcf,  0x71,  0xfc,  0xe8,  0x63,  0x2a,  0xa1,  0xff,  0x00,  0x49,  0x6f,
  0xf3,  0xda,  0x85,  0xb9,  0x24,  0xe7,  0x00,  0x75,  0xce,  0x4f,  0x34,  0xca,  0x1e,  0x71,  0x83,  0xf9,
  0x50,  0x48,  0xb0,  0x9c,  0xc6,  0xd5,  0x28,  0x6c,  0x10,  0x65,  0xf9,  0xed,  0x54,  0x32,  0xcc,  0xa7,
  0x91,  0xe9,  0x81,  0x4d,  0x12,  0x88,  0xa0,  0xe6,  0x4e,  0x7d,  0xea,  0x59,  0x44,  0xa5,  0xb0,  0x9e,
  0xf8,  0xaa,  0x24,  0x86,  0x31,  0xfb,  0xcc,  0x7d,  0x3f,  0xad,  0x26,  0x51,  0x3c,  0xa0,  0x80,  0x47,
  0xa9,  0xa0,  0x84,  0x56,  0xf4,  0xdd,  0xd4,  0x0c,  0x53,  0x45,  0x9f,  0xff,  0xd9,
};

wxImage GetImage_Wood63()
{
	static wxMemoryInputStream is(image_Wood63, sizeof(image_Wood63));
	static wxImage image(is, wxBITMAP_TYPE_ANY, -1);
	return image;
}
