#include <wx/image.h>
#include <wx/mstream.h>
static const unsigned char image_Wood59[] = {
  0xff,  0xd8,  0xff,  0xe0,  0x00,  0x10,  0x4a,  0x46,  0x49,  0x46,  0x00,  0x01,  0x02,  0x02,  0x00,  0x4e,
  0x00,  0x4e,  0x00,  0x00,  0xff,  0xe2,  0x1c,  0x6d,  0x49,  0x43,  0x43,  0x5f,  0x50,  0x52,  0x4f,  0x46,
  0x49,  0x4c,  0x45,  0x00,  0x01,  0x01,  0x00,  0x00,  0x1c,  0x5d,  0x4c,  0x69,  0x6e,  0x6f,  0x02,  0x10,
  0x00,  0x00,  0x6d,  0x6e,  0x74,  0x72,  0x52,  0x47,  0x42,  0x20,  0x58,  0x59,  0x5a,  0x20,  0x07,  0xce,
  0x00,  0x02,  0x00,  0x09,  0x00,  0x06,  0x00,  0x31,  0x00,  0x00,  0x61,  0x63,  0x73,  0x70,  0x4d,  0x53,
  0x46,  0x54,  0x00,  0x00,  0x00,  0x00,  0x49,  0x45,  0x43,  0x20,  0x73,  0x52,  0x47,  0x42,  0x00,  0x00,
  0x00,  0x00,  0x00,  0x00,  0x00,  0x00,  0x00,  0x00,  0x00,  0x00,  0x00,  0x00,  0xf6,  0xd6,  0x00,  0x01,
  0x00,  0x00,  0x00,  0x00,  0xd3,  0x2d,  0x48,  0x50,  0x20,  0x20,  0x00,  0x00,  0x00,  0x00,  0x00,  0x00,
  0x00,  0x00,  0x00,  0x00,  0x00,  0x00,  0x00,  0x00,  0x00,  0x00,  0x00,  0x00,  0x00,  0x00,  0x00,  0x00,
  0x00,  0x00,  0x00,  0x00,  0x00,  0x00,  0x00,  0x00,  0x00,  0x00,  0x00,  0x00,  0x00,  0x00,  0x00,  0x00,
  0x00,  0x00,  0x00,  0x00,  0x00,  0x00,  0x00,  0x00,  0x00,  0x11,  0x63,  0x70,  0x72,  0x74,  0x00,  0x00,
  0x01,  0x50,  0x00,  0x00,  0x00,  0x33,  0x64,  0x65,  0x73,  0x63,  0x00,  0x00,  0x01,  0x83,  0x00,  0x00,
  0x00,  0x6c,  0x77,  0x74,  0x70,  0x74,  0x00,  0x00,  0x01,  0xef,  0x00,  0x00,  0x00,  0x14,  0x62,  0x6b,
  0x70,  0x74,  0x00,  0x00,  0x02,  0x03,  0x00,  0x00,  0x00,  0x14,  0x72,  0x58,  0x59,  0x5a,  0x00,  0x00,
  0x02,  0x17,  0x00,  0x00,  0x00,  0x14,  0x67,  0x58,  0x59,  0x5a,  0x00,  0x00,  0x02,  0x2b,  0x00,  0x00,
  0x00,  0x14,  0x62,  0x58,  0x59,  0x5a,  0x00,  0x00,  0x02,  0x3f,  0x00,  0x00,  0x00,  0x14,  0x64,  0x6d,
  0x6e,  0x64,  0x00,  0x00,  0x02,  0x53,  0x00,  0x00,  0x00,  0x70,  0x64,  0x6d,  0x64,  0x64,  0x00,  0x00,
  0x02,  0xc3,  0x00,  0x00,  0x00,  0x88,  0x76,  0x75,  0x65,  0x64,  0x00,  0x00,  0x03,  0x4b,  0x00,  0x00,
  0x00,  0x86,  0x76,  0x69,  0x65,  0x77,  0x00,  0x00,  0x03,  0xd1,  0x00,  0x00,  0x00,  0x24,  0x6c,  0x75,
  0x6d,  0x69,  0x00,  0x00,  0x03,  0xf5,  0x00,  0x00,  0x00,  0x14,  0x6d,  0x65,  0x61,  0x73,  0x00,  0x00,
  0x04,  0x09,  0x00,  0x00,  0x00,  0x24,  0x74,  0x65,  0x63,  0x68,  0x00,  0x00,  0x04,  0x2d,  0x00,  0x00,
  0x00,  0x0c,  0x72,  0x54,  0x52,  0x43,  0x00,  0x00,  0x04,  0x39,  0x00,  0x00,  0x08,  0x0c,  0x67,  0x54,
  0x52,  0x43,  0x00,  0x00,  0x0c,  0x45,  0x00,  0x00,  0x08,  0x0c,  0x62,  0x54,  0x52,  0x43,  0x00,  0x00,
  0x14,  0x51,  0x00,  0x00,  0x08,  0x0c,  0x74,  0x65,  0x78,  0x74,  0x00,  0x00,  0x00,  0x00,  0x43,  0x6f,
  0x70,  0x79,  0x72,  0x69,  0x67,  0x68,  0x74,  0x20,  0x28,  0x63,  0x29,  0x20,  0x31,  0x39,  0x39,  0x38,
  0x20,  0x48,  0x65,  0x77,  0x6c,  0x65,  0x74,  0x74,  0x2d,  0x50,  0x61,  0x63,  0x6b,  0x61,  0x72,  0x64,
  0x20,  0x43,  0x6f,  0x6d,  0x70,  0x61,  0x6e,  0x79,  0x00,  0x64,  0x65,  0x73,  0x63,  0x00,  0x00,  0x00,
  0x00,  0x00,  0x00,  0x00,  0x12,  0x73,  0x52,  0x47,  0x42,  0x20,  0x49,  0x45,  0x43,  0x36,  0x31,  0x39,
  0x36,  0x36,  0x2d,  0x32,  0x2e,  0x31,  0x00,  0x00,  0x00,  0x00,  0x00,  0x00,  0x00,  0x00,  0x00,  0x00,
  0x00,  0x12,  0x73,  0x52,  0x47,  0x42,  0x20,  0x49,  0x45,  0x43,  0x36,  0x31,  0x39,  0x36,  0x36,  0x2d,
  0x32,  0x2e,  0x31,  0x00,  0x00,  0x00,  0x00,  0x00,  0x00,  0x00,  0x00,  0x00,  0x00,  0x00,  0x00,  0x00,
  0x00,  0x00,  0x00,  0x00,  0x00,  0x00,  0x00,  0x00,  0x00,  0x00,  0x00,  0x00,  0x00,  0x00,  0x00,  0x00,
  0x00,  0x00,  0x00,  0x00,  0x00,  0x00,  0x00,  0x00,  0x00,  0x00,  0x00,  0x00,  0x00,  0x00,  0x00,  0x00,
  0x00,  0x00,  0x00,  0x00,  0x00,  0x58,  0x59,  0x5a,  0x20,  0x00,  0x00,  0x00,  0x00,  0x00,  0x00,  0xf3,
  0x51,  0x00,  0x01,  0x00,  0x00,  0x00,  0x01,  0x16,  0xcc,  0x58,  0x59,  0x5a,  0x20,  0x00,  0x00,  0x00,
  0x00,  0x00,  0x00,  0x00,  0x00,  0x00,  0x00,  0x00,  0x00,  0x00,  0x00,  0x00,  0x00,  0x58,  0x59,  0x5a,
  0x20,  0x00,  0x00,  0x00,  0x00,  0x00,  0x00,  0x6f,  0xa2,  0x00,  0x00,  0x38,  0xf5,  0x00,  0x00,  0x03,
  0x90,  0x58,  0x59,  0x5a,  0x20,  0x00,  0x00,  0x00,  0x00,  0x00,  0x00,  0x62,  0x99,  0x00,  0x00,  0xb7,
  0x85,  0x00,  0x00,  0x18,  0xda,  0x58,  0x59,  0x5a,  0x20,  0x00,  0x00,  0x00,  0x00,  0x00,  0x00,  0x24,
  0xa0,  0x00,  0x00,  0x0f,  0x84,  0x00,  0x00,  0xb6,  0xcf,  0x64,  0x65,  0x73,  0x63,  0x00,  0x00,  0x00,
  0x00,  0x00,  0x00,  0x00,  0x16,  0x49,  0x45,  0x43,  0x20,  0x68,  0x74,  0x74,  0x70,  0x3a,  0x2f,  0x2f,
  0x77,  0x77,  0x77,  0x2e,  0x69,  0x65,  0x63,  0x2e,  0x63,  0x68,  0x00,  0x00,  0x00,  0x00,  0x00,  0x00,
  0x00,  0x00,  0x00,  0x00,  0x00,  0x16,  0x49,  0x45,  0x43,  0x20,  0x68,  0x74,  0x74,  0x70,  0x3a,  0x2f,
  0x2f,  0x77,  0x77,  0x77,  0x2e,  0x69,  0x65,  0x63,  0x2e,  0x63,  0x68,  0x00,  0x00,  0x00,  0x00,  0x00,
  0x00,  0x00,  0x00,  0x00,  0x00,  0x00,  0x00,  0x00,  0x00,  0x00,  0x00,  0x00,  0x00,  0x00,  0x00,  0x00,
  0x00,  0x00,  0x00,  0x00,  0x00,  0x00,  0x00,  0x00,  0x00,  0x00,  0x00,  0x00,  0x00,  0x00,  0x00,  0x00,
  0x00,  0x00,  0x00,  0x00,  0x00,  0x00,  0x00,  0x00,  0x00,  0x64,  0x65,  0x73,  0x63,  0x00,  0x00,  0x00,
  0x00,  0x00,  0x00,  0x00,  0x2e,  0x49,  0x45,  0x43,  0x20,  0x36,  0x31,  0x39,  0x36,  0x36,  0x2d,  0x32,
  0x2e,  0x31,  0x20,  0x44,  0x65,  0x66,  0x61,  0x75,  0x6c,  0x74,  0x20,  0x52,  0x47,  0x42,  0x20,  0x63,
  0x6f,  0x6c,  0x6f,  0x75,  0x72,  0x20,  0x73,  0x70,  0x61,  0x63,  0x65,  0x20,  0x2d,  0x20,  0x73,  0x52,
  0x47,  0x42,  0x00,  0x00,  0x00,  0x00,  0x00,  0x00,  0x00,  0x00,  0x00,  0x00,  0x00,  0x2e,  0x49,  0x45,
  0x43,  0x20,  0x36,  0x31,  0x39,  0x36,  0x36,  0x2d,  0x32,  0x2e,  0x31,  0x20,  0x44,  0x65,  0x66,  0x61,
  0x75,  0x6c,  0x74,  0x20,  0x52,  0x47,  0x42,  0x20,  0x63,  0x6f,  0x6c,  0x6f,  0x75,  0x72,  0x20,  0x73,
  0x70,  0x61,  0x63,  0x65,  0x20,  0x2d,  0x20,  0x73,  0x52,  0x47,  0x42,  0x00,  0x00,  0x00,  0x00,  0x00,
  0x00,  0x00,  0x00,  0x00,  0x00,  0x00,  0x00,  0x00,  0x00,  0x00,  0x00,  0x00,  0x00,  0x00,  0x00,  0x00,
  0x00,  0x64,  0x65,  0x73,  0x63,  0x00,  0x00,  0x00,  0x00,  0x00,  0x00,  0x00,  0x2c,  0x52,  0x65,  0x66,
  0x65,  0x72,  0x65,  0x6e,  0x63,  0x65,  0x20,  0x56,  0x69,  0x65,  0x77,  0x69,  0x6e,  0x67,  0x20,  0x43,
  0x6f,  0x6e,  0x64,  0x69,  0x74,  0x69,  0x6f,  0x6e,  0x20,  0x69,  0x6e,  0x20,  0x49,  0x45,  0x43,  0x36,
  0x31,  0x39,  0x36,  0x36,  0x2d,  0x32,  0x2e,  0x31,  0x00,  0x00,  0x00,  0x00,  0x00,  0x00,  0x00,  0x00,
  0x00,  0x00,  0x00,  0x2c,  0x52,  0x65,  0x66,  0x65,  0x72,  0x65,  0x6e,  0x63,  0x65,  0x20,  0x56,  0x69,
  0x65,  0x77,  0x69,  0x6e,  0x67,  0x20,  0x43,  0x6f,  0x6e,  0x64,  0x69,  0x74,  0x69,  0x6f,  0x6e,  0x20,
  0x69,  0x6e,  0x20,  0x49,  0x45,  0x43,  0x36,  0x31,  0x39,  0x36,  0x36,  0x2d,  0x32,  0x2e,  0x31,  0x00,
  0x00,  0x00,  0x00,  0x00,  0x00,  0x00,  0x00,  0x00,  0x00,  0x00,  0x00,  0x00,  0x00,  0x00,  0x00,  0x00,
  0x00,  0x00,  0x00,  0x00,  0x00,  0x00,  0x00,  0x76,  0x69,  0x65,  0x77,  0x00,  0x00,  0x00,  0x00,  0x00,
  0x13,  0xa4,  0xfe,  0x00,  0x14,  0x5f,  0x2e,  0x00,  0x10,  0xcf,  0x14,  0x00,  0x03,  0xed,  0xcc,  0x00,
  0x04,  0x13,  0x0b,  0x00,  0x03,  0x5c,  0x9e,  0x00,  0x00,  0x00,  0x01,  0x58,  0x59,  0x5a,  0x20,  0x00,
  0x00,  0x00,  0x00,  0x00,  0x4c,  0x09,  0x56,  0x00,  0x50,  0x00,  0x00,  0x00,  0x57,  0x1f,  0xe7,  0x6d,
  0x65,  0x61,  0x73,  0x00,  0x00,  0x00,  0x00,  0x00,  0x00,  0x00,  0x01,  0x00,  0x00,  0x00,  0x00,  0x00,
  0x00,  0x02,  0x8f,  0x00,  0x00,  0x00,  0x02,  0x00,  0x00,  0x00,  0x00,  0x00,  0x00,  0x00,  0x00,  0x00,
  0x00,  0x00,  0x00,  0x73,  0x69,  0x67,  0x20,  0x00,  0x00,  0x00,  0x00,  0x43,  0x52,  0x54,  0x20,  0x63,
  0x75,  0x72,  0x76,  0x00,  0x00,  0x00,  0x00,  0x00,  0x00,  0x04,  0x00,  0x00,  0x00,  0x00,  0x05,  0x00,
  0x0a,  0x00,  0x0f,  0x00,  0x14,  0x00,  0x19,  0x00,  0x1e,  0x00,  0x23,  0x00,  0x28,  0x00,  0x2d,  0x00,
  0x32,  0x00,  0x37,  0x00,  0x3b,  0x00,  0x40,  0x00,  0x45,  0x00,  0x4a,  0x00,  0x4f,  0x00,  0x54,  0x00,
  0x59,  0x00,  0x5e,  0x00,  0x63,  0x00,  0x68,  0x00,  0x6d,  0x00,  0x72,  0x00,  0x77,  0x00,  0x7c,  0x00,
  0x81,  0x00,  0x86,  0x00,  0x8b,  0x00,  0x90,  0x00,  0x95,  0x00,  0x9a,  0x00,  0x9f,  0x00,  0xa4,  0x00,
  0xa9,  0x00,  0xae,  0x00,  0xb2,  0x00,  0xb7,  0x00,  0xbc,  0x00,  0xc1,  0x00,  0xc6,  0x00,  0xcb,  0x00,
  0xd0,  0x00,  0xd5,  0x00,  0xdb,  0x00,  0xe0,  0x00,  0xe5,  0x00,  0xeb,  0x00,  0xf0,  0x00,  0xf6,  0x00,
  0xfb,  0x01,  0x01,  0x01,  0x07,  0x01,  0x0d,  0x01,  0x13,  0x01,  0x19,  0x01,  0x1f,  0x01,  0x25,  0x01,
  0x2b,  0x01,  0x32,  0x01,  0x38,  0x01,  0x3e,  0x01,  0x45,  0x01,  0x4c,  0x01,  0x52,  0x01,  0x59,  0x01,
  0x60,  0x01,  0x67,  0x01,  0x6e,  0x01,  0x75,  0x01,  0x7c,  0x01,  0x83,  0x01,  0x8b,  0x01,  0x92,  0x01,
  0x9a,  0x01,  0xa1,  0x01,  0xa9,  0x01,  0xb1,  0x01,  0xb9,  0x01,  0xc1,  0x01,  0xc9,  0x01,  0xd1,  0x01,
  0xd9,  0x01,  0xe1,  0x01,  0xe9,  0x01,  0xf2,  0x01,  0xfa,  0x02,  0x03,  0x02,  0x0c,  0x02,  0x14,  0x02,
  0x1d,  0x02,  0x26,  0x02,  0x2f,  0x02,  0x38,  0x02,  0x41,  0x02,  0x4b,  0x02,  0x54,  0x02,  0x5d,  0x02,
  0x67,  0x02,  0x71,  0x02,  0x7a,  0x02,  0x84,  0x02,  0x8e,  0x02,  0x98,  0x02,  0xa2,  0x02,  0xac,  0x02,
  0xb6,  0x02,  0xc1,  0x02,  0xcb,  0x02,  0xd5,  0x02,  0xe0,  0x02,  0xeb,  0x02,  0xf5,  0x03,  0x00,  0x03,
  0x0b,  0x03,  0x16,  0x03,  0x21,  0x03,  0x2d,  0x03,  0x38,  0x03,  0x43,  0x03,  0x4f,  0x03,  0x5a,  0x03,
  0x66,  0x03,  0x72,  0x03,  0x7e,  0x03,  0x8a,  0x03,  0x96,  0x03,  0xa2,  0x03,  0xae,  0x03,  0xba,  0x03,
  0xc7,  0x03,  0xd3,  0x03,  0xe0,  0x03,  0xec,  0x03,  0xf9,  0x04,  0x06,  0x04,  0x13,  0x04,  0x20,  0x04,
  0x2d,  0x04,  0x3b,  0x04,  0x48,  0x04,  0x55,  0x04,  0x63,  0x04,  0x71,  0x04,  0x7e,  0x04,  0x8c,  0x04,
  0x9a,  0x04,  0xa8,  0x04,  0xb6,  0x04,  0xc4,  0x04,  0xd3,  0x04,  0xe1,  0x04,  0xf0,  0x04,  0xfe,  0x05,
  0x0d,  0x05,  0x1c,  0x05,  0x2b,  0x05,  0x3a,  0x05,  0x49,  0x05,  0x58,  0x05,  0x67,  0x05,  0x77,  0x05,
  0x86,  0x05,  0x96,  0x05,  0xa6,  0x05,  0xb5,  0x05,  0xc5,  0x05,  0xd5,  0x05,  0xe5,  0x05,  0xf6,  0x06,
  0x06,  0x06,  0x16,  0x06,  0x27,  0x06,  0x37,  0x06,  0x48,  0x06,  0x59,  0x06,  0x6a,  0x06,  0x7b,  0x06,
  0x8c,  0x06,  0x9d,  0x06,  0xaf,  0x06,  0xc0,  0x06,  0xd1,  0x06,  0xe3,  0x06,  0xf5,  0x07,  0x07,  0x07,
  0x19,  0x07,  0x2b,  0x07,  0x3d,  0x07,  0x4f,  0x07,  0x61,  0x07,  0x74,  0x07,  0x86,  0x07,  0x99,  0x07,
  0xac,  0x07,  0xbf,  0x07,  0xd2,  0x07,  0xe5,  0x07,  0xf8,  0x08,  0x0b,  0x08,  0x1f,  0x08,  0x32,  0x08,
  0x46,  0x08,  0x5a,  0x08,  0x6e,  0x08,  0x82,  0x08,  0x96,  0x08,  0xaa,  0x08,  0xbe,  0x08,  0xd2,  0x08,
  0xe7,  0x08,  0xfb,  0x09,  0x10,  0x09,  0x25,  0x09,  0x3a,  0x09,  0x4f,  0x09,  0x64,  0x09,  0x79,  0x09,
  0x8f,  0x09,  0xa4,  0x09,  0xba,  0x09,  0xcf,  0x09,  0xe5,  0x09,  0xfb,  0x0a,  0x11,  0x0a,  0x27,  0x0a,
  0x3d,  0x0a,  0x54,  0x0a,  0x6a,  0x0a,  0x81,  0x0a,  0x98,  0x0a,  0xae,  0x0a,  0xc5,  0x0a,  0xdc,  0x0a,
  0xf3,  0x0b,  0x0b,  0x0b,  0x22,  0x0b,  0x39,  0x0b,  0x51,  0x0b,  0x69,  0x0b,  0x80,  0x0b,  0x98,  0x0b,
  0xb0,  0x0b,  0xc8,  0x0b,  0xe1,  0x0b,  0xf9,  0x0c,  0x12,  0x0c,  0x2a,  0x0c,  0x43,  0x0c,  0x5c,  0x0c,
  0x75,  0x0c,  0x8e,  0x0c,  0xa7,  0x0c,  0xc0,  0x0c,  0xd9,  0x0c,  0xf3,  0x0d,  0x0d,  0x0d,  0x26,  0x0d,
  0x40,  0x0d,  0x5a,  0x0d,  0x74,  0x0d,  0x8e,  0x0d,  0xa9,  0x0d,  0xc3,  0x0d,  0xde,  0x0d,  0xf8,  0x0e,
  0x13,  0x0e,  0x2e,  0x0e,  0x49,  0x0e,  0x64,  0x0e,  0x7f,  0x0e,  0x9b,  0x0e,  0xb6,  0x0e,  0xd2,  0x0e,
  0xee,  0x0f,  0x09,  0x0f,  0x25,  0x0f,  0x41,  0x0f,  0x5e,  0x0f,  0x7a,  0x0f,  0x96,  0x0f,  0xb3,  0x0f,
  0xcf,  0x0f,  0xec,  0x10,  0x09,  0x10,  0x26,  0x10,  0x43,  0x10,  0x61,  0x10,  0x7e,  0x10,  0x9b,  0x10,
  0xb9,  0x10,  0xd7,  0x10,  0xf5,  0x11,  0x13,  0x11,  0x31,  0x11,  0x4f,  0x11,  0x6d,  0x11,  0x8c,  0x11,
  0xaa,  0x11,  0xc9,  0x11,  0xe8,  0x12,  0x07,  0x12,  0x26,  0x12,  0x45,  0x12,  0x64,  0x12,  0x84,  0x12,
  0xa3,  0x12,  0xc3,  0x12,  0xe3,  0x13,  0x03,  0x13,  0x23,  0x13,  0x43,  0x13,  0x63,  0x13,  0x83,  0x13,
  0xa4,  0x13,  0xc5,  0x13,  0xe5,  0x14,  0x06,  0x14,  0x27,  0x14,  0x49,  0x14,  0x6a,  0x14,  0x8b,  0x14,
  0xad,  0x14,  0xce,  0x14,  0xf0,  0x15,  0x12,  0x15,  0x34,  0x15,  0x56,  0x15,  0x78,  0x15,  0x9b,  0x15,
  0xbd,  0x15,  0xe0,  0x16,  0x03,  0x16,  0x26,  0x16,  0x49,  0x16,  0x6c,  0x16,  0x8f,  0x16,  0xb2,  0x16,
  0xd6,  0x16,  0xfa,  0x17,  0x1d,  0x17,  0x41,  0x17,  0x65,  0x17,  0x89,  0x17,  0xae,  0x17,  0xd2,  0x17,
  0xf7,  0x18,  0x1b,  0x18,  0x40,  0x18,  0x65,  0x18,  0x8a,  0x18,  0xaf,  0x18,  0xd5,  0x18,  0xfa,  0x19,
  0x20,  0x19,  0x45,  0x19,  0x6b,  0x19,  0x91,  0x19,  0xb7,  0x19,  0xdd,  0x1a,  0x04,  0x1a,  0x2a,  0x1a,
  0x51,  0x1a,  0x77,  0x1a,  0x9e,  0x1a,  0xc5,  0x1a,  0xec,  0x1b,  0x14,  0x1b,  0x3b,  0x1b,  0x63,  0x1b,
  0x8a,  0x1b,  0xb2,  0x1b,  0xda,  0x1c,  0x02,  0x1c,  0x2a,  0x1c,  0x52,  0x1c,  0x7b,  0x1c,  0xa3,  0x1c,
  0xcc,  0x1c,  0xf5,  0x1d,  0x1e,  0x1d,  0x47,  0x1d,  0x70,  0x1d,  0x99,  0x1d,  0xc3,  0x1d,  0xec,  0x1e,
  0x16,  0x1e,  0x40,  0x1e,  0x6a,  0x1e,  0x94,  0x1e,  0xbe,  0x1e,  0xe9,  0x1f,  0x13,  0x1f,  0x3e,  0x1f,
  0x69,  0x1f,  0x94,  0x1f,  0xbf,  0x1f,  0xea,  0x20,  0x15,  0x20,  0x41,  0x20,  0x6c,  0x20,  0x98,  0x20,
  0xc4,  0x20,  0xf0,  0x21,  0x1c,  0x21,  0x48,  0x21,  0x75,  0x21,  0xa1,  0x21,  0xce,  0x21,  0xfb,  0x22,
  0x27,  0x22,  0x55,  0x22,  0x82,  0x22,  0xaf,  0x22,  0xdd,  0x23,  0x0a,  0x23,  0x38,  0x23,  0x66,  0x23,
  0x94,  0x23,  0xc2,  0x23,  0xf0,  0x24,  0x1f,  0x24,  0x4d,  0x24,  0x7c,  0x24,  0xab,  0x24,  0xda,  0x25,
  0x09,  0x25,  0x38,  0x25,  0x68,  0x25,  0x97,  0x25,  0xc7,  0x25,  0xf7,  0x26,  0x27,  0x26,  0x57,  0x26,
  0x87,  0x26,  0xb7,  0x26,  0xe8,  0x27,  0x18,  0x27,  0x49,  0x27,  0x7a,  0x27,  0xab,  0x27,  0xdc,  0x28,
  0x0d,  0x28,  0x3f,  0x28,  0x71,  0x28,  0xa2,  0x28,  0xd4,  0x29,  0x06,  0x29,  0x38,  0x29,  0x6b,  0x29,
  0x9d,  0x29,  0xd0,  0x2a,  0x02,  0x2a,  0x35,  0x2a,  0x68,  0x2a,  0x9b,  0x2a,  0xcf,  0x2b,  0x02,  0x2b,
  0x36,  0x2b,  0x69,  0x2b,  0x9d,  0x2b,  0xd1,  0x2c,  0x05,  0x2c,  0x39,  0x2c,  0x6e,  0x2c,  0xa2,  0x2c,
  0xd7,  0x2d,  0x0c,  0x2d,  0x41,  0x2d,  0x76,  0x2d,  0xab,  0x2d,  0xe1,  0x2e,  0x16,  0x2e,  0x4c,  0x2e,
  0x82,  0x2e,  0xb7,  0x2e,  0xee,  0x2f,  0x24,  0x2f,  0x5a,  0x2f,  0x91,  0x2f,  0xc7,  0x2f,  0xfe,  0x30,
  0x35,  0x30,  0x6c,  0x30,  0xa4,  0x30,  0xdb,  0x31,  0x12,  0x31,  0x4a,  0x31,  0x82,  0x31,  0xba,  0x31,
  0xf2,  0x32,  0x2a,  0x32,  0x63,  0x32,  0x9b,  0x32,  0xd4,  0x33,  0x0d,  0x33,  0x46,  0x33,  0x7f,  0x33,
  0xb8,  0x33,  0xf1,  0x34,  0x2b,  0x34,  0x65,  0x34,  0x9e,  0x34,  0xd8,  0x35,  0x13,  0x35,  0x4d,  0x35,
  0x87,  0x35,  0xc2,  0x35,  0xfd,  0x36,  0x37,  0x36,  0x72,  0x36,  0xae,  0x36,  0xe9,  0x37,  0x24,  0x37,
  0x60,  0x37,  0x9c,  0x37,  0xd7,  0x38,  0x14,  0x38,  0x50,  0x38,  0x8c,  0x38,  0xc8,  0x39,  0x05,  0x39,
  0x42,  0x39,  0x7f,  0x39,  0xbc,  0x39,  0xf9,  0x3a,  0x36,  0x3a,  0x74,  0x3a,  0xb2,  0x3a,  0xef,  0x3b,
  0x2d,  0x3b,  0x6b,  0x3b,  0xaa,  0x3b,  0xe8,  0x3c,  0x27,  0x3c,  0x65,  0x3c,  0xa4,  0x3c,  0xe3,  0x3d,
  0x22,  0x3d,  0x61,  0x3d,  0xa1,  0x3d,  0xe0,  0x3e,  0x20,  0x3e,  0x60,  0x3e,  0xa0,  0x3e,  0xe0,  0x3f,
  0x21,  0x3f,  0x61,  0x3f,  0xa2,  0x3f,  0xe2,  0x40,  0x23,  0x40,  0x64,  0x40,  0xa6,  0x40,  0xe7,  0x41,
  0x29,  0x41,  0x6a,  0x41,  0xac,  0x41,  0xee,  0x42,  0x30,  0x42,  0x72,  0x42,  0xb5,  0x42,  0xf7,  0x43,
  0x3a,  0x43,  0x7d,  0x43,  0xc0,  0x44,  0x03,  0x44,  0x47,  0x44,  0x8a,  0x44,  0xce,  0x45,  0x12,  0x45,
  0x55,  0x45,  0x9a,  0x45,  0xde,  0x46,  0x22,  0x46,  0x67,  0x46,  0xab,  0x46,  0xf0,  0x47,  0x35,  0x47,
  0x7b,  0x47,  0xc0,  0x48,  0x05,  0x48,  0x4b,  0x48,  0x91,  0x48,  0xd7,  0x49,  0x1d,  0x49,  0x63,  0x49,
  0xa9,  0x49,  0xf0,  0x4a,  0x37,  0x4a,  0x7d,  0x4a,  0xc4,  0x4b,  0x0c,  0x4b,  0x53,  0x4b,  0x9a,  0x4b,
  0xe2,  0x4c,  0x2a,  0x4c,  0x72,  0x4c,  0xba,  0x4d,  0x02,  0x4d,  0x4a,  0x4d,  0x93,  0x4d,  0xdc,  0x4e,
  0x25,  0x4e,  0x6e,  0x4e,  0xb7,  0x4f,  0x00,  0x4f,  0x49,  0x4f,  0x93,  0x4f,  0xdd,  0x50,  0x27,  0x50,
  0x71,  0x50,  0xbb,  0x51,  0x06,  0x51,  0x50,  0x51,  0x9b,  0x51,  0xe6,  0x52,  0x31,  0x52,  0x7c,  0x52,
  0xc7,  0x53,  0x13,  0x53,  0x5f,  0x53,  0xaa,  0x53,  0xf6,  0x54,  0x42,  0x54,  0x8f,  0x54,  0xdb,  0x55,
  0x28,  0x55,  0x75,  0x55,  0xc2,  0x56,  0x0f,  0x56,  0x5c,  0x56,  0xa9,  0x56,  0xf7,  0x57,  0x44,  0x57,
  0x92,  0x57,  0xe0,  0x58,  0x2f,  0x58,  0x7d,  0x58,  0xcb,  0x59,  0x1a,  0x59,  0x69,  0x59,  0xb8,  0x5a,
  0x07,  0x5a,  0x56,  0x5a,  0xa6,  0x5a,  0xf5,  0x5b,  0x45,  0x5b,  0x95,  0x5b,  0xe5,  0x5c,  0x35,  0x5c,
  0x86,  0x5c,  0xd6,  0x5d,  0x27,  0x5d,  0x78,  0x5d,  0xc9,  0x5e,  0x1a,  0x5e,  0x6c,  0x5e,  0xbd,  0x5f,
  0x0f,  0x5f,  0x61,  0x5f,  0xb3,  0x60,  0x05,  0x60,  0x57,  0x60,  0xaa,  0x60,  0xfc,  0x61,  0x4f,  0x61,
  0xa2,  0x61,  0xf5,  0x62,  0x49,  0x62,  0x9c,  0x62,  0xf0,  0x63,  0x43,  0x63,  0x97,  0x63,  0xeb,  0x64,
  0x40,  0x64,  0x94,  0x64,  0xe9,  0x65,  0x3d,  0x65,  0x92,  0x65,  0xe7,  0x66,  0x3d,  0x66,  0x92,  0x66,
  0xe8,  0x67,  0x3d,  0x67,  0x93,  0x67,  0xe9,  0x68,  0x3f,  0x68,  0x96,  0x68,  0xec,  0x69,  0x43,  0x69,
  0x9a,  0x69,  0xf1,  0x6a,  0x48,  0x6a,  0x9f,  0x6a,  0xf7,  0x6b,  0x4f,  0x6b,  0xa7,  0x6b,  0xff,  0x6c,
  0x57,  0x6c,  0xaf,  0x6d,  0x08,  0x6d,  0x60,  0x6d,  0xb9,  0x6e,  0x12,  0x6e,  0x6b,  0x6e,  0xc4,  0x6f,
  0x1e,  0x6f,  0x78,  0x6f,  0xd1,  0x70,  0x2b,  0x70,  0x86,  0x70,  0xe0,  0x71,  0x3a,  0x71,  0x95,  0x71,
  0xf0,  0x72,  0x4b,  0x72,  0xa6,  0x73,  0x01,  0x73,  0x5d,  0x73,  0xb8,  0x74,  0x14,  0x74,  0x70,  0x74,
  0xcc,  0x75,  0x28,  0x75,  0x85,  0x75,  0xe1,  0x76,  0x3e,  0x76,  0x9b,  0x76,  0xf8,  0x77,  0x56,  0x77,
  0xb3,  0x78,  0x11,  0x78,  0x6e,  0x78,  0xcc,  0x79,  0x2a,  0x79,  0x89,  0x79,  0xe7,  0x7a,  0x46,  0x7a,
  0xa5,  0x7b,  0x04,  0x7b,  0x63,  0x7b,  0xc2,  0x7c,  0x21,  0x7c,  0x81,  0x7c,  0xe1,  0x7d,  0x41,  0x7d,
  0xa1,  0x7e,  0x01,  0x7e,  0x62,  0x7e,  0xc2,  0x7f,  0x23,  0x7f,  0x84,  0x7f,  0xe5,  0x80,  0x47,  0x80,
  0xa8,  0x81,  0x0a,  0x81,  0x6b,  0x81,  0xcd,  0x82,  0x30,  0x82,  0x92,  0x82,  0xf4,  0x83,  0x57,  0x83,
  0xba,  0x84,  0x1d,  0x84,  0x80,  0x84,  0xe3,  0x85,  0x47,  0x85,  0xab,  0x86,  0x0e,  0x86,  0x72,  0x86,
  0xd7,  0x87,  0x3b,  0x87,  0x9f,  0x88,  0x04,  0x88,  0x69,  0x88,  0xce,  0x89,  0x33,  0x89,  0x99,  0x89,
  0xfe,  0x8a,  0x64,  0x8a,  0xca,  0x8b,  0x30,  0x8b,  0x96,  0x8b,  0xfc,  0x8c,  0x63,  0x8c,  0xca,  0x8d,
  0x31,  0x8d,  0x98,  0x8d,  0xff,  0x8e,  0x66,  0x8e,  0xce,  0x8f,  0x36,  0x8f,  0x9e,  0x90,  0x06,  0x90,
  0x6e,  0x90,  0xd6,  0x91,  0x3f,  0x91,  0xa8,  0x92,  0x11,  0x92,  0x7a,  0x92,  0xe3,  0x93,  0x4d,  0x93,
  0xb6,  0x94,  0x20,  0x94,  0x8a,  0x94,  0xf4,  0x95,  0x5f,  0x95,  0xc9,  0x96,  0x34,  0x96,  0x9f,  0x97,
  0x0a,  0x97,  0x75,  0x97,  0xe0,  0x98,  0x4c,  0x98,  0xb8,  0x99,  0x24,  0x99,  0x90,  0x99,  0xfc,  0x9a,
  0x68,  0x9a,  0xd5,  0x9b,  0x42,  0x9b,  0xaf,  0x9c,  0x1c,  0x9c,  0x89,  0x9c,  0xf7,  0x9d,  0x64,  0x9d,
  0xd2,  0x9e,  0x40,  0x9e,  0xae,  0x9f,  0x1d,  0x9f,  0x8b,  0x9f,  0xfa,  0xa0,  0x69,  0xa0,  0xd8,  0xa1,
  0x47,  0xa1,  0xb6,  0xa2,  0x26,  0xa2,  0x96,  0xa3,  0x06,  0xa3,  0x76,  0xa3,  0xe6,  0xa4,  0x56,  0xa4,
  0xc7,  0xa5,  0x38,  0xa5,  0xa9,  0xa6,  0x1a,  0xa6,  0x8b,  0xa6,  0xfd,  0xa7,  0x6e,  0xa7,  0xe0,  0xa8,
  0x52,  0xa8,  0xc4,  0xa9,  0x37,  0xa9,  0xa9,  0xaa,  0x1c,  0xaa,  0x8f,  0xab,  0x02,  0xab,  0x75,  0xab,
  0xe9,  0xac,  0x5c,  0xac,  0xd0,  0xad,  0x44,  0xad,  0xb8,  0xae,  0x2d,  0xae,  0xa1,  0xaf,  0x16,  0xaf,
  0x8b,  0xb0,  0x00,  0xb0,  0x75,  0xb0,  0xea,  0xb1,  0x60,  0xb1,  0xd6,  0xb2,  0x4b,  0xb2,  0xc2,  0xb3,
  0x38,  0xb3,  0xae,  0xb4,  0x25,  0xb4,  0x9c,  0xb5,  0x13,  0xb5,  0x8a,  0xb6,  0x01,  0xb6,  0x79,  0xb6,
  0xf0,  0xb7,  0x68,  0xb7,  0xe0,  0xb8,  0x59,  0xb8,  0xd1,  0xb9,  0x4a,  0xb9,  0xc2,  0xba,  0x3b,  0xba,
  0xb5,  0xbb,  0x2e,  0xbb,  0xa7,  0xbc,  0x21,  0xbc,  0x9b,  0xbd,  0x15,  0xbd,  0x8f,  0xbe,  0x0a,  0xbe,
  0x84,  0xbe,  0xff,  0xbf,  0x7a,  0xbf,  0xf5,  0xc0,  0x70,  0xc0,  0xec,  0xc1,  0x67,  0xc1,  0xe3,  0xc2,
  0x5f,  0xc2,  0xdb,  0xc3,  0x58,  0xc3,  0xd4,  0xc4,  0x51,  0xc4,  0xce,  0xc5,  0x4b,  0xc5,  0xc8,  0xc6,
  0x46,  0xc6,  0xc3,  0xc7,  0x41,  0xc7,  0xbf,  0xc8,  0x3d,  0xc8,  0xbc,  0xc9,  0x3a,  0xc9,  0xb9,  0xca,
  0x38,  0xca,  0xb7,  0xcb,  0x36,  0xcb,  0xb6,  0xcc,  0x35,  0xcc,  0xb5,  0xcd,  0x35,  0xcd,  0xb5,  0xce,
  0x36,  0xce,  0xb6,  0xcf,  0x37,  0xcf,  0xb8,  0xd0,  0x39,  0xd0,  0xba,  0xd1,  0x3c,  0xd1,  0xbe,  0xd2,
  0x3f,  0xd2,  0xc1,  0xd3,  0x44,  0xd3,  0xc6,  0xd4,  0x49,  0xd4,  0xcb,  0xd5,  0x4e,  0xd5,  0xd1,  0xd6,
  0x55,  0xd6,  0xd8,  0xd7,  0x5c,  0xd7,  0xe0,  0xd8,  0x64,  0xd8,  0xe8,  0xd9,  0x6c,  0xd9,  0xf1,  0xda,
  0x76,  0xda,  0xfb,  0xdb,  0x80,  0xdc,  0x05,  0xdc,  0x8a,  0xdd,  0x10,  0xdd,  0x96,  0xde,  0x1c,  0xde,
  0xa2,  0xdf,  0x29,  0xdf,  0xaf,  0xe0,  0x36,  0xe0,  0xbd,  0xe1,  0x44,  0xe1,  0xcc,  0xe2,  0x53,  0xe2,
  0xdb,  0xe3,  0x63,  0xe3,  0xeb,  0xe4,  0x73,  0xe4,  0xfc,  0xe5,  0x84,  0xe6,  0x0d,  0xe6,  0x96,  0xe7,
  0x1f,  0xe7,  0xa9,  0xe8,  0x32,  0xe8,  0xbc,  0xe9,  0x46,  0xe9,  0xd0,  0xea,  0x5b,  0xea,  0xe5,  0xeb,
  0x70,  0xeb,  0xfb,  0xec,  0x86,  0xed,  0x11,  0xed,  0x9c,  0xee,  0x28,  0xee,  0xb4,  0xef,  0x40,  0xef,
  0xcc,  0xf0,  0x58,  0xf0,  0xe5,  0xf1,  0x72,  0xf1,  0xff,  0xf2,  0x8c,  0xf3,  0x19,  0xf3,  0xa7,  0xf4,
  0x34,  0xf4,  0xc2,  0xf5,  0x50,  0xf5,  0xde,  0xf6,  0x6d,  0xf6,  0xfb,  0xf7,  0x8a,  0xf8,  0x19,  0xf8,
  0xa8,  0xf9,  0x38,  0xf9,  0xc7,  0xfa,  0x57,  0xfa,  0xe7,  0xfb,  0x77,  0xfc,  0x07,  0xfc,  0x98,  0xfd,
  0x29,  0xfd,  0xba,  0xfe,  0x4b,  0xfe,  0xdc,  0xff,  0x6d,  0xff,  0xff,  0x63,  0x75,  0x72,  0x76,  0x00,
  0x00,  0x00,  0x00,  0x00,  0x00,  0x04,  0x00,  0x00,  0x00,  0x00,  0x05,  0x00,  0x0a,  0x00,  0x0f,  0x00,
  0x14,  0x00,  0x19,  0x00,  0x1e,  0x00,  0x23,  0x00,  0x28,  0x00,  0x2d,  0x00,  0x32,  0x00,  0x37,  0x00,
  0x3b,  0x00,  0x40,  0x00,  0x45,  0x00,  0x4a,  0x00,  0x4f,  0x00,  0x54,  0x00,  0x59,  0x00,  0x5e,  0x00,
  0x63,  0x00,  0x68,  0x00,  0x6d,  0x00,  0x72,  0x00,  0x77,  0x00,  0x7c,  0x00,  0x81,  0x00,  0x86,  0x00,
  0x8b,  0x00,  0x90,  0x00,  0x95,  0x00,  0x9a,  0x00,  0x9f,  0x00,  0xa4,  0x00,  0xa9,  0x00,  0xae,  0x00,
  0xb2,  0x00,  0xb7,  0x00,  0xbc,  0x00,  0xc1,  0x00,  0xc6,  0x00,  0xcb,  0x00,  0xd0,  0x00,  0xd5,  0x00,
  0xdb,  0x00,  0xe0,  0x00,  0xe5,  0x00,  0xeb,  0x00,  0xf0,  0x00,  0xf6,  0x00,  0xfb,  0x01,  0x01,  0x01,
  0x07,  0x01,  0x0d,  0x01,  0x13,  0x01,  0x19,  0x01,  0x1f,  0x01,  0x25,  0x01,  0x2b,  0x01,  0x32,  0x01,
  0x38,  0x01,  0x3e,  0x01,  0x45,  0x01,  0x4c,  0x01,  0x52,  0x01,  0x59,  0x01,  0x60,  0x01,  0x67,  0x01,
  0x6e,  0x01,  0x75,  0x01,  0x7c,  0x01,  0x83,  0x01,  0x8b,  0x01,  0x92,  0x01,  0x9a,  0x01,  0xa1,  0x01,
  0xa9,  0x01,  0xb1,  0x01,  0xb9,  0x01,  0xc1,  0x01,  0xc9,  0x01,  0xd1,  0x01,  0xd9,  0x01,  0xe1,  0x01,
  0xe9,  0x01,  0xf2,  0x01,  0xfa,  0x02,  0x03,  0x02,  0x0c,  0x02,  0x14,  0x02,  0x1d,  0x02,  0x26,  0x02,
  0x2f,  0x02,  0x38,  0x02,  0x41,  0x02,  0x4b,  0x02,  0x54,  0x02,  0x5d,  0x02,  0x67,  0x02,  0x71,  0x02,
  0x7a,  0x02,  0x84,  0x02,  0x8e,  0x02,  0x98,  0x02,  0xa2,  0x02,  0xac,  0x02,  0xb6,  0x02,  0xc1,  0x02,
  0xcb,  0x02,  0xd5,  0x02,  0xe0,  0x02,  0xeb,  0x02,  0xf5,  0x03,  0x00,  0x03,  0x0b,  0x03,  0x16,  0x03,
  0x21,  0x03,  0x2d,  0x03,  0x38,  0x03,  0x43,  0x03,  0x4f,  0x03,  0x5a,  0x03,  0x66,  0x03,  0x72,  0x03,
  0x7e,  0x03,  0x8a,  0x03,  0x96,  0x03,  0xa2,  0x03,  0xae,  0x03,  0xba,  0x03,  0xc7,  0x03,  0xd3,  0x03,
  0xe0,  0x03,  0xec,  0x03,  0xf9,  0x04,  0x06,  0x04,  0x13,  0x04,  0x20,  0x04,  0x2d,  0x04,  0x3b,  0x04,
  0x48,  0x04,  0x55,  0x04,  0x63,  0x04,  0x71,  0x04,  0x7e,  0x04,  0x8c,  0x04,  0x9a,  0x04,  0xa8,  0x04,
  0xb6,  0x04,  0xc4,  0x04,  0xd3,  0x04,  0xe1,  0x04,  0xf0,  0x04,  0xfe,  0x05,  0x0d,  0x05,  0x1c,  0x05,
  0x2b,  0x05,  0x3a,  0x05,  0x49,  0x05,  0x58,  0x05,  0x67,  0x05,  0x77,  0x05,  0x86,  0x05,  0x96,  0x05,
  0xa6,  0x05,  0xb5,  0x05,  0xc5,  0x05,  0xd5,  0x05,  0xe5,  0x05,  0xf6,  0x06,  0x06,  0x06,  0x16,  0x06,
  0x27,  0x06,  0x37,  0x06,  0x48,  0x06,  0x59,  0x06,  0x6a,  0x06,  0x7b,  0x06,  0x8c,  0x06,  0x9d,  0x06,
  0xaf,  0x06,  0xc0,  0x06,  0xd1,  0x06,  0xe3,  0x06,  0xf5,  0x07,  0x07,  0x07,  0x19,  0x07,  0x2b,  0x07,
  0x3d,  0x07,  0x4f,  0x07,  0x61,  0x07,  0x74,  0x07,  0x86,  0x07,  0x99,  0x07,  0xac,  0x07,  0xbf,  0x07,
  0xd2,  0x07,  0xe5,  0x07,  0xf8,  0x08,  0x0b,  0x08,  0x1f,  0x08,  0x32,  0x08,  0x46,  0x08,  0x5a,  0x08,
  0x6e,  0x08,  0x82,  0x08,  0x96,  0x08,  0xaa,  0x08,  0xbe,  0x08,  0xd2,  0x08,  0xe7,  0x08,  0xfb,  0x09,
  0x10,  0x09,  0x25,  0x09,  0x3a,  0x09,  0x4f,  0x09,  0x64,  0x09,  0x79,  0x09,  0x8f,  0x09,  0xa4,  0x09,
  0xba,  0x09,  0xcf,  0x09,  0xe5,  0x09,  0xfb,  0x0a,  0x11,  0x0a,  0x27,  0x0a,  0x3d,  0x0a,  0x54,  0x0a,
  0x6a,  0x0a,  0x81,  0x0a,  0x98,  0x0a,  0xae,  0x0a,  0xc5,  0x0a,  0xdc,  0x0a,  0xf3,  0x0b,  0x0b,  0x0b,
  0x22,  0x0b,  0x39,  0x0b,  0x51,  0x0b,  0x69,  0x0b,  0x80,  0x0b,  0x98,  0x0b,  0xb0,  0x0b,  0xc8,  0x0b,
  0xe1,  0x0b,  0xf9,  0x0c,  0x12,  0x0c,  0x2a,  0x0c,  0x43,  0x0c,  0x5c,  0x0c,  0x75,  0x0c,  0x8e,  0x0c,
  0xa7,  0x0c,  0xc0,  0x0c,  0xd9,  0x0c,  0xf3,  0x0d,  0x0d,  0x0d,  0x26,  0x0d,  0x40,  0x0d,  0x5a,  0x0d,
  0x74,  0x0d,  0x8e,  0x0d,  0xa9,  0x0d,  0xc3,  0x0d,  0xde,  0x0d,  0xf8,  0x0e,  0x13,  0x0e,  0x2e,  0x0e,
  0x49,  0x0e,  0x64,  0x0e,  0x7f,  0x0e,  0x9b,  0x0e,  0xb6,  0x0e,  0xd2,  0x0e,  0xee,  0x0f,  0x09,  0x0f,
  0x25,  0x0f,  0x41,  0x0f,  0x5e,  0x0f,  0x7a,  0x0f,  0x96,  0x0f,  0xb3,  0x0f,  0xcf,  0x0f,  0xec,  0x10,
  0x09,  0x10,  0x26,  0x10,  0x43,  0x10,  0x61,  0x10,  0x7e,  0x10,  0x9b,  0x10,  0xb9,  0x10,  0xd7,  0x10,
  0xf5,  0x11,  0x13,  0x11,  0x31,  0x11,  0x4f,  0x11,  0x6d,  0x11,  0x8c,  0x11,  0xaa,  0x11,  0xc9,  0x11,
  0xe8,  0x12,  0x07,  0x12,  0x26,  0x12,  0x45,  0x12,  0x64,  0x12,  0x84,  0x12,  0xa3,  0x12,  0xc3,  0x12,
  0xe3,  0x13,  0x03,  0x13,  0x23,  0x13,  0x43,  0x13,  0x63,  0x13,  0x83,  0x13,  0xa4,  0x13,  0xc5,  0x13,
  0xe5,  0x14,  0x06,  0x14,  0x27,  0x14,  0x49,  0x14,  0x6a,  0x14,  0x8b,  0x14,  0xad,  0x14,  0xce,  0x14,
  0xf0,  0x15,  0x12,  0x15,  0x34,  0x15,  0x56,  0x15,  0x78,  0x15,  0x9b,  0x15,  0xbd,  0x15,  0xe0,  0x16,
  0x03,  0x16,  0x26,  0x16,  0x49,  0x16,  0x6c,  0x16,  0x8f,  0x16,  0xb2,  0x16,  0xd6,  0x16,  0xfa,  0x17,
  0x1d,  0x17,  0x41,  0x17,  0x65,  0x17,  0x89,  0x17,  0xae,  0x17,  0xd2,  0x17,  0xf7,  0x18,  0x1b,  0x18,
  0x40,  0x18,  0x65,  0x18,  0x8a,  0x18,  0xaf,  0x18,  0xd5,  0x18,  0xfa,  0x19,  0x20,  0x19,  0x45,  0x19,
  0x6b,  0x19,  0x91,  0x19,  0xb7,  0x19,  0xdd,  0x1a,  0x04,  0x1a,  0x2a,  0x1a,  0x51,  0x1a,  0x77,  0x1a,
  0x9e,  0x1a,  0xc5,  0x1a,  0xec,  0x1b,  0x14,  0x1b,  0x3b,  0x1b,  0x63,  0x1b,  0x8a,  0x1b,  0xb2,  0x1b,
  0xda,  0x1c,  0x02,  0x1c,  0x2a,  0x1c,  0x52,  0x1c,  0x7b,  0x1c,  0xa3,  0x1c,  0xcc,  0x1c,  0xf5,  0x1d,
  0x1e,  0x1d,  0x47,  0x1d,  0x70,  0x1d,  0x99,  0x1d,  0xc3,  0x1d,  0xec,  0x1e,  0x16,  0x1e,  0x40,  0x1e,
  0x6a,  0x1e,  0x94,  0x1e,  0xbe,  0x1e,  0xe9,  0x1f,  0x13,  0x1f,  0x3e,  0x1f,  0x69,  0x1f,  0x94,  0x1f,
  0xbf,  0x1f,  0xea,  0x20,  0x15,  0x20,  0x41,  0x20,  0x6c,  0x20,  0x98,  0x20,  0xc4,  0x20,  0xf0,  0x21,
  0x1c,  0x21,  0x48,  0x21,  0x75,  0x21,  0xa1,  0x21,  0xce,  0x21,  0xfb,  0x22,  0x27,  0x22,  0x55,  0x22,
  0x82,  0x22,  0xaf,  0x22,  0xdd,  0x23,  0x0a,  0x23,  0x38,  0x23,  0x66,  0x23,  0x94,  0x23,  0xc2,  0x23,
  0xf0,  0x24,  0x1f,  0x24,  0x4d,  0x24,  0x7c,  0x24,  0xab,  0x24,  0xda,  0x25,  0x09,  0x25,  0x38,  0x25,
  0x68,  0x25,  0x97,  0x25,  0xc7,  0x25,  0xf7,  0x26,  0x27,  0x26,  0x57,  0x26,  0x87,  0x26,  0xb7,  0x26,
  0xe8,  0x27,  0x18,  0x27,  0x49,  0x27,  0x7a,  0x27,  0xab,  0x27,  0xdc,  0x28,  0x0d,  0x28,  0x3f,  0x28,
  0x71,  0x28,  0xa2,  0x28,  0xd4,  0x29,  0x06,  0x29,  0x38,  0x29,  0x6b,  0x29,  0x9d,  0x29,  0xd0,  0x2a,
  0x02,  0x2a,  0x35,  0x2a,  0x68,  0x2a,  0x9b,  0x2a,  0xcf,  0x2b,  0x02,  0x2b,  0x36,  0x2b,  0x69,  0x2b,
  0x9d,  0x2b,  0xd1,  0x2c,  0x05,  0x2c,  0x39,  0x2c,  0x6e,  0x2c,  0xa2,  0x2c,  0xd7,  0x2d,  0x0c,  0x2d,
  0x41,  0x2d,  0x76,  0x2d,  0xab,  0x2d,  0xe1,  0x2e,  0x16,  0x2e,  0x4c,  0x2e,  0x82,  0x2e,  0xb7,  0x2e,
  0xee,  0x2f,  0x24,  0x2f,  0x5a,  0x2f,  0x91,  0x2f,  0xc7,  0x2f,  0xfe,  0x30,  0x35,  0x30,  0x6c,  0x30,
  0xa4,  0x30,  0xdb,  0x31,  0x12,  0x31,  0x4a,  0x31,  0x82,  0x31,  0xba,  0x31,  0xf2,  0x32,  0x2a,  0x32,
  0x63,  0x32,  0x9b,  0x32,  0xd4,  0x33,  0x0d,  0x33,  0x46,  0x33,  0x7f,  0x33,  0xb8,  0x33,  0xf1,  0x34,
  0x2b,  0x34,  0x65,  0x34,  0x9e,  0x34,  0xd8,  0x35,  0x13,  0x35,  0x4d,  0x35,  0x87,  0x35,  0xc2,  0x35,
  0xfd,  0x36,  0x37,  0x36,  0x72,  0x36,  0xae,  0x36,  0xe9,  0x37,  0x24,  0x37,  0x60,  0x37,  0x9c,  0x37,
  0xd7,  0x38,  0x14,  0x38,  0x50,  0x38,  0x8c,  0x38,  0xc8,  0x39,  0x05,  0x39,  0x42,  0x39,  0x7f,  0x39,
  0xbc,  0x39,  0xf9,  0x3a,  0x36,  0x3a,  0x74,  0x3a,  0xb2,  0x3a,  0xef,  0x3b,  0x2d,  0x3b,  0x6b,  0x3b,
  0xaa,  0x3b,  0xe8,  0x3c,  0x27,  0x3c,  0x65,  0x3c,  0xa4,  0x3c,  0xe3,  0x3d,  0x22,  0x3d,  0x61,  0x3d,
  0xa1,  0x3d,  0xe0,  0x3e,  0x20,  0x3e,  0x60,  0x3e,  0xa0,  0x3e,  0xe0,  0x3f,  0x21,  0x3f,  0x61,  0x3f,
  0xa2,  0x3f,  0xe2,  0x40,  0x23,  0x40,  0x64,  0x40,  0xa6,  0x40,  0xe7,  0x41,  0x29,  0x41,  0x6a,  0x41,
  0xac,  0x41,  0xee,  0x42,  0x30,  0x42,  0x72,  0x42,  0xb5,  0x42,  0xf7,  0x43,  0x3a,  0x43,  0x7d,  0x43,
  0xc0,  0x44,  0x03,  0x44,  0x47,  0x44,  0x8a,  0x44,  0xce,  0x45,  0x12,  0x45,  0x55,  0x45,  0x9a,  0x45,
  0xde,  0x46,  0x22,  0x46,  0x67,  0x46,  0xab,  0x46,  0xf0,  0x47,  0x35,  0x47,  0x7b,  0x47,  0xc0,  0x48,
  0x05,  0x48,  0x4b,  0x48,  0x91,  0x48,  0xd7,  0x49,  0x1d,  0x49,  0x63,  0x49,  0xa9,  0x49,  0xf0,  0x4a,
  0x37,  0x4a,  0x7d,  0x4a,  0xc4,  0x4b,  0x0c,  0x4b,  0x53,  0x4b,  0x9a,  0x4b,  0xe2,  0x4c,  0x2a,  0x4c,
  0x72,  0x4c,  0xba,  0x4d,  0x02,  0x4d,  0x4a,  0x4d,  0x93,  0x4d,  0xdc,  0x4e,  0x25,  0x4e,  0x6e,  0x4e,
  0xb7,  0x4f,  0x00,  0x4f,  0x49,  0x4f,  0x93,  0x4f,  0xdd,  0x50,  0x27,  0x50,  0x71,  0x50,  0xbb,  0x51,
  0x06,  0x51,  0x50,  0x51,  0x9b,  0x51,  0xe6,  0x52,  0x31,  0x52,  0x7c,  0x52,  0xc7,  0x53,  0x13,  0x53,
  0x5f,  0x53,  0xaa,  0x53,  0xf6,  0x54,  0x42,  0x54,  0x8f,  0x54,  0xdb,  0x55,  0x28,  0x55,  0x75,  0x55,
  0xc2,  0x56,  0x0f,  0x56,  0x5c,  0x56,  0xa9,  0x56,  0xf7,  0x57,  0x44,  0x57,  0x92,  0x57,  0xe0,  0x58,
  0x2f,  0x58,  0x7d,  0x58,  0xcb,  0x59,  0x1a,  0x59,  0x69,  0x59,  0xb8,  0x5a,  0x07,  0x5a,  0x56,  0x5a,
  0xa6,  0x5a,  0xf5,  0x5b,  0x45,  0x5b,  0x95,  0x5b,  0xe5,  0x5c,  0x35,  0x5c,  0x86,  0x5c,  0xd6,  0x5d,
  0x27,  0x5d,  0x78,  0x5d,  0xc9,  0x5e,  0x1a,  0x5e,  0x6c,  0x5e,  0xbd,  0x5f,  0x0f,  0x5f,  0x61,  0x5f,
  0xb3,  0x60,  0x05,  0x60,  0x57,  0x60,  0xaa,  0x60,  0xfc,  0x61,  0x4f,  0x61,  0xa2,  0x61,  0xf5,  0x62,
  0x49,  0x62,  0x9c,  0x62,  0xf0,  0x63,  0x43,  0x63,  0x97,  0x63,  0xeb,  0x64,  0x40,  0x64,  0x94,  0x64,
  0xe9,  0x65,  0x3d,  0x65,  0x92,  0x65,  0xe7,  0x66,  0x3d,  0x66,  0x92,  0x66,  0xe8,  0x67,  0x3d,  0x67,
  0x93,  0x67,  0xe9,  0x68,  0x3f,  0x68,  0x96,  0x68,  0xec,  0x69,  0x43,  0x69,  0x9a,  0x69,  0xf1,  0x6a,
  0x48,  0x6a,  0x9f,  0x6a,  0xf7,  0x6b,  0x4f,  0x6b,  0xa7,  0x6b,  0xff,  0x6c,  0x57,  0x6c,  0xaf,  0x6d,
  0x08,  0x6d,  0x60,  0x6d,  0xb9,  0x6e,  0x12,  0x6e,  0x6b,  0x6e,  0xc4,  0x6f,  0x1e,  0x6f,  0x78,  0x6f,
  0xd1,  0x70,  0x2b,  0x70,  0x86,  0x70,  0xe0,  0x71,  0x3a,  0x71,  0x95,  0x71,  0xf0,  0x72,  0x4b,  0x72,
  0xa6,  0x73,  0x01,  0x73,  0x5d,  0x73,  0xb8,  0x74,  0x14,  0x74,  0x70,  0x74,  0xcc,  0x75,  0x28,  0x75,
  0x85,  0x75,  0xe1,  0x76,  0x3e,  0x76,  0x9b,  0x76,  0xf8,  0x77,  0x56,  0x77,  0xb3,  0x78,  0x11,  0x78,
  0x6e,  0x78,  0xcc,  0x79,  0x2a,  0x79,  0x89,  0x79,  0xe7,  0x7a,  0x46,  0x7a,  0xa5,  0x7b,  0x04,  0x7b,
  0x63,  0x7b,  0xc2,  0x7c,  0x21,  0x7c,  0x81,  0x7c,  0xe1,  0x7d,  0x41,  0x7d,  0xa1,  0x7e,  0x01,  0x7e,
  0x62,  0x7e,  0xc2,  0x7f,  0x23,  0x7f,  0x84,  0x7f,  0xe5,  0x80,  0x47,  0x80,  0xa8,  0x81,  0x0a,  0x81,
  0x6b,  0x81,  0xcd,  0x82,  0x30,  0x82,  0x92,  0x82,  0xf4,  0x83,  0x57,  0x83,  0xba,  0x84,  0x1d,  0x84,
  0x80,  0x84,  0xe3,  0x85,  0x47,  0x85,  0xab,  0x86,  0x0e,  0x86,  0x72,  0x86,  0xd7,  0x87,  0x3b,  0x87,
  0x9f,  0x88,  0x04,  0x88,  0x69,  0x88,  0xce,  0x89,  0x33,  0x89,  0x99,  0x89,  0xfe,  0x8a,  0x64,  0x8a,
  0xca,  0x8b,  0x30,  0x8b,  0x96,  0x8b,  0xfc,  0x8c,  0x63,  0x8c,  0xca,  0x8d,  0x31,  0x8d,  0x98,  0x8d,
  0xff,  0x8e,  0x66,  0x8e,  0xce,  0x8f,  0x36,  0x8f,  0x9e,  0x90,  0x06,  0x90,  0x6e,  0x90,  0xd6,  0x91,
  0x3f,  0x91,  0xa8,  0x92,  0x11,  0x92,  0x7a,  0x92,  0xe3,  0x93,  0x4d,  0x93,  0xb6,  0x94,  0x20,  0x94,
  0x8a,  0x94,  0xf4,  0x95,  0x5f,  0x95,  0xc9,  0x96,  0x34,  0x96,  0x9f,  0x97,  0x0a,  0x97,  0x75,  0x97,
  0xe0,  0x98,  0x4c,  0x98,  0xb8,  0x99,  0x24,  0x99,  0x90,  0x99,  0xfc,  0x9a,  0x68,  0x9a,  0xd5,  0x9b,
  0x42,  0x9b,  0xaf,  0x9c,  0x1c,  0x9c,  0x89,  0x9c,  0xf7,  0x9d,  0x64,  0x9d,  0xd2,  0x9e,  0x40,  0x9e,
  0xae,  0x9f,  0x1d,  0x9f,  0x8b,  0x9f,  0xfa,  0xa0,  0x69,  0xa0,  0xd8,  0xa1,  0x47,  0xa1,  0xb6,  0xa2,
  0x26,  0xa2,  0x96,  0xa3,  0x06,  0xa3,  0x76,  0xa3,  0xe6,  0xa4,  0x56,  0xa4,  0xc7,  0xa5,  0x38,  0xa5,
  0xa9,  0xa6,  0x1a,  0xa6,  0x8b,  0xa6,  0xfd,  0xa7,  0x6e,  0xa7,  0xe0,  0xa8,  0x52,  0xa8,  0xc4,  0xa9,
  0x37,  0xa9,  0xa9,  0xaa,  0x1c,  0xaa,  0x8f,  0xab,  0x02,  0xab,  0x75,  0xab,  0xe9,  0xac,  0x5c,  0xac,
  0xd0,  0xad,  0x44,  0xad,  0xb8,  0xae,  0x2d,  0xae,  0xa1,  0xaf,  0x16,  0xaf,  0x8b,  0xb0,  0x00,  0xb0,
  0x75,  0xb0,  0xea,  0xb1,  0x60,  0xb1,  0xd6,  0xb2,  0x4b,  0xb2,  0xc2,  0xb3,  0x38,  0xb3,  0xae,  0xb4,
  0x25,  0xb4,  0x9c,  0xb5,  0x13,  0xb5,  0x8a,  0xb6,  0x01,  0xb6,  0x79,  0xb6,  0xf0,  0xb7,  0x68,  0xb7,
  0xe0,  0xb8,  0x59,  0xb8,  0xd1,  0xb9,  0x4a,  0xb9,  0xc2,  0xba,  0x3b,  0xba,  0xb5,  0xbb,  0x2e,  0xbb,
  0xa7,  0xbc,  0x21,  0xbc,  0x9b,  0xbd,  0x15,  0xbd,  0x8f,  0xbe,  0x0a,  0xbe,  0x84,  0xbe,  0xff,  0xbf,
  0x7a,  0xbf,  0xf5,  0xc0,  0x70,  0xc0,  0xec,  0xc1,  0x67,  0xc1,  0xe3,  0xc2,  0x5f,  0xc2,  0xdb,  0xc3,
  0x58,  0xc3,  0xd4,  0xc4,  0x51,  0xc4,  0xce,  0xc5,  0x4b,  0xc5,  0xc8,  0xc6,  0x46,  0xc6,  0xc3,  0xc7,
  0x41,  0xc7,  0xbf,  0xc8,  0x3d,  0xc8,  0xbc,  0xc9,  0x3a,  0xc9,  0xb9,  0xca,  0x38,  0xca,  0xb7,  0xcb,
  0x36,  0xcb,  0xb6,  0xcc,  0x35,  0xcc,  0xb5,  0xcd,  0x35,  0xcd,  0xb5,  0xce,  0x36,  0xce,  0xb6,  0xcf,
  0x37,  0xcf,  0xb8,  0xd0,  0x39,  0xd0,  0xba,  0xd1,  0x3c,  0xd1,  0xbe,  0xd2,  0x3f,  0xd2,  0xc1,  0xd3,
  0x44,  0xd3,  0xc6,  0xd4,  0x49,  0xd4,  0xcb,  0xd5,  0x4e,  0xd5,  0xd1,  0xd6,  0x55,  0xd6,  0xd8,  0xd7,
  0x5c,  0xd7,  0xe0,  0xd8,  0x64,  0xd8,  0xe8,  0xd9,  0x6c,  0xd9,  0xf1,  0xda,  0x76,  0xda,  0xfb,  0xdb,
  0x80,  0xdc,  0x05,  0xdc,  0x8a,  0xdd,  0x10,  0xdd,  0x96,  0xde,  0x1c,  0xde,  0xa2,  0xdf,  0x29,  0xdf,
  0xaf,  0xe0,  0x36,  0xe0,  0xbd,  0xe1,  0x44,  0xe1,  0xcc,  0xe2,  0x53,  0xe2,  0xdb,  0xe3,  0x63,  0xe3,
  0xeb,  0xe4,  0x73,  0xe4,  0xfc,  0xe5,  0x84,  0xe6,  0x0d,  0xe6,  0x96,  0xe7,  0x1f,  0xe7,  0xa9,  0xe8,
  0x32,  0xe8,  0xbc,  0xe9,  0x46,  0xe9,  0xd0,  0xea,  0x5b,  0xea,  0xe5,  0xeb,  0x70,  0xeb,  0xfb,  0xec,
  0x86,  0xed,  0x11,  0xed,  0x9c,  0xee,  0x28,  0xee,  0xb4,  0xef,  0x40,  0xef,  0xcc,  0xf0,  0x58,  0xf0,
  0xe5,  0xf1,  0x72,  0xf1,  0xff,  0xf2,  0x8c,  0xf3,  0x19,  0xf3,  0xa7,  0xf4,  0x34,  0xf4,  0xc2,  0xf5,
  0x50,  0xf5,  0xde,  0xf6,  0x6d,  0xf6,  0xfb,  0xf7,  0x8a,  0xf8,  0x19,  0xf8,  0xa8,  0xf9,  0x38,  0xf9,
  0xc7,  0xfa,  0x57,  0xfa,  0xe7,  0xfb,  0x77,  0xfc,  0x07,  0xfc,  0x98,  0xfd,  0x29,  0xfd,  0xba,  0xfe,
  0x4b,  0xfe,  0xdc,  0xff,  0x6d,  0xff,  0xff,  0x63,  0x75,  0x72,  0x76,  0x00,  0x00,  0x00,  0x00,  0x00,
  0x00,  0x04,  0x00,  0x00,  0x00,  0x00,  0x05,  0x00,  0x0a,  0x00,  0x0f,  0x00,  0x14,  0x00,  0x19,  0x00,
  0x1e,  0x00,  0x23,  0x00,  0x28,  0x00,  0x2d,  0x00,  0x32,  0x00,  0x37,  0x00,  0x3b,  0x00,  0x40,  0x00,
  0x45,  0x00,  0x4a,  0x00,  0x4f,  0x00,  0x54,  0x00,  0x59,  0x00,  0x5e,  0x00,  0x63,  0x00,  0x68,  0x00,
  0x6d,  0x00,  0x72,  0x00,  0x77,  0x00,  0x7c,  0x00,  0x81,  0x00,  0x86,  0x00,  0x8b,  0x00,  0x90,  0x00,
  0x95,  0x00,  0x9a,  0x00,  0x9f,  0x00,  0xa4,  0x00,  0xa9,  0x00,  0xae,  0x00,  0xb2,  0x00,  0xb7,  0x00,
  0xbc,  0x00,  0xc1,  0x00,  0xc6,  0x00,  0xcb,  0x00,  0xd0,  0x00,  0xd5,  0x00,  0xdb,  0x00,  0xe0,  0x00,
  0xe5,  0x00,  0xeb,  0x00,  0xf0,  0x00,  0xf6,  0x00,  0xfb,  0x01,  0x01,  0x01,  0x07,  0x01,  0x0d,  0x01,
  0x13,  0x01,  0x19,  0x01,  0x1f,  0x01,  0x25,  0x01,  0x2b,  0x01,  0x32,  0x01,  0x38,  0x01,  0x3e,  0x01,
  0x45,  0x01,  0x4c,  0x01,  0x52,  0x01,  0x59,  0x01,  0x60,  0x01,  0x67,  0x01,  0x6e,  0x01,  0x75,  0x01,
  0x7c,  0x01,  0x83,  0x01,  0x8b,  0x01,  0x92,  0x01,  0x9a,  0x01,  0xa1,  0x01,  0xa9,  0x01,  0xb1,  0x01,
  0xb9,  0x01,  0xc1,  0x01,  0xc9,  0x01,  0xd1,  0x01,  0xd9,  0x01,  0xe1,  0x01,  0xe9,  0x01,  0xf2,  0x01,
  0xfa,  0x02,  0x03,  0x02,  0x0c,  0x02,  0x14,  0x02,  0x1d,  0x02,  0x26,  0x02,  0x2f,  0x02,  0x38,  0x02,
  0x41,  0x02,  0x4b,  0x02,  0x54,  0x02,  0x5d,  0x02,  0x67,  0x02,  0x71,  0x02,  0x7a,  0x02,  0x84,  0x02,
  0x8e,  0x02,  0x98,  0x02,  0xa2,  0x02,  0xac,  0x02,  0xb6,  0x02,  0xc1,  0x02,  0xcb,  0x02,  0xd5,  0x02,
  0xe0,  0x02,  0xeb,  0x02,  0xf5,  0x03,  0x00,  0x03,  0x0b,  0x03,  0x16,  0x03,  0x21,  0x03,  0x2d,  0x03,
  0x38,  0x03,  0x43,  0x03,  0x4f,  0x03,  0x5a,  0x03,  0x66,  0x03,  0x72,  0x03,  0x7e,  0x03,  0x8a,  0x03,
  0x96,  0x03,  0xa2,  0x03,  0xae,  0x03,  0xba,  0x03,  0xc7,  0x03,  0xd3,  0x03,  0xe0,  0x03,  0xec,  0x03,
  0xf9,  0x04,  0x06,  0x04,  0x13,  0x04,  0x20,  0x04,  0x2d,  0x04,  0x3b,  0x04,  0x48,  0x04,  0x55,  0x04,
  0x63,  0x04,  0x71,  0x04,  0x7e,  0x04,  0x8c,  0x04,  0x9a,  0x04,  0xa8,  0x04,  0xb6,  0x04,  0xc4,  0x04,
  0xd3,  0x04,  0xe1,  0x04,  0xf0,  0x04,  0xfe,  0x05,  0x0d,  0x05,  0x1c,  0x05,  0x2b,  0x05,  0x3a,  0x05,
  0x49,  0x05,  0x58,  0x05,  0x67,  0x05,  0x77,  0x05,  0x86,  0x05,  0x96,  0x05,  0xa6,  0x05,  0xb5,  0x05,
  0xc5,  0x05,  0xd5,  0x05,  0xe5,  0x05,  0xf6,  0x06,  0x06,  0x06,  0x16,  0x06,  0x27,  0x06,  0x37,  0x06,
  0x48,  0x06,  0x59,  0x06,  0x6a,  0x06,  0x7b,  0x06,  0x8c,  0x06,  0x9d,  0x06,  0xaf,  0x06,  0xc0,  0x06,
  0xd1,  0x06,  0xe3,  0x06,  0xf5,  0x07,  0x07,  0x07,  0x19,  0x07,  0x2b,  0x07,  0x3d,  0x07,  0x4f,  0x07,
  0x61,  0x07,  0x74,  0x07,  0x86,  0x07,  0x99,  0x07,  0xac,  0x07,  0xbf,  0x07,  0xd2,  0x07,  0xe5,  0x07,
  0xf8,  0x08,  0x0b,  0x08,  0x1f,  0x08,  0x32,  0x08,  0x46,  0x08,  0x5a,  0x08,  0x6e,  0x08,  0x82,  0x08,
  0x96,  0x08,  0xaa,  0x08,  0xbe,  0x08,  0xd2,  0x08,  0xe7,  0x08,  0xfb,  0x09,  0x10,  0x09,  0x25,  0x09,
  0x3a,  0x09,  0x4f,  0x09,  0x64,  0x09,  0x79,  0x09,  0x8f,  0x09,  0xa4,  0x09,  0xba,  0x09,  0xcf,  0x09,
  0xe5,  0x09,  0xfb,  0x0a,  0x11,  0x0a,  0x27,  0x0a,  0x3d,  0x0a,  0x54,  0x0a,  0x6a,  0x0a,  0x81,  0x0a,
  0x98,  0x0a,  0xae,  0x0a,  0xc5,  0x0a,  0xdc,  0x0a,  0xf3,  0x0b,  0x0b,  0x0b,  0x22,  0x0b,  0x39,  0x0b,
  0x51,  0x0b,  0x69,  0x0b,  0x80,  0x0b,  0x98,  0x0b,  0xb0,  0x0b,  0xc8,  0x0b,  0xe1,  0x0b,  0xf9,  0x0c,
  0x12,  0x0c,  0x2a,  0x0c,  0x43,  0x0c,  0x5c,  0x0c,  0x75,  0x0c,  0x8e,  0x0c,  0xa7,  0x0c,  0xc0,  0x0c,
  0xd9,  0x0c,  0xf3,  0x0d,  0x0d,  0x0d,  0x26,  0x0d,  0x40,  0x0d,  0x5a,  0x0d,  0x74,  0x0d,  0x8e,  0x0d,
  0xa9,  0x0d,  0xc3,  0x0d,  0xde,  0x0d,  0xf8,  0x0e,  0x13,  0x0e,  0x2e,  0x0e,  0x49,  0x0e,  0x64,  0x0e,
  0x7f,  0x0e,  0x9b,  0x0e,  0xb6,  0x0e,  0xd2,  0x0e,  0xee,  0x0f,  0x09,  0x0f,  0x25,  0x0f,  0x41,  0x0f,
  0x5e,  0x0f,  0x7a,  0x0f,  0x96,  0x0f,  0xb3,  0x0f,  0xcf,  0x0f,  0xec,  0x10,  0x09,  0x10,  0x26,  0x10,
  0x43,  0x10,  0x61,  0x10,  0x7e,  0x10,  0x9b,  0x10,  0xb9,  0x10,  0xd7,  0x10,  0xf5,  0x11,  0x13,  0x11,
  0x31,  0x11,  0x4f,  0x11,  0x6d,  0x11,  0x8c,  0x11,  0xaa,  0x11,  0xc9,  0x11,  0xe8,  0x12,  0x07,  0x12,
  0x26,  0x12,  0x45,  0x12,  0x64,  0x12,  0x84,  0x12,  0xa3,  0x12,  0xc3,  0x12,  0xe3,  0x13,  0x03,  0x13,
  0x23,  0x13,  0x43,  0x13,  0x63,  0x13,  0x83,  0x13,  0xa4,  0x13,  0xc5,  0x13,  0xe5,  0x14,  0x06,  0x14,
  0x27,  0x14,  0x49,  0x14,  0x6a,  0x14,  0x8b,  0x14,  0xad,  0x14,  0xce,  0x14,  0xf0,  0x15,  0x12,  0x15,
  0x34,  0x15,  0x56,  0x15,  0x78,  0x15,  0x9b,  0x15,  0xbd,  0x15,  0xe0,  0x16,  0x03,  0x16,  0x26,  0x16,
  0x49,  0x16,  0x6c,  0x16,  0x8f,  0x16,  0xb2,  0x16,  0xd6,  0x16,  0xfa,  0x17,  0x1d,  0x17,  0x41,  0x17,
  0x65,  0x17,  0x89,  0x17,  0xae,  0x17,  0xd2,  0x17,  0xf7,  0x18,  0x1b,  0x18,  0x40,  0x18,  0x65,  0x18,
  0x8a,  0x18,  0xaf,  0x18,  0xd5,  0x18,  0xfa,  0x19,  0x20,  0x19,  0x45,  0x19,  0x6b,  0x19,  0x91,  0x19,
  0xb7,  0x19,  0xdd,  0x1a,  0x04,  0x1a,  0x2a,  0x1a,  0x51,  0x1a,  0x77,  0x1a,  0x9e,  0x1a,  0xc5,  0x1a,
  0xec,  0x1b,  0x14,  0x1b,  0x3b,  0x1b,  0x63,  0x1b,  0x8a,  0x1b,  0xb2,  0x1b,  0xda,  0x1c,  0x02,  0x1c,
  0x2a,  0x1c,  0x52,  0x1c,  0x7b,  0x1c,  0xa3,  0x1c,  0xcc,  0x1c,  0xf5,  0x1d,  0x1e,  0x1d,  0x47,  0x1d,
  0x70,  0x1d,  0x99,  0x1d,  0xc3,  0x1d,  0xec,  0x1e,  0x16,  0x1e,  0x40,  0x1e,  0x6a,  0x1e,  0x94,  0x1e,
  0xbe,  0x1e,  0xe9,  0x1f,  0x13,  0x1f,  0x3e,  0x1f,  0x69,  0x1f,  0x94,  0x1f,  0xbf,  0x1f,  0xea,  0x20,
  0x15,  0x20,  0x41,  0x20,  0x6c,  0x20,  0x98,  0x20,  0xc4,  0x20,  0xf0,  0x21,  0x1c,  0x21,  0x48,  0x21,
  0x75,  0x21,  0xa1,  0x21,  0xce,  0x21,  0xfb,  0x22,  0x27,  0x22,  0x55,  0x22,  0x82,  0x22,  0xaf,  0x22,
  0xdd,  0x23,  0x0a,  0x23,  0x38,  0x23,  0x66,  0x23,  0x94,  0x23,  0xc2,  0x23,  0xf0,  0x24,  0x1f,  0x24,
  0x4d,  0x24,  0x7c,  0x24,  0xab,  0x24,  0xda,  0x25,  0x09,  0x25,  0x38,  0x25,  0x68,  0x25,  0x97,  0x25,
  0xc7,  0x25,  0xf7,  0x26,  0x27,  0x26,  0x57,  0x26,  0x87,  0x26,  0xb7,  0x26,  0xe8,  0x27,  0x18,  0x27,
  0x49,  0x27,  0x7a,  0x27,  0xab,  0x27,  0xdc,  0x28,  0x0d,  0x28,  0x3f,  0x28,  0x71,  0x28,  0xa2,  0x28,
  0xd4,  0x29,  0x06,  0x29,  0x38,  0x29,  0x6b,  0x29,  0x9d,  0x29,  0xd0,  0x2a,  0x02,  0x2a,  0x35,  0x2a,
  0x68,  0x2a,  0x9b,  0x2a,  0xcf,  0x2b,  0x02,  0x2b,  0x36,  0x2b,  0x69,  0x2b,  0x9d,  0x2b,  0xd1,  0x2c,
  0x05,  0x2c,  0x39,  0x2c,  0x6e,  0x2c,  0xa2,  0x2c,  0xd7,  0x2d,  0x0c,  0x2d,  0x41,  0x2d,  0x76,  0x2d,
  0xab,  0x2d,  0xe1,  0x2e,  0x16,  0x2e,  0x4c,  0x2e,  0x82,  0x2e,  0xb7,  0x2e,  0xee,  0x2f,  0x24,  0x2f,
  0x5a,  0x2f,  0x91,  0x2f,  0xc7,  0x2f,  0xfe,  0x30,  0x35,  0x30,  0x6c,  0x30,  0xa4,  0x30,  0xdb,  0x31,
  0x12,  0x31,  0x4a,  0x31,  0x82,  0x31,  0xba,  0x31,  0xf2,  0x32,  0x2a,  0x32,  0x63,  0x32,  0x9b,  0x32,
  0xd4,  0x33,  0x0d,  0x33,  0x46,  0x33,  0x7f,  0x33,  0xb8,  0x33,  0xf1,  0x34,  0x2b,  0x34,  0x65,  0x34,
  0x9e,  0x34,  0xd8,  0x35,  0x13,  0x35,  0x4d,  0x35,  0x87,  0x35,  0xc2,  0x35,  0xfd,  0x36,  0x37,  0x36,
  0x72,  0x36,  0xae,  0x36,  0xe9,  0x37,  0x24,  0x37,  0x60,  0x37,  0x9c,  0x37,  0xd7,  0x38,  0x14,  0x38,
  0x50,  0x38,  0x8c,  0x38,  0xc8,  0x39,  0x05,  0x39,  0x42,  0x39,  0x7f,  0x39,  0xbc,  0x39,  0xf9,  0x3a,
  0x36,  0x3a,  0x74,  0x3a,  0xb2,  0x3a,  0xef,  0x3b,  0x2d,  0x3b,  0x6b,  0x3b,  0xaa,  0x3b,  0xe8,  0x3c,
  0x27,  0x3c,  0x65,  0x3c,  0xa4,  0x3c,  0xe3,  0x3d,  0x22,  0x3d,  0x61,  0x3d,  0xa1,  0x3d,  0xe0,  0x3e,
  0x20,  0x3e,  0x60,  0x3e,  0xa0,  0x3e,  0xe0,  0x3f,  0x21,  0x3f,  0x61,  0x3f,  0xa2,  0x3f,  0xe2,  0x40,
  0x23,  0x40,  0x64,  0x40,  0xa6,  0x40,  0xe7,  0x41,  0x29,  0x41,  0x6a,  0x41,  0xac,  0x41,  0xee,  0x42,
  0x30,  0x42,  0x72,  0x42,  0xb5,  0x42,  0xf7,  0x43,  0x3a,  0x43,  0x7d,  0x43,  0xc0,  0x44,  0x03,  0x44,
  0x47,  0x44,  0x8a,  0x44,  0xce,  0x45,  0x12,  0x45,  0x55,  0x45,  0x9a,  0x45,  0xde,  0x46,  0x22,  0x46,
  0x67,  0x46,  0xab,  0x46,  0xf0,  0x47,  0x35,  0x47,  0x7b,  0x47,  0xc0,  0x48,  0x05,  0x48,  0x4b,  0x48,
  0x91,  0x48,  0xd7,  0x49,  0x1d,  0x49,  0x63,  0x49,  0xa9,  0x49,  0xf0,  0x4a,  0x37,  0x4a,  0x7d,  0x4a,
  0xc4,  0x4b,  0x0c,  0x4b,  0x53,  0x4b,  0x9a,  0x4b,  0xe2,  0x4c,  0x2a,  0x4c,  0x72,  0x4c,  0xba,  0x4d,
  0x02,  0x4d,  0x4a,  0x4d,  0x93,  0x4d,  0xdc,  0x4e,  0x25,  0x4e,  0x6e,  0x4e,  0xb7,  0x4f,  0x00,  0x4f,
  0x49,  0x4f,  0x93,  0x4f,  0xdd,  0x50,  0x27,  0x50,  0x71,  0x50,  0xbb,  0x51,  0x06,  0x51,  0x50,  0x51,
  0x9b,  0x51,  0xe6,  0x52,  0x31,  0x52,  0x7c,  0x52,  0xc7,  0x53,  0x13,  0x53,  0x5f,  0x53,  0xaa,  0x53,
  0xf6,  0x54,  0x42,  0x54,  0x8f,  0x54,  0xdb,  0x55,  0x28,  0x55,  0x75,  0x55,  0xc2,  0x56,  0x0f,  0x56,
  0x5c,  0x56,  0xa9,  0x56,  0xf7,  0x57,  0x44,  0x57,  0x92,  0x57,  0xe0,  0x58,  0x2f,  0x58,  0x7d,  0x58,
  0xcb,  0x59,  0x1a,  0x59,  0x69,  0x59,  0xb8,  0x5a,  0x07,  0x5a,  0x56,  0x5a,  0xa6,  0x5a,  0xf5,  0x5b,
  0x45,  0x5b,  0x95,  0x5b,  0xe5,  0x5c,  0x35,  0x5c,  0x86,  0x5c,  0xd6,  0x5d,  0x27,  0x5d,  0x78,  0x5d,
  0xc9,  0x5e,  0x1a,  0x5e,  0x6c,  0x5e,  0xbd,  0x5f,  0x0f,  0x5f,  0x61,  0x5f,  0xb3,  0x60,  0x05,  0x60,
  0x57,  0x60,  0xaa,  0x60,  0xfc,  0x61,  0x4f,  0x61,  0xa2,  0x61,  0xf5,  0x62,  0x49,  0x62,  0x9c,  0x62,
  0xf0,  0x63,  0x43,  0x63,  0x97,  0x63,  0xeb,  0x64,  0x40,  0x64,  0x94,  0x64,  0xe9,  0x65,  0x3d,  0x65,
  0x92,  0x65,  0xe7,  0x66,  0x3d,  0x66,  0x92,  0x66,  0xe8,  0x67,  0x3d,  0x67,  0x93,  0x67,  0xe9,  0x68,
  0x3f,  0x68,  0x96,  0x68,  0xec,  0x69,  0x43,  0x69,  0x9a,  0x69,  0xf1,  0x6a,  0x48,  0x6a,  0x9f,  0x6a,
  0xf7,  0x6b,  0x4f,  0x6b,  0xa7,  0x6b,  0xff,  0x6c,  0x57,  0x6c,  0xaf,  0x6d,  0x08,  0x6d,  0x60,  0x6d,
  0xb9,  0x6e,  0x12,  0x6e,  0x6b,  0x6e,  0xc4,  0x6f,  0x1e,  0x6f,  0x78,  0x6f,  0xd1,  0x70,  0x2b,  0x70,
  0x86,  0x70,  0xe0,  0x71,  0x3a,  0x71,  0x95,  0x71,  0xf0,  0x72,  0x4b,  0x72,  0xa6,  0x73,  0x01,  0x73,
  0x5d,  0x73,  0xb8,  0x74,  0x14,  0x74,  0x70,  0x74,  0xcc,  0x75,  0x28,  0x75,  0x85,  0x75,  0xe1,  0x76,
  0x3e,  0x76,  0x9b,  0x76,  0xf8,  0x77,  0x56,  0x77,  0xb3,  0x78,  0x11,  0x78,  0x6e,  0x78,  0xcc,  0x79,
  0x2a,  0x79,  0x89,  0x79,  0xe7,  0x7a,  0x46,  0x7a,  0xa5,  0x7b,  0x04,  0x7b,  0x63,  0x7b,  0xc2,  0x7c,
  0x21,  0x7c,  0x81,  0x7c,  0xe1,  0x7d,  0x41,  0x7d,  0xa1,  0x7e,  0x01,  0x7e,  0x62,  0x7e,  0xc2,  0x7f,
  0x23,  0x7f,  0x84,  0x7f,  0xe5,  0x80,  0x47,  0x80,  0xa8,  0x81,  0x0a,  0x81,  0x6b,  0x81,  0xcd,  0x82,
  0x30,  0x82,  0x92,  0x82,  0xf4,  0x83,  0x57,  0x83,  0xba,  0x84,  0x1d,  0x84,  0x80,  0x84,  0xe3,  0x85,
  0x47,  0x85,  0xab,  0x86,  0x0e,  0x86,  0x72,  0x86,  0xd7,  0x87,  0x3b,  0x87,  0x9f,  0x88,  0x04,  0x88,
  0x69,  0x88,  0xce,  0x89,  0x33,  0x89,  0x99,  0x89,  0xfe,  0x8a,  0x64,  0x8a,  0xca,  0x8b,  0x30,  0x8b,
  0x96,  0x8b,  0xfc,  0x8c,  0x63,  0x8c,  0xca,  0x8d,  0x31,  0x8d,  0x98,  0x8d,  0xff,  0x8e,  0x66,  0x8e,
  0xce,  0x8f,  0x36,  0x8f,  0x9e,  0x90,  0x06,  0x90,  0x6e,  0x90,  0xd6,  0x91,  0x3f,  0x91,  0xa8,  0x92,
  0x11,  0x92,  0x7a,  0x92,  0xe3,  0x93,  0x4d,  0x93,  0xb6,  0x94,  0x20,  0x94,  0x8a,  0x94,  0xf4,  0x95,
  0x5f,  0x95,  0xc9,  0x96,  0x34,  0x96,  0x9f,  0x97,  0x0a,  0x97,  0x75,  0x97,  0xe0,  0x98,  0x4c,  0x98,
  0xb8,  0x99,  0x24,  0x99,  0x90,  0x99,  0xfc,  0x9a,  0x68,  0x9a,  0xd5,  0x9b,  0x42,  0x9b,  0xaf,  0x9c,
  0x1c,  0x9c,  0x89,  0x9c,  0xf7,  0x9d,  0x64,  0x9d,  0xd2,  0x9e,  0x40,  0x9e,  0xae,  0x9f,  0x1d,  0x9f,
  0x8b,  0x9f,  0xfa,  0xa0,  0x69,  0xa0,  0xd8,  0xa1,  0x47,  0xa1,  0xb6,  0xa2,  0x26,  0xa2,  0x96,  0xa3,
  0x06,  0xa3,  0x76,  0xa3,  0xe6,  0xa4,  0x56,  0xa4,  0xc7,  0xa5,  0x38,  0xa5,  0xa9,  0xa6,  0x1a,  0xa6,
  0x8b,  0xa6,  0xfd,  0xa7,  0x6e,  0xa7,  0xe0,  0xa8,  0x52,  0xa8,  0xc4,  0xa9,  0x37,  0xa9,  0xa9,  0xaa,
  0x1c,  0xaa,  0x8f,  0xab,  0x02,  0xab,  0x75,  0xab,  0xe9,  0xac,  0x5c,  0xac,  0xd0,  0xad,  0x44,  0xad,
  0xb8,  0xae,  0x2d,  0xae,  0xa1,  0xaf,  0x16,  0xaf,  0x8b,  0xb0,  0x00,  0xb0,  0x75,  0xb0,  0xea,  0xb1,
  0x60,  0xb1,  0xd6,  0xb2,  0x4b,  0xb2,  0xc2,  0xb3,  0x38,  0xb3,  0xae,  0xb4,  0x25,  0xb4,  0x9c,  0xb5,
  0x13,  0xb5,  0x8a,  0xb6,  0x01,  0xb6,  0x79,  0xb6,  0xf0,  0xb7,  0x68,  0xb7,  0xe0,  0xb8,  0x59,  0xb8,
  0xd1,  0xb9,  0x4a,  0xb9,  0xc2,  0xba,  0x3b,  0xba,  0xb5,  0xbb,  0x2e,  0xbb,  0xa7,  0xbc,  0x21,  0xbc,
  0x9b,  0xbd,  0x15,  0xbd,  0x8f,  0xbe,  0x0a,  0xbe,  0x84,  0xbe,  0xff,  0xbf,  0x7a,  0xbf,  0xf5,  0xc0,
  0x70,  0xc0,  0xec,  0xc1,  0x67,  0xc1,  0xe3,  0xc2,  0x5f,  0xc2,  0xdb,  0xc3,  0x58,  0xc3,  0xd4,  0xc4,
  0x51,  0xc4,  0xce,  0xc5,  0x4b,  0xc5,  0xc8,  0xc6,  0x46,  0xc6,  0xc3,  0xc7,  0x41,  0xc7,  0xbf,  0xc8,
  0x3d,  0xc8,  0xbc,  0xc9,  0x3a,  0xc9,  0xb9,  0xca,  0x38,  0xca,  0xb7,  0xcb,  0x36,  0xcb,  0xb6,  0xcc,
  0x35,  0xcc,  0xb5,  0xcd,  0x35,  0xcd,  0xb5,  0xce,  0x36,  0xce,  0xb6,  0xcf,  0x37,  0xcf,  0xb8,  0xd0,
  0x39,  0xd0,  0xba,  0xd1,  0x3c,  0xd1,  0xbe,  0xd2,  0x3f,  0xd2,  0xc1,  0xd3,  0x44,  0xd3,  0xc6,  0xd4,
  0x49,  0xd4,  0xcb,  0xd5,  0x4e,  0xd5,  0xd1,  0xd6,  0x55,  0xd6,  0xd8,  0xd7,  0x5c,  0xd7,  0xe0,  0xd8,
  0x64,  0xd8,  0xe8,  0xd9,  0x6c,  0xd9,  0xf1,  0xda,  0x76,  0xda,  0xfb,  0xdb,  0x80,  0xdc,  0x05,  0xdc,
  0x8a,  0xdd,  0x10,  0xdd,  0x96,  0xde,  0x1c,  0xde,  0xa2,  0xdf,  0x29,  0xdf,  0xaf,  0xe0,  0x36,  0xe0,
  0xbd,  0xe1,  0x44,  0xe1,  0xcc,  0xe2,  0x53,  0xe2,  0xdb,  0xe3,  0x63,  0xe3,  0xeb,  0xe4,  0x73,  0xe4,
  0xfc,  0xe5,  0x84,  0xe6,  0x0d,  0xe6,  0x96,  0xe7,  0x1f,  0xe7,  0xa9,  0xe8,  0x32,  0xe8,  0xbc,  0xe9,
  0x46,  0xe9,  0xd0,  0xea,  0x5b,  0xea,  0xe5,  0xeb,  0x70,  0xeb,  0xfb,  0xec,  0x86,  0xed,  0x11,  0xed,
  0x9c,  0xee,  0x28,  0xee,  0xb4,  0xef,  0x40,  0xef,  0xcc,  0xf0,  0x58,  0xf0,  0xe5,  0xf1,  0x72,  0xf1,
  0xff,  0xf2,  0x8c,  0xf3,  0x19,  0xf3,  0xa7,  0xf4,  0x34,  0xf4,  0xc2,  0xf5,  0x50,  0xf5,  0xde,  0xf6,
  0x6d,  0xf6,  0xfb,  0xf7,  0x8a,  0xf8,  0x19,  0xf8,  0xa8,  0xf9,  0x38,  0xf9,  0xc7,  0xfa,  0x57,  0xfa,
  0xe7,  0xfb,  0x77,  0xfc,  0x07,  0xfc,  0x98,  0xfd,  0x29,  0xfd,  0xba,  0xfe,  0x4b,  0xfe,  0xdc,  0xff,
  0x6d,  0xff,  0xff,  0xff,  0xc0,  0x00,  0x11,  0x08,  0x01,  0x00,  0x01,  0x00,  0x03,  0x01,  0x11,  0x00,
  0x02,  0x11,  0x01,  0x03,  0x11,  0x01,  0xff,  0xdb,  0x00,  0x84,  0x00,  0x06,  0x04,  0x05,  0x06,  0x05,
  0x04,  0x06,  0x06,  0x05,  0x06,  0x07,  0x07,  0x06,  0x08,  0x0a,  0x11,  0x0b,  0x0a,  0x09,  0x09,  0x0a,
  0x15,  0x0f,  0x10,  0x0c,  0x11,  0x19,  0x16,  0x1a,  0x1a,  0x18,  0x16,  0x18,  0x17,  0x1b,  0x1f,  0x28,
  0x21,  0x1b,  0x1d,  0x25,  0x1e,  0x17,  0x18,  0x22,  0x2f,  0x23,  0x25,  0x29,  0x2a,  0x2c,  0x2d,  0x2c,
  0x1b,  0x21,  0x31,  0x34,  0x30,  0x2b,  0x34,  0x28,  0x2b,  0x2c,  0x2b,  0x01,  0x07,  0x07,  0x07,  0x0a,
  0x09,  0x0a,  0x14,  0x0b,  0x0b,  0x14,  0x2b,  0x1c,  0x18,  0x1c,  0x1c,  0x2b,  0x2b,  0x2b,  0x2b,  0x2b,
  0x2b,  0x2b,  0x2b,  0x2b,  0x2b,  0x2b,  0x2b,  0x2b,  0x2b,  0x2b,  0x2b,  0x2b,  0x2b,  0x2b,  0x2b,  0x2b,
  0x2b,  0x2b,  0x2b,  0x2b,  0x2b,  0x2b,  0x2b,  0x2b,  0x2b,  0x2b,  0x2b,  0x2b,  0x2b,  0x2b,  0x2b,  0x2b,
  0x2b,  0x2b,  0x2b,  0x2b,  0x2b,  0x2b,  0x2b,  0x2b,  0x2b,  0x2b,  0x2b,  0x2b,  0xff,  0xc4,  0x01,  0xa2,
  0x00,  0x00,  0x01,  0x05,  0x01,  0x01,  0x01,  0x01,  0x01,  0x01,  0x00,  0x00,  0x00,  0x00,  0x00,  0x00,
  0x00,  0x00,  0x01,  0x02,  0x03,  0x04,  0x05,  0x06,  0x07,  0x08,  0x09,  0x0a,  0x0b,  0x10,  0x00,  0x02,
  0x01,  0x03,  0x03,  0x02,  0x04,  0x03,  0x05,  0x05,  0x04,  0x04,  0x00,  0x00,  0x01,  0x7d,  0x01,  0x02,
  0x03,  0x00,  0x04,  0x11,  0x05,  0x12,  0x21,  0x31,  0x41,  0x06,  0x13,  0x51,  0x61,  0x07,  0x22,  0x71,
  0x14,  0x32,  0x81,  0x91,  0xa1,  0x08,  0x23,  0x42,  0xb1,  0xc1,  0x15,  0x52,  0xd1,  0xf0,  0x24,  0x33,
  0x62,  0x72,  0x82,  0x09,  0x0a,  0x16,  0x17,  0x18,  0x19,  0x1a,  0x25,  0x26,  0x27,  0x28,  0x29,  0x2a,
  0x34,  0x35,  0x36,  0x37,  0x38,  0x39,  0x3a,  0x43,  0x44,  0x45,  0x46,  0x47,  0x48,  0x49,  0x4a,  0x53,
  0x54,  0x55,  0x56,  0x57,  0x58,  0x59,  0x5a,  0x63,  0x64,  0x65,  0x66,  0x67,  0x68,  0x69,  0x6a,  0x73,
  0x74,  0x75,  0x76,  0x77,  0x78,  0x79,  0x7a,  0x83,  0x84,  0x85,  0x86,  0x87,  0x88,  0x89,  0x8a,  0x92,
  0x93,  0x94,  0x95,  0x96,  0x97,  0x98,  0x99,  0x9a,  0xa2,  0xa3,  0xa4,  0xa5,  0xa6,  0xa7,  0xa8,  0xa9,
  0xaa,  0xb2,  0xb3,  0xb4,  0xb5,  0xb6,  0xb7,  0xb8,  0xb9,  0xba,  0xc2,  0xc3,  0xc4,  0xc5,  0xc6,  0xc7,
  0xc8,  0xc9,  0xca,  0xd2,  0xd3,  0xd4,  0xd5,  0xd6,  0xd7,  0xd8,  0xd9,  0xda,  0xe1,  0xe2,  0xe3,  0xe4,
  0xe5,  0xe6,  0xe7,  0xe8,  0xe9,  0xea,  0xf1,  0xf2,  0xf3,  0xf4,  0xf5,  0xf6,  0xf7,  0xf8,  0xf9,  0xfa,
  0x01,  0x00,  0x03,  0x01,  0x01,  0x01,  0x01,  0x01,  0x01,  0x01,  0x01,  0x01,  0x00,  0x00,  0x00,  0x00,
  0x00,  0x00,  0x01,  0x02,  0x03,  0x04,  0x05,  0x06,  0x07,  0x08,  0x09,  0x0a,  0x0b,  0x11,  0x00,  0x02,
  0x01,  0x02,  0x04,  0x04,  0x03,  0x04,  0x07,  0x05,  0x04,  0x04,  0x00,  0x01,  0x02,  0x77,  0x00,  0x01,
  0x02,  0x03,  0x11,  0x04,  0x05,  0x21,  0x31,  0x06,  0x12,  0x41,  0x51,  0x07,  0x61,  0x71,  0x13,  0x22,
  0x32,  0x81,  0x08,  0x14,  0x42,  0x91,  0xa1,  0xb1,  0xc1,  0x09,  0x23,  0x33,  0x52,  0xf0,  0x15,  0x62,
  0x72,  0xd1,  0x0a,  0x16,  0x24,  0x34,  0xe1,  0x25,  0xf1,  0x17,  0x18,  0x19,  0x1a,  0x26,  0x27,  0x28,
  0x29,  0x2a,  0x35,  0x36,  0x37,  0x38,  0x39,  0x3a,  0x43,  0x44,  0x45,  0x46,  0x47,  0x48,  0x49,  0x4a,
  0x53,  0x54,  0x55,  0x56,  0x57,  0x58,  0x59,  0x5a,  0x63,  0x64,  0x65,  0x66,  0x67,  0x68,  0x69,  0x6a,
  0x73,  0x74,  0x75,  0x76,  0x77,  0x78,  0x79,  0x7a,  0x82,  0x83,  0x84,  0x85,  0x86,  0x87,  0x88,  0x89,
  0x8a,  0x92,  0x93,  0x94,  0x95,  0x96,  0x97,  0x98,  0x99,  0x9a,  0xa2,  0xa3,  0xa4,  0xa5,  0xa6,  0xa7,
  0xa8,  0xa9,  0xaa,  0xb2,  0xb3,  0xb4,  0xb5,  0xb6,  0xb7,  0xb8,  0xb9,  0xba,  0xc2,  0xc3,  0xc4,  0xc5,
  0xc6,  0xc7,  0xc8,  0xc9,  0xca,  0xd2,  0xd3,  0xd4,  0xd5,  0xd6,  0xd7,  0xd8,  0xd9,  0xda,  0xe2,  0xe3,
  0xe4,  0xe5,  0xe6,  0xe7,  0xe8,  0xe9,  0xea,  0xf2,  0xf3,  0xf4,  0xf5,  0xf6,  0xf7,  0xf8,  0xf9,  0xfa,
  0xff,  0xda,  0x00,  0x0c,  0x03,  0x01,  0x00,  0x02,  0x11,  0x03,  0x11,  0x00,  0x3f,  0x00,  0xf7,  0xb5,
  0xce,  0x26,  0xc7,  0x5c,  0xbd,  0x79,  0xa8,  0xeb,  0x00,  0x33,  0x25,  0xbe,  0xee,  0xbb,  0x17,  0xff,
  0x00,  0x65,  0xa4,  0x02,  0xc0,  0x7e,  0x60,  0xdd,  0x84,  0x80,  0x7e,  0xb4,  0x80,  0x62,  0x83,  0xfb,
  0xa5,  0x6f,  0xba,  0x60,  0xc8,  0xfc,  0xd6,  0xa8,  0x04,  0x93,  0x2c,  0x10,  0x0e,  0xa0,  0xb7,  0xf3,
  0xa6,  0x03,  0x8e,  0x3c,  0xd2,  0x47,  0xdd,  0xf3,  0x46,  0x7e,  0xb4,  0x00,  0xd2,  0x70,  0x67,  0xfc,
  0x7f,  0xf4,  0x0a,  0x00,  0x9a,  0x56,  0xf9,  0x5f,  0xfe,  0xb9,  0xb7,  0xf3,  0x6a,  0x90,  0x11,  0x7e,
  0xf9,  0xfa,  0x9f,  0xfd,  0x9e,  0x90,  0x09,  0x17,  0xdd,  0x6e,  0x33,  0xed,  0xff,  0x00,  0x03,  0x14,
  0xc0,  0x90,  0x76,  0xfd,  0xdf,  0x6f,  0xf0,  0xa0,  0x04,  0x6f,  0xe2,  0xf9,  0x36,  0xfc,  0xa3,  0x9f,
  0xf8,  0x12,  0xd0,  0x04,  0x63,  0xfd,  0x43,  0xff,  0x00,  0xbc,  0xdf,  0xc9,  0xa8,  0x01,  0x49,  0xc0,
  0x9b,  0xeb,  0xff,  0x00,  0xb3,  0x35,  0x08,  0x05,  0x99,  0xb3,  0x2c,  0x9f,  0x5f,  0xea,  0xf4,  0xd0,
  0x11,  0xc7,  0x9d,  0x90,  0x63,  0xef,  0x6d,  0x3f,  0xca,  0x98,  0x04,  0x99,  0xd9,  0x3e,  0x7e,  0xf6,
  0xd1,  0xfc,  0xa8,  0x02,  0x48,  0x5b,  0x12,  0xc7,  0xf5,  0xfe,  0xa9,  0x49,  0x80,  0x80,  0xe4,  0x43,
  0xf5,  0xff,  0x00,  0xd9,  0x96,  0x93,  0x01,  0x0f,  0xfa,  0x84,  0xff,  0x00,  0x79,  0x7f,  0x92,  0xd0,
  0x04,  0x8b,  0xfc,  0x3f,  0x26,  0xef,  0x94,  0xf3,  0xff,  0x00,  0x02,  0x6a,  0x00,  0x53,  0xdf,  0xf7,
  0x7d,  0xbf,  0xc6,  0x80,  0x23,  0x97,  0xee,  0xaf,  0x18,  0xf6,  0xff,  0x00,  0x81,  0x9a,  0x00,  0x56,
  0xfb,  0xe3,  0xea,  0x3f,  0xf6,  0x4a,  0x40,  0x2c,  0x4d,  0xf2,  0xa7,  0xfd,  0x73,  0x5f,  0xe6,  0xb4,
  0xc0,  0x84,  0x1c,  0x98,  0x3f,  0x0f,  0xfd,  0x02,  0xa8,  0x07,  0x0c,  0x79,  0xa0,  0x9f,  0xbb,  0xe6,
  0x9c,  0x7d,  0x68,  0x01,  0xb1,  0xe5,  0x43,  0x83,  0xd4,  0x95,  0xfe,  0x74,  0x00,  0xac,  0x0f,  0xef,
  0x55,  0x7e,  0xe8,  0x83,  0x27,  0xf3,  0x6a,  0x40,  0x3e,  0x73,  0xf3,  0x16,  0xec,  0x64,  0x23,  0xf5,
  0xa9,  0x01,  0x08,  0xc4,  0x97,  0x1b,  0x7a,  0xec,  0x6f,  0xfd,  0x9a,  0x98,  0x03,  0x67,  0x10,  0xe7,
  0xae,  0x56,  0x9b,  0x01,  0x9d,  0xe5,  0xfa,  0xbd,  0x08,  0x07,  0x7f,  0xcb,  0x38,  0xf8,  0xcf,  0xee,
  0xc7,  0xfe,  0x87,  0x48,  0x04,  0x18,  0xdc,  0xf9,  0x38,  0x1e,  0x78,  0xe3,  0xf2,  0xa4,  0x02,  0xf7,
  0x87,  0x6f,  0x4f,  0x2f,  0xfc,  0x2a,  0x80,  0x6b,  0x74,  0x3f,  0xee,  0xff,  0x00,  0xec,  0xc2,  0x98,
  0x0f,  0xc1,  0x32,  0xc8,  0x07,  0x5f,  0x31,  0x3f,  0x98,  0xa0,  0x06,  0x29,  0xf9,  0x59,  0x9b,  0xa8,
  0x55,  0x1f,  0xf8,  0xe1,  0xa0,  0x09,  0xa4,  0xff,  0x00,  0x52,  0xff,  0x00,  0xee,  0x1f,  0xfd,  0x9a,
  0xa4,  0x04,  0x7f,  0xf5,  0xaf,  0xeb,  0x97,  0xfe,  0x6f,  0x48,  0x06,  0xae,  0xed,  0x8f,  0xf5,  0x3f,
  0xfa,  0x15,  0x30,  0x1c,  0x3b,  0x7e,  0x1f,  0xd2,  0x80,  0x11,  0x73,  0x93,  0x8e,  0x9b,  0x7f,  0xc2,
  0x80,  0x1b,  0xcf,  0x94,  0xf9,  0xf5,  0x3f,  0xfb,  0x35,  0x00,  0x49,  0xff,  0x00,  0x3d,  0x3e,  0x87,
  0xff,  0x00,  0x42,  0x7a,  0x10,  0x09,  0x36,  0x19,  0xe5,  0x1e,  0xb9,  0x3f,  0xfa,  0x15,  0x34,  0x04,
  0x63,  0x24,  0x64,  0xf4,  0x28,  0x7f,  0xf4,  0x15,  0xa6,  0x00,  0x72,  0x06,  0x47,  0x40,  0x83,  0xff,
  0x00,  0x41,  0x6a,  0x00,  0x92,  0x1c,  0x2b,  0xc4,  0x3d,  0x30,  0x7f,  0xf4,  0x1a,  0x4c,  0x05,  0xff,
  0x00,  0x9e,  0x7f,  0x41,  0xff,  0x00,  0xa1,  0x25,  0x26,  0x04,  0x7c,  0xf9,  0x49,  0x8f,  0x51,  0xff,
  0x00,  0xb2,  0xd0,  0x03,  0x9b,  0x39,  0x19,  0xe9,  0xb7,  0xfc,  0x68,  0x01,  0x4f,  0x7f,  0xc7,  0xfa,
  0xd0,  0x03,  0x5b,  0x76,  0xc4,  0xfa,  0x8f,  0xfd,  0x0a,  0x80,  0x1c,  0x9f,  0xeb,  0x53,  0xd7,  0x29,
  0xfc,  0xd2,  0x90,  0x0b,  0x1f,  0xfa,  0x94,  0xff,  0x00,  0x70,  0x7f,  0xec,  0xb4,  0xc0,  0x85,  0x8f,
  0xca,  0xac,  0xbd,  0x4a,  0xb0,  0xff,  0x00,  0xc7,  0x05,  0x50,  0x0f,  0xc1,  0x12,  0xc6,  0x0f,  0x5f,
  0x31,  0xff,  0x00,  0x99,  0xa0,  0x06,  0x2f,  0x41,  0xfe,  0xef,  0xfe,  0xcc,  0x68,  0x01,  0xc3,  0xac,
  0xdb,  0xba,  0x79,  0x7f,  0xe3,  0x48,  0x04,  0x38,  0xdc,  0x98,  0x39,  0x1e,  0x79,  0xe3,  0xf3,  0xa9,
  0x01,  0x7f,  0xe5,  0x9c,  0x9c,  0x63,  0xf7,  0x67,  0xff,  0x00,  0x43,  0xa6,  0x03,  0x7b,  0xc5,  0xf5,
  0x4a,  0x6c,  0x04,  0x97,  0xfd,  0x5c,  0xdf,  0x57,  0xa4,  0x03,  0x86,  0x7c,  0xde,  0x3a,  0xf9,  0x63,
  0xff,  0x00,  0x42,  0xa0,  0x00,  0x7f,  0xad,  0x6c,  0x7d,  0xed,  0xeb,  0x9a,  0x00,  0x55,  0xe1,  0xe3,
  0x5e,  0xc9,  0x1e,  0x69,  0x80,  0xcd,  0xc3,  0x66,  0xd3,  0xd0,  0xa8,  0x3f,  0xad,  0x30,  0x0e,  0x4b,
  0xca,  0x4f,  0xde,  0x69,  0xd7,  0x1f,  0x4a,  0x90,  0x1d,  0x1f,  0xde,  0x97,  0xe9,  0xff,  0x00,  0xb4,
  0xcd,  0x20,  0x25,  0x9b,  0xfd,  0x5b,  0x7f,  0xb8,  0xdf,  0xcc,  0xd3,  0x01,  0xaf,  0xf7,  0xdb,  0xd3,
  0x2d,  0xfc,  0xde,  0x80,  0x05,  0xdb,  0x93,  0xf5,  0x3f,  0xce,  0x98,  0x0a,  0x3f,  0xc3,  0xfa,  0x53,
  0x00,  0xe3,  0x1c,  0xfa,  0x0f,  0xe9,  0x40,  0x11,  0xb6,  0x3c,  0xb6,  0xc7,  0xbf,  0xf2,  0x6a,  0x96,
  0x04,  0x87,  0xef,  0x49,  0xf8,  0xff,  0x00,  0xe8,  0x4d,  0x40,  0x0b,  0x2f,  0x59,  0x3f,  0xde,  0x3f,
  0xc9,  0xe8,  0x02,  0x08,  0xb0,  0x7c,  0x9c,  0xfd,  0xd3,  0x19,  0x1f,  0xf8,  0xe8,  0xa1,  0x00,  0x4b,
  0x81,  0xe7,  0x63,  0xee,  0x88,  0xc0,  0xff,  0x00,  0xc7,  0x4d,  0x0c,  0x09,  0xe2,  0xeb,  0x1f,  0xfb,
  0xc3,  0xf9,  0x25,  0x00,  0x20,  0xfb,  0xd1,  0xfe,  0x1f,  0xfa,  0x12,  0xd0,  0x04,  0x6b,  0x8f,  0x2d,
  0x73,  0xed,  0xfc,  0x96,  0x84,  0x04,  0x9c,  0x63,  0x8f,  0x43,  0xfd,  0x6a,  0x80,  0x0f,  0xf8,  0xff,
  0x00,  0x5a,  0x00,  0x46,  0xdb,  0x91,  0xf5,  0x1f,  0xce,  0x90,  0x02,  0x7d,  0xf5,  0xf4,  0xca,  0xff,
  0x00,  0x34,  0xa4,  0x03,  0xa1,  0xff,  0x00,  0x56,  0xbf,  0xee,  0x2f,  0xf3,  0x14,  0x01,  0x14,  0x9f,
  0x7a,  0x2f,  0xa7,  0xfe,  0xd3,  0x14,  0x80,  0x6f,  0x21,  0xe2,  0x23,  0xef,  0x2c,  0xed,  0x9f,  0xa5,
  0x30,  0x0d,  0xc3,  0x66,  0xd1,  0xd0,  0x29,  0x3f,  0xad,  0x50,  0x0f,  0x6e,  0x5e,  0x45,  0xec,  0xf1,
  0xe6,  0x90,  0x08,  0x7f,  0xd6,  0xae,  0x7e,  0xf6,  0xf6,  0xc5,  0x20,  0x03,  0x9f,  0x37,  0x9e,  0xbe,
  0x59,  0xff,  0x00,  0xd0,  0xa8,  0x01,  0xb1,  0x7f,  0xab,  0x87,  0xea,  0x94,  0x00,  0xaf,  0xd2,  0x4f,
  0xab,  0x7f,  0x4a,  0x00,  0x44,  0xfb,  0xcd,  0xfe,  0xe2,  0xff,  0x00,  0x31,  0x40,  0x0f,  0x1c,  0x48,
  0x4f,  0xfb,  0x6b,  0xfc,  0xe8,  0x01,  0x00,  0xda,  0x21,  0x6f,  0x58,  0x47,  0xf3,  0x14,  0xc0,  0x24,
  0xfb,  0xb2,  0x8f,  0x66,  0xa6,  0x03,  0x5f,  0xfe,  0x5a,  0xff,  0x00,  0xd7,  0x45,  0xfe,  0x4b,  0x52,
  0x00,  0x3f,  0xd7,  0x4d,  0xf4,  0x1f,  0xfa,  0x2c,  0xd2,  0x02,  0x42,  0x70,  0x5c,  0x9e,  0x9b,  0x5b,
  0xf9,  0x9a,  0x60,  0x34,  0x82,  0x92,  0xb1,  0x3f,  0x74,  0x39,  0xc7,  0xe3,  0xbe,  0x80,  0x25,  0xce,
  0x22,  0x90,  0x9e,  0xa2,  0x43,  0xfd,  0x69,  0x80,  0x85,  0x71,  0xbf,  0xdb,  0x0d,  0xfc,  0xa9,  0x80,
  0xe8,  0x86,  0xd7,  0x55,  0xff,  0x00,  0x64,  0x1f,  0xfc,  0x74,  0xd0,  0x04,  0x0e,  0x49,  0x89,  0x40,
  0xfb,  0xdf,  0x33,  0x0f,  0xc0,  0x35,  0x4b,  0x01,  0xdf,  0x76,  0x27,  0x53,  0xf7,  0xb9,  0x27,  0xfe,
  0xfa,  0x34,  0x00,  0x4d,  0xf7,  0x5f,  0xea,  0x7f,  0x93,  0xd0,  0x03,  0x61,  0xfb,  0xf0,  0xff,  0x00,
  0xd7,  0x21,  0xfc,  0x85,  0x08,  0x02,  0x6f,  0xbf,  0x37,  0xfd,  0x72,  0x3f,  0xc8,  0xd0,  0xc0,  0x74,
  0x3f,  0x75,  0x3e,  0xa3,  0xf9,  0x25,  0x00,  0x1f,  0x7a,  0x24,  0x51,  0xf7,  0xb8,  0x23,  0xfe,  0xfa,
  0x14,  0x00,  0xd4,  0x24,  0x44,  0xc0,  0xfd,  0xef,  0x95,  0x8f,  0xe2,  0x16,  0x84,  0x04,  0xf2,  0x8d,
  0xce,  0xca,  0x3f,  0xba,  0x4f,  0xfe,  0x3a,  0x2a,  0x80,  0x68,  0x5c,  0xec,  0xf7,  0xcb,  0x7f,  0x3a,
  0x00,  0x5c,  0xe6,  0x28,  0xc8,  0xea,  0x64,  0x1f,  0xd2,  0x90,  0x11,  0x00,  0x5e,  0x55,  0x23,  0xee,
  0x97,  0x19,  0xfc,  0x36,  0x52,  0x01,  0xc0,  0xe4,  0xa1,  0x1d,  0x36,  0xaf,  0xf3,  0x14,  0x01,  0x19,
  0xff,  0x00,  0x5d,  0x0f,  0xd0,  0xff,  0x00,  0xe8,  0xb1,  0x48,  0x01,  0x3f,  0xe5,  0x97,  0xfd,  0x74,
  0x6f,  0xe4,  0xd4,  0xc0,  0x74,  0x7f,  0x76,  0x21,  0xec,  0xb5,  0x40,  0x04,  0x6e,  0x13,  0x37,  0xa4,
  0x27,  0xf9,  0x9a,  0x40,  0x29,  0xe6,  0x40,  0x7f,  0xdb,  0x6f,  0xe7,  0x48,  0x06,  0x3f,  0xde,  0x5f,
  0xf7,  0x1b,  0xf9,  0x9a,  0x00,  0x54,  0xe9,  0x1f,  0xd5,  0x7f,  0xad,  0x00,  0x3a,  0x6c,  0xf9,  0x72,
  0xe3,  0xae,  0x5f,  0xfa,  0xd0,  0x03,  0x5b,  0x1e,  0x6c,  0x78,  0xeb,  0xb1,  0x73,  0xf9,  0xd0,  0x02,
  0xc7,  0x9d,  0xcf,  0x9f,  0xbf,  0xbd,  0x71,  0xf4,  0xcd,  0x00,  0x29,  0x3b,  0xbc,  0x91,  0xe9,  0x17,
  0xfe,  0xcd,  0x4c,  0x01,  0xfe,  0xe3,  0x1f,  0x63,  0xfc,  0xc5,  0x30,  0x03,  0xfe,  0xb1,  0xff,  0x00,
  0xdf,  0xfe,  0x95,  0x20,  0x47,  0xfc,  0x4d,  0xfe,  0xe0,  0xff,  0x00,  0xd0,  0x4d,  0x20,  0x25,  0x7f,
  0xb9,  0x2f,  0xfb,  0xaf,  0xfc,  0xcd,  0x30,  0x08,  0xff,  0x00,  0xd6,  0x7e,  0x27,  0xff,  0x00,  0x66,
  0xa0,  0x07,  0xa0,  0xdd,  0x0b,  0xaf,  0xac,  0x87,  0xf9,  0x50,  0x00,  0xe9,  0x8f,  0x33,  0xfd,  0x9c,
  0x0a,  0x00,  0x7c,  0x29,  0xb6,  0x48,  0xdb,  0xfb,  0xc3,  0xfa,  0x50,  0x05,  0x75,  0xff,  0x00,  0x8f,
  0x51,  0xf8,  0xff,  0x00,  0x26,  0xa0,  0x05,  0x5f,  0xf9,  0x6b,  0xf4,  0x1f,  0xfa,  0x11,  0xa0,  0x06,
  0xcd,  0xf7,  0x5f,  0xea,  0x7f,  0xf6,  0x7a,  0x00,  0x55,  0xfe,  0x1f,  0xa0,  0xff,  0x00,  0xd0,  0x45,
  0x08,  0x01,  0xbf,  0x8b,  0xe8,  0x7f,  0xf4,  0x13,  0x43,  0x01,  0x21,  0xfb,  0xa9,  0xf5,  0x1f,  0xfb,
  0x25,  0x00,  0x39,  0xbf,  0xe5,  0x97,  0xd0,  0xff,  0x00,  0xe8,  0x42,  0x80,  0x11,  0xbf,  0xe3,  0xd4,
  0xfe,  0x1f,  0xc9,  0x68,  0x02,  0xc4,  0xc9,  0xba,  0x49,  0x1b,  0xfb,  0xa3,  0xfa,  0x50,  0x03,  0x11,
  0x33,  0xe5,  0xff,  0x00,  0xb5,  0x91,  0x40,  0x03,  0x8d,  0xb0,  0xa2,  0xfa,  0x48,  0x3f,  0x95,  0x00,
  0x32,  0x4f,  0xf5,  0x9f,  0x88,  0xff,  0x00,  0xd9,  0x68,  0x00,  0x4f,  0xb9,  0x17,  0xfb,  0xa9,  0xfc,
  0xc5,  0x00,  0x45,  0xfc,  0x4b,  0xfe,  0xe1,  0xff,  0x00,  0xd0,  0x45,  0x20,  0x24,  0x1f,  0xeb,  0x13,
  0xfd,  0xff,  0x00,  0xe9,  0x4c,  0x01,  0x3e,  0xe2,  0x9f,  0x61,  0xfc,  0xcd,  0x50,  0x00,  0x3b,  0x7c,
  0xe1,  0xeb,  0x17,  0xfe,  0xcd,  0x48,  0x04,  0x93,  0x3b,  0x93,  0x1f,  0x7f,  0x7b,  0x67,  0xe9,  0x9a,
  0x40,  0x22,  0xe3,  0xcd,  0x93,  0x3d,  0x76,  0x36,  0x3f,  0x3a,  0x00,  0x74,  0x39,  0xf2,  0xe2,  0xcf,
  0x5c,  0xa7,  0xf4,  0xa0,  0x04,  0x97,  0xee,  0x49,  0xe9,  0xe5,  0xb7,  0xf3,  0xa0,  0x07,  0x49,  0xb7,
  0xcd,  0x4f,  0xf7,  0x07,  0xfe,  0x85,  0x40,  0x0d,  0x4f,  0xbd,  0x21,  0xeb,  0xf3,  0xaf,  0x1e,  0x9c,
  0xd0,  0x02,  0x9f,  0x90,  0x44,  0x9e,  0xb1,  0x67,  0x3f,  0xf0,  0x2a,  0x60,  0x12,  0x64,  0xc6,  0xf8,
  0xeb,  0x83,  0xfc,  0xc5,  0x30,  0x01,  0x8d,  0xd2,  0x7f,  0x77,  0x77,  0x3f,  0x5e,  0x2a,  0x40,  0x1b,
  0xef,  0xcf,  0xf5,  0xff,  0x00,  0xd9,  0x5a,  0x90,  0x0b,  0xfc,  0x2d,  0xfe,  0xe9,  0xfe,  0xb4,  0xc0,
  0x55,  0xfb,  0xc7,  0xfd,  0xf3,  0xff,  0x00,  0xb3,  0x50,  0x02,  0x0f,  0xba,  0x7f,  0xdf,  0xff,  0x00,
  0xd9,  0x45,  0x00,  0x4b,  0x27,  0xfc,  0xb5,  0xfa,  0xaf,  0xf4,  0xa0,  0x04,  0x1f,  0x7e,  0x0f,  0xa0,
  0xa0,  0x08,  0xa3,  0xff,  0x00,  0x50,  0x9f,  0x4f,  0xfd,  0x94,  0xd0,  0x02,  0xff,  0x00,  0x03,  0xfe,
  0x3f,  0xcd,  0xa8,  0x01,  0x1b,  0xac,  0x9f,  0x8f,  0xf2,  0x6a,  0x00,  0x54,  0xce,  0xc8,  0xf1,  0xf7,
  0xb6,  0x50,  0x80,  0x1f,  0x3b,  0x24,  0xcf,  0xde,  0xd9,  0x43,  0x01,  0x17,  0xac,  0x7f,  0x87,  0xf2,
  0x5a,  0x00,  0x5f,  0xe0,  0x4f,  0xc3,  0xf9,  0xad,  0x00,  0x24,  0x9f,  0xea,  0x1f,  0xe9,  0xff,  0x00,
  0xb2,  0x8a,  0x00,  0x94,  0xfd,  0xf9,  0xfe,  0x86,  0x80,  0x16,  0x3f,  0xf9,  0x65,  0xf5,  0x6f,  0xeb,
  0x40,  0x11,  0x1f,  0xba,  0x3f,  0xdf,  0xff,  0x00,  0xd9,  0x4d,  0x00,  0x2b,  0x7d,  0xe1,  0xfe,  0xf8,
  0xff,  0x00,  0xd9,  0x68,  0x01,  0x3f,  0x85,  0x7f,  0xdd,  0x1f,  0xd2,  0x80,  0x11,  0x7e,  0xfc,  0x1f,
  0x5f,  0xfd,  0x95,  0x69,  0x00,  0x1c,  0x6e,  0x8f,  0xfb,  0xbb,  0xb8,  0xfa,  0xf3,  0x4c,  0x02,  0x3c,
  0x88,  0xd3,  0x3d,  0x70,  0x3f,  0x9d,  0x50,  0x00,  0xf9,  0xc4,  0xa9,  0xe9,  0x16,  0x73,  0xff,  0x00,
  0x02,  0xa4,  0x02,  0x3f,  0xde,  0x8c,  0xf4,  0xf9,  0xdb,  0x8f,  0x5e,  0x69,  0x00,  0xe8,  0xf6,  0xf9,
  0xaf,  0xfe,  0xe1,  0xff,  0x00,  0xd0,  0xa8,  0x01,  0xb1,  0x7d,  0xc8,  0xfd,  0x3c,  0xb5,  0xfe,  0x74,
  0x00,  0xe9,  0x3e,  0xe4,  0xbf,  0xef,  0x3f,  0xf5,  0xaa,  0x00,  0x1b,  0xb3,  0x1f,  0xfd,  0x71,  0x1f,
  0xfa,  0x18,  0xa9,  0x01,  0x22,  0xff,  0x00,  0x5c,  0xd8,  0xff,  0x00,  0x9e,  0xab,  0x8f,  0xce,  0x90,
  0x0c,  0x5f,  0xbb,  0x07,  0xfd,  0x70,  0x3f,  0xcc,  0x55,  0x01,  0x24,  0xbf,  0xc5,  0xfe,  0xe9,  0xa6,
  0x02,  0x38,  0x25,  0xe4,  0x03,  0xae,  0xea,  0x00,  0x49,  0x37,  0x2b,  0x5c,  0x07,  0xfb,  0xf9,  0xe3,
  0xfe,  0xf9,  0x6a,  0x00,  0x7c,  0xfd,  0x67,  0xff,  0x00,  0x70,  0xff,  0x00,  0x33,  0x52,  0x03,  0x87,
  0x13,  0xff,  0x00,  0xc0,  0xdb,  0xf9,  0xbd,  0x20,  0x23,  0x47,  0xd9,  0x09,  0x3f,  0xde,  0x60,  0x3f,
  0x95,  0x30,  0x14,  0xff,  0x00,  0x1f,  0xd5,  0x7f,  0xf6,  0x4a,  0x00,  0x58,  0x5f,  0x0d,  0x1a,  0xff,
  0x00,  0x79,  0x07,  0xf2,  0x5a,  0x00,  0x62,  0xff,  0x00,  0xc7,  0xb6,  0x3d,  0xcf,  0xfe,  0x82,  0x68,
  0x01,  0xd2,  0x74,  0x97,  0xfd,  0xd6,  0xff,  0x00,  0xd0,  0xda,  0x84,  0x02,  0xc8,  0x70,  0x5b,  0x3d,
  0x36,  0x9f,  0xcf,  0x0f,  0x4d,  0x00,  0xdc,  0x38,  0x48,  0xcb,  0xff,  0x00,  0x73,  0x8a,  0x60,  0x18,
  0x72,  0x92,  0x14,  0xfe,  0xe7,  0x34,  0x00,  0xe8,  0xce,  0x4a,  0xe3,  0xa6,  0xd1,  0xf9,  0xe1,  0x29,
  0x30,  0x12,  0x3e,  0x91,  0x7f,  0xba,  0xbf,  0xfa,  0x1a,  0xd2,  0x60,  0x35,  0xbf,  0xe3,  0xdb,  0x1e,
  0xe3,  0xff,  0x00,  0x41,  0x14,  0x00,  0xf9,  0x9f,  0x2d,  0x22,  0xff,  0x00,  0x75,  0x0f,  0xf2,  0x6a,
  0x00,  0x41,  0xfc,  0x1f,  0x56,  0xff,  0x00,  0xd9,  0xe8,  0x01,  0x1d,  0xf7,  0xc2,  0x0f,  0xf7,  0x58,
  0x8f,  0xe7,  0x40,  0x12,  0x1e,  0x67,  0xff,  0x00,  0x81,  0xaf,  0xf3,  0x4a,  0x40,  0x36,  0x0e,  0xb0,
  0x7f,  0xb8,  0x3f,  0x98,  0xa6,  0x03,  0x23,  0xdc,  0xcd,  0x6e,  0x13,  0xef,  0xe7,  0x9f,  0xfb,  0xe5,
  0x6a,  0x80,  0x54,  0x04,  0x3c,  0x60,  0xf5,  0xdd,  0x40,  0x0b,  0x17,  0xf0,  0xff,  0x00,  0xba,  0x28,
  0x02,  0x36,  0xfb,  0xb3,  0xff,  0x00,  0xd7,  0x01,  0xfc,  0xcd,  0x20,  0x1f,  0x2f,  0xfa,  0xe5,  0xcf,
  0xfc,  0xf5,  0x6c,  0xfe,  0x75,  0x20,  0x29,  0xdd,  0x99,  0x3f,  0xeb,  0x89,  0xff,  0x00,  0xd0,  0xcd,
  0x30,  0x08,  0xfe,  0xe4,  0x5f,  0xef,  0x27,  0xf4,  0xaa,  0x00,  0x97,  0xac,  0x9f,  0xee,  0xb7,  0xfe,
  0x84,  0x68,  0x02,  0x36,  0x42,  0x42,  0xb0,  0xea,  0x23,  0x43,  0xff,  0x00,  0x8f,  0x54,  0x81,  0x24,
  0x1b,  0xb7,  0x1f,  0x5f,  0x35,  0x7f,  0x9d,  0x20,  0x1b,  0x1e,  0x31,  0x6f,  0x8e,  0x57,  0xc8,  0x39,
  0x1e,  0x87,  0x22,  0xa8,  0x07,  0x3f,  0xdd,  0x6f,  0xc7,  0x9f,  0xc4,  0x53,  0x00,  0xc6,  0x5a,  0x51,
  0xfe,  0xda,  0x7f,  0x3a,  0x00,  0x68,  0x3f,  0x33,  0xb7,  0xa1,  0xc7,  0xfe,  0x43,  0x34,  0x01,  0x2b,
  0x67,  0xc8,  0x6d,  0xbd,  0x7c,  0xa3,  0xfc,  0xea,  0x40,  0x69,  0x0c,  0x64,  0x90,  0x37,  0x5c,  0xb7,
  0xfe,  0xd4,  0xa4,  0x03,  0xe2,  0xe8,  0xc7,  0xfb,  0xd3,  0x0a,  0x60,  0x34,  0x1f,  0xfd,  0x0d,  0x7f,
  0xf6,  0x5a,  0x00,  0x7c,  0x1c,  0x88,  0x7d,  0xd4,  0x8f,  0xfc,  0x74,  0x50,  0x04,  0x0b,  0xff,  0x00,
  0x1e,  0xd9,  0xf4,  0x18,  0xff,  0x00,  0xc7,  0x5e,  0x80,  0x24,  0x5d,  0xf8,  0x93,  0x77,  0x4c,  0x71,
  0xff,  0x00,  0x7d,  0x9a,  0x10,  0x09,  0x27,  0xcd,  0x2b,  0x8f,  0x56,  0xcf,  0xfe,  0x3a,  0xd4,  0xd0,
  0x0d,  0x4e,  0x51,  0x4f,  0xac,  0x47,  0xf9,  0x2d,  0x30,  0x07,  0xe1,  0x18,  0xfa,  0x44,  0x3f,  0x93,
  0x50,  0x03,  0xa3,  0xf9,  0x65,  0x41,  0xe8,  0xd9,  0xff,  0x00,  0xc7,  0x56,  0x93,  0x01,  0x5b,  0x7e,
  0x23,  0xdb,  0xd3,  0x1c,  0xff,  0x00,  0xdf,  0x62,  0x93,  0x02,  0x36,  0xff,  0x00,  0x8f,  0x6c,  0xfa,
  0x8c,  0x7f,  0xe3,  0xa9,  0x40,  0x13,  0xcf,  0xc0,  0x9b,  0xd9,  0x40,  0xff,  0x00,  0xc7,  0x4d,  0x00,
  0x30,  0x9f,  0xfd,  0x0d,  0xbf,  0xf6,  0x6a,  0x00,  0x74,  0xbd,  0x14,  0xff,  0x00,  0x76,  0x63,  0x40,
  0x0c,  0x01,  0x84,  0x91,  0x85,  0xeb,  0x95,  0xff,  0x00,  0xda,  0x74,  0x80,  0x72,  0xe7,  0xc8,  0x5d,
  0xdd,  0x7c,  0xa1,  0xfc,  0xe9,  0x81,  0x11,  0x3f,  0x32,  0x37,  0xa9,  0xc7,  0xfe,  0x43,  0x15,  0x40,
  0x3b,  0x18,  0x68,  0x87,  0xfb,  0x6f,  0xfc,  0xe8,  0x00,  0x4f,  0xba,  0xbf,  0x87,  0x3f,  0x89,  0xa0,
  0x06,  0xc9,  0x8c,  0x5c,  0x67,  0x85,  0xf2,  0x06,  0x07,  0xa9,  0xc9,  0xa4,  0x03,  0xa7,  0xdd,  0xb8,
  0x7a,  0xf9,  0xad,  0xfc,  0xea,  0x40,  0x8d,  0x50,  0x80,  0xcc,  0x7a,  0x98,  0xdc,  0xff,  0x00,  0xe3,
  0xd4,  0xc0,  0x92,  0x2e,  0xb1,  0xff,  0x00,  0xba,  0xbf,  0xfa,  0x10,  0xaa,  0x00,  0x97,  0x76,  0xd3,
  0xf4,  0x93,  0xff,  0x00,  0x66,  0xa9,  0x00,  0x90,  0xe1,  0xa3,  0xff,  0x00,  0x71,  0x3f,  0x9d,  0x00,
  0x24,  0x63,  0x0d,  0xb7,  0xd6,  0x55,  0x3f,  0xad,  0x00,  0x24,  0x63,  0xfe,  0x3d,  0x7f,  0xeb,  0x97,
  0xf5,  0x14,  0xc0,  0x74,  0xcb,  0xfb,  0xb3,  0xce,  0x38,  0xeb,  0xf8,  0x53,  0x01,  0x08,  0xfb,  0xdc,
  0x67,  0xf7,  0xbd,  0x68,  0x00,  0x09,  0xf3,  0x3f,  0x19,  0xe7,  0xa7,  0xfc,  0x00,  0xd0,  0x04,  0x85,
  0x71,  0xbb,  0x9c,  0x7c,  0x87,  0x8f,  0xf8,  0x19,  0xa0,  0x05,  0xfe,  0x29,  0x3f,  0xde,  0x6f,  0xe6,
  0xf4,  0x00,  0xd4,  0xfb,  0xad,  0xfe,  0xf1,  0xff,  0x00,  0xd0,  0xa8,  0x01,  0xf2,  0x7f,  0xcb,  0x6f,
  0xaa,  0xff,  0x00,  0x4a,  0x00,  0x3f,  0x85,  0x3f,  0xdc,  0x1f,  0xd2,  0x80,  0x23,  0x4f,  0xf5,  0x2d,
  0xff,  0x00,  0x02,  0xfe,  0x4d,  0x40,  0x0a,  0xe3,  0x31,  0x49,  0xce,  0x38,  0x6f,  0xfd,  0x0c,  0xd0,
  0x02,  0xca,  0x9f,  0xbc,  0x7e,  0x31,  0xf3,  0x9e,  0x7f,  0xef,  0xba,  0x00,  0x8e,  0x25,  0xc1,  0x87,
  0x8c,  0xfc,  0xbf,  0xd0,  0x50,  0x01,  0x2a,  0xe4,  0xcd,  0xc6,  0x3e,  0x5f,  0xe9,  0x40,  0x12,  0x44,
  0x9f,  0xbc,  0x4e,  0x33,  0xf3,  0x8e,  0x7f,  0xef,  0x8a,  0x00,  0x44,  0x18,  0x8a,  0x3e,  0x73,  0xc2,
  0xff,  0x00,  0xe8,  0x62,  0x80,  0x11,  0xff,  0x00,  0xd4,  0xaf,  0xfc,  0x07,  0xf9,  0x2d,  0x00,  0x49,
  0xfc,  0x2f,  0xfe,  0xe1,  0xfe,  0xb4,  0x00,  0x47,  0xff,  0x00,  0x2c,  0x7e,  0xad,  0xfd,  0x68,  0x01,
  0x8f,  0xf7,  0x57,  0xfd,  0xe1,  0xff,  0x00,  0xa1,  0x50,  0x03,  0xbf,  0x8a,  0x3f,  0xf7,  0x97,  0xf9,
  0xa5,  0x00,  0x20,  0x5c,  0xed,  0xe7,  0x3f,  0x20,  0xe3,  0xfe,  0x06,  0x28,  0x02,  0x32,  0x9f,  0x32,
  0x71,  0x8e,  0x7a,  0x7f,  0xc0,  0x05,  0x00,  0x00,  0x7d,  0xde,  0x31,  0xfb,  0xde,  0xb4,  0x00,  0xb0,
  0xaf,  0xee,  0xc7,  0x39,  0xe3,  0xaf,  0xe1,  0x40,  0x0d,  0x90,  0x7f,  0xc7,  0xd7,  0xfd,  0x72,  0xfe,
  0xa6,  0x90,  0x0b,  0x20,  0xcb,  0x6d,  0xf4,  0x95,  0x8f,  0xeb,  0x48,  0x05,  0x8c,  0xe5,  0xa4,  0xff,
  0x00,  0x71,  0xff,  0x00,  0x9d,  0x00,  0x11,  0x6e,  0xda,  0x3e,  0x91,  0xff,  0x00,  0xec,  0xb4,  0x00,
  0x92,  0x86,  0x01,  0x81,  0xe8,  0xa2,  0x4d,  0xdf,  0xf8,  0xf6,  0x28,  0x01,  0x64,  0x5f,  0x99,  0x3f,
  0xeb,  0x9a,  0xff,  0x00,  0x3a,  0x00,  0x74,  0x63,  0x32,  0x4a,  0x3f,  0xe9,  0xac,  0x74,  0x00,  0xc8,
  0xf9,  0xfb,  0x3a,  0xfa,  0x42,  0xbf,  0xd2,  0x98,  0x13,  0x49,  0xf7,  0x58,  0xff,  0x00,  0xb3,  0xff,
  0x00,  0xb3,  0x53,  0x02,  0x23,  0xf7,  0xa6,  0xff,  0x00,  0x7e,  0x80,  0x02,  0x8a,  0x26,  0x97,  0xdb,
  0x68,  0xff,  0x00,  0xc7,  0x0d,  0x00,  0x48,  0xa4,  0x85,  0x62,  0x3a,  0x88,  0xff,  0x00,  0xf6,  0x63,
  0x40,  0x11,  0xbb,  0x0d,  0xf2,  0x28,  0xfb,  0xc5,  0xd8,  0x9f,  0xfc,  0x89,  0x40,  0x0a,  0x7a,  0x39,
  0x1d,  0x37,  0x8f,  0xe6,  0x28,  0x02,  0x43,  0xdf,  0xeb,  0x40,  0x0d,  0xfe,  0x35,  0xff,  0x00,  0x74,
  0xff,  0x00,  0x31,  0x40,  0x11,  0x33,  0x04,  0x8f,  0x27,  0xee,  0xe0,  0xe7,  0xfe,  0xf9,  0x7a,  0x00,
  0x94,  0x93,  0xe4,  0x48,  0x3f,  0x84,  0x06,  0xff,  0x00,  0xd0,  0xcd,  0x00,  0x24,  0xca,  0x19,  0xa5,
  0x07,  0xbb,  0x37,  0xf2,  0x6a,  0x00,  0x44,  0x00,  0x2c,  0x64,  0x77,  0x8c,  0x1f,  0xfc,  0x76,  0x80,
  0x07,  0x00,  0xac,  0x84,  0xf6,  0x8c,  0x9f,  0xfc,  0x76,  0x80,  0x16,  0x15,  0x0a,  0xd1,  0x01,  0xd9,
  0x97,  0xf9,  0x2d,  0x00,  0x28,  0x27,  0xc8,  0x8c,  0x7f,  0x09,  0x0b,  0xff,  0x00,  0xa1,  0x8a,  0x00,
  0x89,  0x58,  0x3c,  0x79,  0x1f,  0x77,  0x03,  0x1f,  0xf7,  0xca,  0x50,  0x04,  0xbf,  0xc6,  0xdf,  0xee,
  0x8f,  0xe6,  0x68,  0x01,  0xc3,  0xb7,  0xd6,  0x80,  0x23,  0x1d,  0x10,  0x9e,  0x9b,  0xcf,  0xf3,  0x34,
  0x00,  0x88,  0xc3,  0x7c,  0x6a,  0x7e,  0xf0,  0x75,  0x23,  0xff,  0x00,  0x21,  0xd0,  0x04,  0x8c,  0x49,
  0x55,  0x27,  0xa9,  0x8f,  0xff,  0x00,  0x66,  0x14,  0x01,  0x18,  0x45,  0x33,  0x45,  0xef,  0xb8,  0x7f,
  0xe3,  0x82,  0x80,  0x01,  0xf7,  0xa1,  0xff,  0x00,  0x7e,  0x80,  0x25,  0x8f,  0xee,  0xa9,  0xff,  0x00,
  0x67,  0xff,  0x00,  0x66,  0xa0,  0x08,  0x64,  0xe3,  0xed,  0x0b,  0xeb,  0x0b,  0x7f,  0x5a,  0x40,  0x3e,
  0x41,  0x89,  0x22,  0x1f,  0xf4,  0xd6,  0x4a,  0x40,  0x36,  0x35,  0xf9,  0x9f,  0xfe,  0xb9,  0xb7,  0xf3,
  0xa0,  0x04,  0x88,  0x31,  0x0a,  0x07,  0x46,  0x11,  0xed,  0xff,  0x00,  0xc7,  0x73,  0x40,  0x04,  0x9f,
  0x72,  0x5c,  0xf4,  0xd8,  0xff,  0x00,  0xfa,  0x11,  0xa5,  0x10,  0x09,  0x33,  0xc6,  0x7e,  0xef,  0x96,
  0xb8,  0xfa,  0xd3,  0x01,  0x47,  0xfa,  0xe7,  0xc7,  0xde,  0xf3,  0x13,  0x3f,  0x98,  0xa4,  0x02,  0x0f,
  0xbf,  0x6f,  0xe9,  0xe5,  0x0f,  0xe6,  0xb5,  0x40,  0x39,  0xfe,  0xe9,  0xff,  0x00,  0x77,  0xfa,  0x8a,
  0x60,  0x23,  0xfd,  0xd9,  0x7f,  0xdf,  0xfe,  0x82,  0x80,  0x24,  0x7f,  0xf8,  0xf9,  0x9b,  0xfd,  0xe3,
  0xff,  0x00,  0xa0,  0x1a,  0x00,  0x6c,  0x9f,  0xf1,  0xec,  0xdf,  0xf5,  0xcc,  0xff,  0x00,  0xe8,  0x55,
  0x20,  0x23,  0x7d,  0xe7,  0xff,  0x00,  0xae,  0x8d,  0xfc,  0x9a,  0x90,  0x12,  0x32,  0x6d,  0x47,  0x6f,
  0xf6,  0x87,  0xf3,  0x15,  0x40,  0x2e,  0xef,  0xd2,  0x98,  0x08,  0xbf,  0x3c,  0x81,  0x7f,  0xd9,  0x3f,
  0xcc,  0x50,  0x03,  0x08,  0xdb,  0xb0,  0x7d,  0x7f,  0x93,  0x54,  0xb0,  0x1b,  0x1f,  0x46,  0xff,  0x00,
  0x73,  0xff,  0x00,  0x67,  0x34,  0x20,  0x24,  0x7f,  0xbd,  0x27,  0xfd,  0x74,  0x3f,  0xc9,  0xa9,  0xa0,
  0x12,  0x3e,  0xb6,  0xff,  0x00,  0xf5,  0xc8,  0x53,  0x00,  0x93,  0xad,  0xc7,  0xfd,  0x72,  0x34,  0x00,
  0xa9,  0xf7,  0xa3,  0xff,  0x00,  0xae,  0x83,  0xf9,  0x2d,  0x26,  0x04,  0x72,  0x74,  0x5f,  0xf7,  0x3f,
  0xf6,  0x71,  0x49,  0x80,  0xe0,  0x37,  0x6f,  0x1f,  0x4f,  0xe4,  0xb4,  0x20,  0x1e,  0xdf,  0x24,  0x85,
  0x7f,  0xd9,  0x1f,  0xcc,  0xd5,  0x00,  0xbb,  0xbf,  0x5a,  0x00,  0x45,  0x4d,  0xc8,  0x8d,  0xfe,  0xd1,
  0xfe,  0x66,  0x90,  0x11,  0xaf,  0xde,  0x4f,  0xfa,  0xe8,  0xbf,  0xc9,  0x6a,  0x40,  0x58,  0xff,  0x00,
  0xe3,  0xd9,  0x7f,  0xeb,  0x98,  0xff,  0x00,  0xd0,  0xa9,  0x80,  0xe4,  0xff,  0x00,  0x8f,  0x98,  0x7f,
  0xde,  0x1f,  0xfa,  0x00,  0xaa,  0x02,  0x34,  0xfb,  0xb1,  0x7f,  0xbf,  0xfd,  0x0d,  0x00,  0x2a,  0x7d,
  0xd1,  0xfe,  0xef,  0xf5,  0x34,  0x00,  0xd3,  0xf7,  0xee,  0x3d,  0x3c,  0xa3,  0xfc,  0xda,  0x90,  0x0a,
  0x7f,  0xd7,  0x26,  0x7e,  0xf7,  0x98,  0xf8,  0xfc,  0xcd,  0x48,  0x09,  0x1e,  0x79,  0xc7,  0xdd,  0xf2,
  0xdb,  0x3f,  0x5a,  0x60,  0x11,  0xfd,  0xc8,  0xb1,  0xd3,  0x62,  0x7f,  0xe8,  0x42,  0x94,  0x80,  0x59,
  0xba,  0xcb,  0xff,  0x00,  0x03,  0xfe,  0xb4,  0x44,  0x04,  0x97,  0x96,  0x51,  0xff,  0x00,  0x4c,  0xd7,
  0xf9,  0xd3,  0x01,  0xcc,  0x73,  0x24,  0x8b,  0xfd,  0xd9,  0x41,  0xfe,  0x54,  0x80,  0x41,  0xb8,  0x3a,
  0x37,  0xac,  0x4b,  0xfc,  0xea,  0x80,  0x59,  0x3a,  0x11,  0xfe,  0xc9,  0xff,  0x00,  0xd0,  0xa9,  0x80,
  0x92,  0x74,  0x93,  0xe8,  0xbf,  0xca,  0x80,  0x09,  0x3f,  0xe3,  0xea,  0x6f,  0xf7,  0x8f,  0xfe,  0x80,
  0xd4,  0x00,  0xe9,  0x7f,  0xd4,  0xb7,  0xfd,  0x72,  0x3f,  0xce,  0xa4,  0x01,  0xfe,  0xfb,  0xfd,  0x5b,
  0xff,  0x00,  0x67,  0xa4,  0x00,  0x7a,  0xcd,  0xfe,  0xf9,  0xff,  0x00,  0xd0,  0xc5,  0x50,  0x0e,  0x5f,
  0xe1,  0xfa,  0x0f,  0xe9,  0x4c,  0x06,  0x8f,  0xbe,  0x7f,  0xdc,  0x1f,  0xcd,  0x68,  0x01,  0xa7,  0xfd,
  0x40,  0xfa,  0x37,  0xfe,  0xcf,  0x52,  0xc0,  0x71,  0xeb,  0x27,  0xfb,  0xbf,  0xfb,  0x39,  0xa1,  0x00,
  0x4f,  0xf7,  0x9f,  0xfd,  0xef,  0xfd,  0x95,  0xa9,  0xa0,  0x1a,  0x3f,  0xd5,  0xc7,  0xff,  0x00,  0x5c,
  0x7f,  0xc6,  0x98,  0x01,  0xff,  0x00,  0x57,  0x27,  0xfd,  0x71,  0xff,  0x00,  0x0a,  0x00,  0x74,  0x1f,
  0x79,  0x3f,  0xde,  0xff,  0x00,  0xd9,  0x56,  0x93,  0x00,  0x1d,  0x63,  0xff,  0x00,  0x77,  0xff,  0x00,
  0x67,  0x14,  0x98,  0x0d,  0x1f,  0xea,  0x0f,  0xd1,  0x7f,  0xf6,  0x4a,  0x10,  0x0e,  0x3f,  0x7c,  0x7f,
  0xb8,  0x7f,  0x9b,  0x55,  0x00,  0xe6,  0xfe,  0x2f,  0xa1,  0xfe,  0xb4,  0x00,  0xd1,  0xd6,  0x1f,  0xf7,
  0xc7,  0xfe,  0x86,  0x69,  0x00,  0x27,  0xdf,  0x4f,  0xaa,  0xff,  0x00,  0xec,  0x95,  0x20,  0x11,  0x7f,
  0xa9,  0x5f,  0xfa,  0xe4,  0x3f,  0x9d,  0x30,  0x1b,  0x1f,  0xfc,  0x7d,  0x43,  0xfe,  0xf0,  0xff,  0x00,
  0xd0,  0x16,  0xa8,  0x02,  0x3e,  0x91,  0xfd,  0x1b,  0xf9,  0x50,  0x02,  0xc7,  0xd0,  0x0f,  0xf6,  0x47,
  0xfe,  0x85,  0x40,  0x08,  0x77,  0x17,  0x76,  0xf4,  0x89,  0xbf,  0x9d,  0x20,  0x15,  0x4e,  0x24,  0x8d,
  0x7f,  0xbd,  0x29,  0x3f,  0xce,  0xa4,  0x06,  0xc5,  0xc3,  0x30,  0xff,  0x00,  0xa6,  0x6d,  0xfc,  0xe9,
  0x80,  0xb0,  0xf5,  0x8b,  0xfe,  0x01,  0xfd,  0x29,  0x48,  0x07,  0xc8,  0xb8,  0x49,  0x7f,  0xdc,  0x7f,
  0xfd,  0x08,  0xd5,  0x80,  0xc6,  0xff,  0x00,  0x59,  0x1f,  0xfb,  0x8b,  0xfc,  0xea,  0x40,  0x55,  0x38,
  0x1f,  0xf6,  0xd7,  0xff,  0x00,  0x89,  0xa4,  0x02,  0x46,  0xdf,  0xbd,  0x4f,  0xfa,  0xe4,  0xbf,  0xcc,
  0x55,  0x00,  0xe9,  0x3a,  0x45,  0xf8,  0xd3,  0x01,  0x7f,  0x89,  0xbf,  0xde,  0x3f,  0xfa,  0x09,  0xa0,
  0x04,  0x6e,  0x26,  0x94,  0xff,  0x00,  0xb4,  0x3f,  0xf4,  0x51,  0xa0,  0x05,  0x71,  0x88,  0xcb,  0x7a,
  0xc6,  0x47,  0xfe,  0x3c,  0x68,  0x01,  0xaf,  0xcc,  0xec,  0xbe,  0x85,  0xbf,  0xf6,  0x7a,  0x00,  0x90,
  0x75,  0x98,  0xff,  0x00,  0xd3,  0x53,  0xff,  0x00,  0xa1,  0x8a,  0x00,  0x6a,  0xf6,  0xff,  0x00,  0x70,
  0x7f,  0xec,  0xb4,  0x00,  0xe4,  0xe5,  0xc8,  0xff,  0x00,  0x67,  0xff,  0x00,  0x88,  0xa0,  0x08,  0x64,
  0xe2,  0xd5,  0x4f,  0xa0,  0x6f,  0xfd,  0x9e,  0x80,  0x24,  0x7f,  0x99,  0x64,  0x1f,  0xde,  0x53,  0xff,
  0x00,  0xa1,  0x9a,  0x00,  0x74,  0xbc,  0x4a,  0xe3,  0xd1,  0xcf,  0xf2,  0x7a,  0x00,  0x6c,  0x7f,  0xea,
  0xa0,  0xff,  0x00,  0x71,  0x3f,  0xf4,  0x13,  0x40,  0x04,  0x9f,  0xea,  0xa7,  0xff,  0x00,  0x71,  0xff,
  0x00,  0xf4,  0x11,  0x40,  0x0e,  0x8b,  0x99,  0x50,  0x7a,  0xb8,  0xfe,  0x49,  0x40,  0x0d,  0x4f,  0x95,
  0x63,  0x1f,  0xdd,  0x51,  0xff,  0x00,  0xa1,  0x8a,  0x00,  0x8e,  0x3e,  0x6d,  0x58,  0xfa,  0x85,  0xff,
  0x00,  0xd9,  0x28,  0x02,  0x67,  0xe1,  0xc0,  0xff,  0x00,  0x67,  0xff,  0x00,  0x8b,  0xa0,  0x06,  0xb7,
  0x7f,  0xf7,  0x0f,  0xfe,  0xcd,  0x40,  0x0e,  0x3d,  0x61,  0x3f,  0xf4,  0xd4,  0x7f,  0xe8,  0x66,  0x80,
  0x23,  0x4e,  0x27,  0x55,  0xf5,  0x2b,  0xff,  0x00,  0xb2,  0x50,  0x03,  0x90,  0x66,  0x30,  0xde,  0x91,
  0x81,  0xff,  0x00,  0x8f,  0x0a,  0x00,  0x45,  0xe6,  0x68,  0x8f,  0xfb,  0x47,  0xff,  0x00,  0x45,  0x0a,
  0x00,  0x5f,  0xe2,  0x5f,  0xf7,  0x87,  0xfe,  0x82,  0x28,  0x01,  0x23,  0xe9,  0x2f,  0xe1,  0x40,  0x0d,
  0x91,  0xbf,  0x7a,  0xff,  0x00,  0xf5,  0xc9,  0xbf,  0x99,  0xa4,  0x02,  0xb1,  0xc8,  0xff,  0x00,  0xb6,
  0xbf,  0xfc,  0x55,  0x48,  0x08,  0xbf,  0xeb,  0x24,  0xff,  0x00,  0x71,  0xbf,  0x9d,  0x30,  0x1f,  0x1a,
  0xe5,  0x22,  0xff,  0x00,  0x71,  0x3f,  0xf4,  0x21,  0x54,  0x00,  0x71,  0xfb,  0xec,  0xf4,  0xda,  0xff,
  0x00,  0xfa,  0x11,  0xa0,  0x06,  0x0c,  0xe5,  0x33,  0xf7,  0xb6,  0x26,  0x3e,  0x9b,  0x85,  0x48,  0x0b,
  0x18,  0x24,  0xc8,  0x07,  0xfc,  0xf6,  0x5f,  0xe7,  0x48,  0x06,  0x26,  0xe2,  0xd1,  0x63,  0xef,  0x34,
  0x23,  0x3f,  0x81,  0x15,  0x40,  0x49,  0x36,  0x0e,  0xec,  0x7b,  0xfe,  0xa6,  0x98,  0x0d,  0x7f,  0x96,
  0x39,  0x07,  0xfb,  0x63,  0xff,  0x00,  0x41,  0xa0,  0x07,  0xc9,  0xff,  0x00,  0x1f,  0x13,  0x7f,  0x9f,
  0xe1,  0x6a,  0x00,  0x49,  0x7f,  0xd5,  0x1f,  0xfa,  0xe6,  0x7f,  0xf4,  0x23,  0x40,  0x08,  0xdf,  0x79,
  0xfe,  0xad,  0xff,  0x00,  0xb3,  0xd0,  0x02,  0xff,  0x00,  0x1c,  0xb8,  0xeb,  0xe6,  0x1f,  0xfd,  0x0c,
  0x50,  0x03,  0xd7,  0x67,  0x19,  0xfe,  0xf2,  0xe7,  0xff,  0x00,  0x1c,  0xa0,  0x06,  0x2f,  0xdd,  0x5c,
  0x7d,  0xdf,  0x2c,  0x63,  0xff,  0x00,  0x1c,  0xa0,  0x06,  0xff,  0x00,  0xcb,  0x01,  0xf4,  0x6f,  0xfd,
  0x9e,  0x80,  0x15,  0xbf,  0xe5,  0xa7,  0xfb,  0xa7,  0xff,  0x00,  0x42,  0x34,  0x00,  0xe9,  0xfe,  0xf4,
  0xff,  0x00,  0x56,  0xfe,  0x4d,  0x40,  0x0a,  0xa7,  0xf7,  0xb0,  0x8f,  0xfa,  0x67,  0xfd,  0x0d,  0x00,
  0x0c,  0x7f,  0x7b,  0x30,  0xff,  0x00,  0xa6,  0x7f,  0xd0,  0x50,  0x02,  0x41,  0xf7,  0xa0,  0xfa,  0xaf,
  0xf2,  0x5a,  0x00,  0x6a,  0xff,  0x00,  0xcb,  0x3f,  0xf7,  0x47,  0xfe,  0x84,  0x28,  0x01,  0x3f,  0xe5,
  0x81,  0xfa,  0x2f,  0xfe,  0xc9,  0x40,  0x0e,  0x6f,  0xba,  0xd9,  0xfb,  0xbe,  0x59,  0xcf,  0xfe,  0x3f,
  0x40,  0x0f,  0x6d,  0x9c,  0xe3,  0xfb,  0xcd,  0x8f,  0xfc,  0x7e,  0x80,  0x19,  0xfc,  0x71,  0x67,  0xaf,
  0x98,  0x3f,  0xf4,  0x33,  0x40,  0x08,  0xbf,  0x79,  0x3e,  0xab,  0xff,  0x00,  0xb2,  0x50,  0x02,  0xc5,
  0xfe,  0xa8,  0x7f,  0xd7,  0x31,  0xff,  0x00,  0xa1,  0x0a,  0x00,  0x58,  0xff,  0x00,  0xe3,  0xe2,  0x1f,
  0xf3,  0xfc,  0x2b,  0x40,  0x0c,  0x4f,  0x9a,  0x38,  0xc7,  0xfb,  0x67,  0xff,  0x00,  0x41,  0xa0,  0x07,
  0x43,  0x81,  0xb7,  0x3e,  0xdf,  0xa1,  0xa0,  0x08,  0xdf,  0x70,  0x69,  0x73,  0xf7,  0x96,  0x13,  0x8f,
  0xc4,  0x9a,  0x40,  0x3e,  0x40,  0x41,  0x8c,  0x1f,  0xf9,  0xec,  0xdf,  0xce,  0xa4,  0x04,  0x39,  0xcb,
  0xe3,  0xef,  0x6c,  0x7c,  0xfd,  0x37,  0x1a,  0x60,  0x3c,  0x63,  0xf7,  0x38,  0xe9,  0xb5,  0x3f,  0xf4,
  0x21,  0x54,  0x03,  0x66,  0xe1,  0xe4,  0x3f,  0xec,  0x3f,  0xfe,  0x84,  0x28,  0x01,  0x84,  0x15,  0x8d,
  0x19,  0x7a,  0x94,  0x03,  0xf5,  0xa0,  0x09,  0x13,  0x76,  0x64,  0x0d,  0xd4,  0x4c,  0x3f,  0xa5,  0x00,
  0x36,  0x2c,  0x62,  0x1c,  0xf4,  0xf2,  0x47,  0xf3,  0x14,  0x01,  0x24,  0xbf,  0xea,  0x9f,  0x6f,  0x4c,
  0x1f,  0xe5,  0x40,  0x0c,  0x63,  0x95,  0x71,  0x9c,  0x61,  0x81,  0xff,  0x00,  0xc7,  0x68,  0x01,  0xcd,
  0xc4,  0xf3,  0x36,  0x36,  0xe4,  0x8e,  0x7d,  0x7e,  0x56,  0xa0,  0x05,  0x97,  0xfe,  0x3d,  0xdc,  0x7b,
  0x1e,  0x3f,  0x3a,  0x00,  0x8d,  0xbf,  0xd6,  0x49,  0xf5,  0x6f,  0xfd,  0x9e,  0x80,  0x1e,  0x7e,  0xf8,
  0xff,  0x00,  0x79,  0xbf,  0xf4,  0x65,  0x00,  0x38,  0x7f,  0xec,  0xc3,  0xff,  0x00,  0x65,  0xa0,  0x08,
  0xdb,  0xfd,  0x5a,  0x7f,  0xba,  0x3f,  0xf6,  0x5a,  0x00,  0x25,  0xfb,  0x8f,  0xfe,  0xf3,  0x7f,  0xed,
  0x4a,  0x00,  0x74,  0x5f,  0x7d,  0xbe,  0x87,  0xf9,  0xb5,  0x00,  0x2c,  0xbc,  0xac,  0x83,  0xae,  0x77,
  0x71,  0xeb,  0xc3,  0x50,  0x00,  0x38,  0x31,  0x1e,  0x9b,  0x53,  0xa7,  0xe0,  0x68,  0x00,  0x3c,  0x99,
  0x4f,  0x5d,  0xc9,  0xd3,  0xf0,  0x14,  0x00,  0x45,  0xc2,  0xc6,  0x3a,  0x63,  0x6f,  0x1e,  0x9c,  0x2d,
  0x00,  0x24,  0xbf,  0x7d,  0x7e,  0x83,  0xf9,  0xad,  0x00,  0x36,  0x2f,  0xb8,  0x9f,  0xef,  0x2f,  0xfe,
  0xd3,  0xa0,  0x01,  0x7f,  0xd5,  0xbf,  0xfb,  0xa7,  0xff,  0x00,  0x66,  0xa0,  0x09,  0x0f,  0xfe,  0xcc,
  0x7f,  0xf6,  0x6a,  0x00,  0x68,  0xfb,  0xe7,  0xfd,  0xe5,  0xff,  0x00,  0xd1,  0x94,  0x00,  0xc5,  0xff,
  0x00,  0x59,  0x1f,  0xd5,  0x7f,  0xf6,  0x4a,  0x00,  0x92,  0x2f,  0xf8,  0xf7,  0x41,  0xec,  0x38,  0xfc,
  0xa8,  0x01,  0x17,  0x99,  0xe1,  0x6c,  0x6e,  0xc1,  0x3c,  0xfa,  0x7c,  0xab,  0x40,  0x0d,  0x53,  0x85,
  0x41,  0x9c,  0xe5,  0x89,  0xff,  0x00,  0xc7,  0x68,  0x01,  0xf1,  0x7f,  0xaa,  0x4d,  0xdd,  0x30,  0x3f,
  0x95,  0x00,  0x47,  0x2e,  0x31,  0x36,  0x3a,  0x79,  0x27,  0xf9,  0x9a,  0x00,  0x73,  0xee,  0xcc,  0x61,
  0x7a,  0x99,  0x8f,  0xf5,  0xa0,  0x08,  0xc0,  0x2d,  0x1b,  0xb3,  0x75,  0x08,  0x47,  0xeb,  0x40,  0x0f,
  0x87,  0x97,  0x8c,  0xff,  0x00,  0xb0,  0x9f,  0xfa,  0x11,  0xa0,  0x00,  0x7f,  0xac,  0x7f,  0xa3,  0x7f,
  0xe8,  0x42,  0x80,  0x23,  0x8c,  0xe2,  0x38,  0xcf,  0xa4,  0x4b,  0xfc,  0xd6,  0x80,  0x26,  0x88,  0x6d,
  0x98,  0xaf,  0xa5,  0xc2,  0x9f,  0xcf,  0x14,  0x00,  0xd8,  0x37,  0x79,  0x76,  0xbf,  0xf5,  0xc8,  0x7f,
  0x35,  0xa0,  0x07,  0x1f,  0xf5,  0x03,  0xfd,  0xc6,  0xff,  0x00,  0xd0,  0xa8,  0x01,  0x24,  0xea,  0xdf,
  0xef,  0x7f,  0x4a,  0x00,  0x53,  0xfe,  0xbe,  0x5f,  0x4c,  0x0f,  0xe4,  0xd4,  0x00,  0xe9,  0x36,  0xed,
  0x93,  0xfe,  0x05,  0xfc,  0xcd,  0x00,  0x44,  0xdf,  0xeb,  0x9b,  0xea,  0xdf,  0xfb,  0x3d,  0x00,  0x48,
  0xc7,  0x0c,  0xe7,  0xd3,  0x77,  0xfe,  0x84,  0x28,  0x01,  0x47,  0x6f,  0xcf,  0xf9,  0x50,  0x03,  0x73,
  0xd5,  0x7d,  0x31,  0xfc,  0xc5,  0x00,  0x32,  0x6f,  0xf5,  0x3f,  0xf7,  0xd7,  0xf2,  0x7a,  0x00,  0x91,
  0x71,  0x93,  0x9f,  0x7f,  0xfd,  0x08,  0xd0,  0x02,  0x4f,  0x8f,  0x22,  0x4c,  0x7f,  0x75,  0xff,  0x00,
  0xf6,  0x6a,  0x00,  0x56,  0xfb,  0xe9,  0xf4,  0xff,  0x00,  0x1a,  0x00,  0x17,  0xef,  0xbf,  0xd3,  0xfc,
  0x28,  0x01,  0x20,  0xc7,  0x91,  0x1e,  0x7f,  0xba,  0x9f,  0xfb,  0x2d,  0x00,  0x2b,  0x63,  0x23,  0x1e,
  0xdf,  0xfa,  0x10,  0xa0,  0x08,  0xe1,  0xff,  0x00,  0x53,  0xff,  0x00,  0x7c,  0xff,  0x00,  0x24,  0xa0,
  0x07,  0xe7,  0xa2,  0xfa,  0xe7,  0xf9,  0x9a,  0x00,  0x71,  0xef,  0xf9,  0xff,  0x00,  0x3a,  0x00,  0x45,
  0x39,  0x64,  0x3e,  0xbb,  0x7f,  0xf4,  0x23,  0x40,  0x11,  0xaf,  0xfa,  0xe5,  0xfa,  0xaf,  0xfe,  0xc9,
  0x40,  0x12,  0xc7,  0xb7,  0x6c,  0x7f,  0xf0,  0x1f,  0xe6,  0x28,  0x01,  0xa3,  0xfd,  0x7c,  0x5e,  0x98,
  0x3f,  0xc9,  0x68,  0x01,  0x23,  0xea,  0xbf,  0xef,  0x7f,  0x4a,  0x00,  0x51,  0xfe,  0xa0,  0xff,  0x00,
  0xb8,  0xbf,  0xfa,  0x15,  0x00,  0x36,  0x7d,  0xde,  0x5d,  0xd7,  0xfd,  0x72,  0x3f,  0xcd,  0xa8,  0x01,
  0xd2,  0x8d,  0xd3,  0x05,  0xf5,  0xb8,  0x63,  0xf9,  0x66,  0x80,  0x21,  0x90,  0xe6,  0x39,  0x0f,  0xac,
  0x4d,  0xfc,  0xda,  0x80,  0x24,  0x3f,  0xeb,  0x13,  0xe8,  0xbf,  0xfa,  0x11,  0xa0,  0x00,  0x7f,  0xac,
  0x7f,  0xa3,  0x7f,  0xe8,  0x42,  0x80,  0x23,  0x8c,  0x66,  0x38,  0xc7,  0xac,  0x4b,  0xfc,  0xd6,  0x80,
  0x26,  0x88,  0xee,  0x98,  0xb7,  0xad,  0xc2,  0x8f,  0xcb,  0x14,  0x00,  0xd8,  0x37,  0x79,  0x76,  0xbf,
  0xf5,  0xc8,  0x7f,  0x35,  0xa0,  0x07,  0x1f,  0xf5,  0x03,  0xfd,  0xc6,  0xff,  0x00,  0xd0,  0xa8,  0x01,
  0x24,  0xea,  0xdf,  0xef,  0x7f,  0x4a,  0x00,  0x53,  0xfe,  0xbe,  0x5f,  0x4c,  0x0f,  0xe4,  0xd4,  0x00,
  0xe9,  0x36,  0xed,  0x93,  0xfe,  0x05,  0xfc,  0xcd,  0x00,  0x44,  0xdf,  0xeb,  0x9b,  0xea,  0xdf,  0xfb,
  0x3d,  0x00,  0x48,  0xc3,  0x2c,  0xe3,  0xd7,  0x77,  0xfe,  0x84,  0x28,  0x01,  0x47,  0x6f,  0xcb,  0xf9,
  0x50,  0x03,  0x71,  0xd5,  0xbd,  0x71,  0xfc,  0xc5,  0x00,  0x32,  0x6f,  0xf5,  0x3f,  0xf7,  0xd7,  0xf2,
  0x7a,  0x00,  0x91,  0x71,  0x93,  0x9f,  0x7f,  0xfd,  0x08,  0xd0,  0x02,  0x4f,  0x8f,  0x22,  0x4c,  0x7f,
  0x75,  0xff,  0x00,  0xf6,  0x6a,  0x00,  0x56,  0xfb,  0xe9,  0xf4,  0xff,  0x00,  0x1a,  0x00,  0x17,  0xef,
  0xbf,  0xd3,  0xfc,  0x28,  0x01,  0x20,  0xc7,  0x91,  0x1e,  0x7f,  0xba,  0x9f,  0xfb,  0x2d,  0x00,  0x2b,
  0x63,  0x23,  0x1e,  0xdf,  0xfa,  0x10,  0xa0,  0x08,  0xe1,  0xff,  0x00,  0x53,  0xff,  0x00,  0x7c,  0xff,
  0x00,  0x24,  0xa0,  0x07,  0xe3,  0xa3,  0x7a,  0x67,  0xf9,  0x9a,  0x00,  0x71,  0xef,  0xf9,  0x7f,  0x3a,
  0x00,  0x45,  0x18,  0x64,  0x1e,  0x9b,  0x7f,  0xf4,  0x23,  0x40,  0x11,  0xaf,  0xfa,  0xe5,  0xfa,  0xaf,
  0xfe,  0xc9,  0x40,  0x12,  0xc7,  0xb7,  0x6c,  0x7f,  0xf0,  0x1f,  0xe6,  0x28,  0x01,  0xa3,  0xfd,  0x7c,
  0x5e,  0x98,  0x3f,  0xc9,  0x68,  0x01,  0x23,  0xea,  0xbf,  0xef,  0x7f,  0x4a,  0x00,  0x51,  0xfe,  0xa0,
  0xff,  0x00,  0xb8,  0xbf,  0xfa,  0x15,  0x00,  0x36,  0x7d,  0xde,  0x5d,  0xd7,  0xfd,  0x72,  0x3f,  0xcd,
  0xa8,  0x01,  0xd2,  0x9d,  0xb3,  0x06,  0xf4,  0xb8,  0x61,  0xf9,  0xe6,  0x80,  0x21,  0x90,  0x62,  0x39,
  0x07,  0xa4,  0x4d,  0xfc,  0xda,  0x80,  0x24,  0x3f,  0xeb,  0x13,  0xe8,  0xbf,  0xfa,  0x11,  0xa0,  0x02,
  0x6e,  0x5e,  0x41,  0xfe,  0xc3,  0xff,  0x00,  0xe8,  0x42,  0x80,  0x18,  0x49,  0x68,  0xd1,  0x57,  0xa8,
  0x40,  0x7f,  0x5a,  0x00,  0x91,  0x37,  0x66,  0x42,  0xdd,  0x4c,  0xc3,  0xfa,  0x50,  0x03,  0x62,  0xc6,
  0x21,  0xcf,  0x4f,  0x24,  0x7f,  0x31,  0x40,  0x12,  0x4b,  0xfe,  0xa9,  0xf6,  0xf4,  0xc1,  0xfe,  0x54,
  0x00,  0xc6,  0x18,  0x57,  0x38,  0xce,  0x58,  0x0f,  0xfc,  0x76,  0x80,  0x1c,  0xdc,  0xcf,  0x32,  0xe7,
  0x76,  0x08,  0xe3,  0xd3,  0xe5,  0x6a,  0x00,  0x59,  0x7f,  0xe3,  0xdd,  0xcf,  0xb1,  0xe7,  0xf3,  0xa0,
  0x08,  0xdb,  0xfd,  0x64,  0x9f,  0x56,  0xff,  0x00,  0xd9,  0xe8,  0x01,  0xe7,  0xef,  0x8f,  0xf7,  0x9b,
  0xff,  0x00,  0x46,  0x50,  0x03,  0x87,  0xfe,  0xcc,  0x3f,  0xf6,  0x5a,  0x00,  0x8d,  0xbf,  0xd5,  0xa7,
  0xfb,  0xa3,  0xff,  0x00,  0x65,  0xa0,  0x02,  0x5f,  0xb8,  0xff,  0x00,  0xef,  0x37,  0xfe,  0xd4,  0xa0,
  0x07,  0x45,  0xf7,  0xdb,  0xe8,  0x7f,  0x9b,  0x50,  0x02,  0xcb,  0xc2,  0xc8,  0x7a,  0x63,  0x77,  0x3e,
  0x9c,  0x35,  0x00,  0x03,  0x93,  0x10,  0xeb,  0xb9,  0x3a,  0xfe,  0x06,  0x80,  0x03,  0xc1,  0x94,  0x74,
  0xda,  0x9d,  0x7f,  0x01,  0x40,  0x04,  0x5c,  0xac,  0x67,  0xae,  0x76,  0xf3,  0xeb,  0xc2,  0xd0,  0x02,
  0x4b,  0xf7,  0xd7,  0xe8,  0x3f,  0x9a,  0xd0,  0x03,  0x62,  0xfb,  0x89,  0xfe,  0xf2,  0xff,  0x00,  0xed,
  0x3a,  0x00,  0x17,  0xfd,  0x5b,  0xff,  0x00,  0xba,  0x7f,  0xf6,  0x6a,  0x00,  0x90,  0xff,  0x00,  0xec,
  0xc7,  0xff,  0x00,  0x66,  0xa0,  0x06,  0x8f,  0xbe,  0x7f,  0xde,  0x5f,  0xfd,  0x19,  0x40,  0x0c,  0x5f,
  0xf5,  0x91,  0xfd,  0x57,  0xff,  0x00,  0x64,  0xa0,  0x09,  0x22,  0xff,  0x00,  0x8f,  0x74,  0x3e,  0xc3,
  0x9f,  0xca,  0x80,  0x11,  0x78,  0x9e,  0x15,  0xce,  0xdc,  0x93,  0xc7,  0xaf,  0xca,  0xb4,  0x00,  0xd5,
  0x19,  0x54,  0x38,  0xc6,  0x18,  0x8f,  0xfc,  0x76,  0x80,  0x1f,  0x17,  0xfa,  0xa4,  0xdd,  0xd3,  0x03,
  0xf9,  0x50,  0x04,  0x72,  0xe3,  0x13,  0x63,  0xa7,  0x92,  0x7f,  0x99,  0xa0,  0x07,  0x3e,  0xec,  0xc6,
  0x57,  0xa8,  0x98,  0xff,  0x00,  0x5a,  0x00,  0x8c,  0x12,  0xb1,  0xba,  0xb7,  0x52,  0x84,  0xfe,  0xb4,
  0x00,  0xf8,  0x78,  0x78,  0xc7,  0xfb,  0x09,  0xff,  0x00,  0xa1,  0x1a,  0x00,  0x71,  0xc7,  0xef,  0xb3,
  0xd3,  0x6b,  0xff,  0x00,  0xe8,  0x46,  0x80,  0x18,  0x33,  0x94,  0xcf,  0xde,  0xd8,  0x98,  0xfa,  0x6e,
  0x15,  0x20,  0x2c,  0x64,  0x83,  0x21,  0x1f,  0xf3,  0xd9,  0x7f,  0x9d,  0x20,  0x18,  0x9b,  0x83,  0x45,
  0x8f,  0xbc,  0xb0,  0x8c,  0xfe,  0x24,  0x55,  0x01,  0x24,  0xd8,  0x1b,  0xb1,  0xef,  0xfa,  0x1a,  0x60,
  0x35,  0xfe,  0x68,  0xe4,  0x3f,  0xed,  0x8f,  0xfd,  0x06,  0x80,  0x1f,  0x27,  0xfc,  0x7c,  0x4d,  0xfe,
  0x7f,  0x85,  0xa8,  0x01,  0x25,  0xff,  0x00,  0x54,  0x7f,  0xeb,  0x99,  0xff,  0x00,  0xd0,  0x8d,  0x00,
  0x23,  0x7d,  0xe7,  0xfa,  0xb7,  0xfe,  0xcf,  0x40,  0x0b,  0xfc,  0x72,  0xe3,  0xaf,  0x98,  0x7f,  0xf4,
  0x31,  0x40,  0x0f,  0x5d,  0x9c,  0x67,  0xfb,  0xcb,  0x9f,  0xfc,  0x72,  0x80,  0x18,  0xbf,  0x75,  0x71,
  0xf7,  0x7c,  0xb1,  0x8f,  0xfc,  0x72,  0x80,  0x1b,  0xff,  0x00,  0x2c,  0x07,  0xd1,  0xbf,  0xf6,  0x7a,
  0x00,  0x56,  0xff,  0x00,  0x96,  0x9f,  0xee,  0x9f,  0xfd,  0x08,  0xd0,  0x03,  0xa7,  0xfb,  0xd3,  0xfd,
  0x5b,  0xf9,  0x35,  0x00,  0x2a,  0x8f,  0xde,  0xc2,  0x7f,  0xe9,  0x9f,  0xf4,  0x34,  0x00,  0x30,  0xfd,
  0xec,  0xc7,  0xfe,  0x99,  0xff,  0x00,  0x41,  0x40,  0x09,  0x07,  0xde,  0x83,  0xea,  0xbf,  0xc9,  0x68,
  0x01,  0xab,  0xff,  0x00,  0x2c,  0xff,  0x00,  0xdd,  0x1f,  0xfa,  0x10,  0xa0,  0x04,  0xff,  0x00,  0x96,
  0x07,  0xe8,  0xbf,  0xfb,  0x25,  0x00,  0x39,  0xbe,  0xeb,  0x67,  0xee,  0xf9,  0x67,  0x3f,  0xf8,  0xfd,
  0x00,  0x3d,  0xb6,  0x73,  0x8f,  0xef,  0x36,  0x3f,  0xf1,  0xfa,  0x00,  0x67,  0xf1,  0xc5,  0x9e,  0xbe,
  0x60,  0xff,  0x00,  0xd0,  0xcd,  0x00,  0x22,  0xfd,  0xe4,  0xfa,  0xaf,  0xfe,  0xc9,  0x40,  0x0b,  0x17,
  0xfa,  0xa1,  0xff,  0x00,  0x5c,  0xc7,  0xfe,  0x84,  0x28,  0x01,  0x63,  0xff,  0x00,  0x8f,  0x88,  0x7f,
  0xcf,  0xf0,  0xad,  0x00,  0x31,  0x3e,  0x58,  0xe3,  0x3f,  0xed,  0x9f,  0xfd,  0x06,  0x80,  0x1d,  0x0e,
  0x0e,  0xdc,  0xfb,  0x7e,  0xa6,  0x80,  0x23,  0x7d,  0xc5,  0xa5,  0xcf,  0xde,  0x68,  0x4e,  0x3f,  0x02,
  0x69,  0x00,  0xf9,  0x09,  0x26,  0x32,  0x7f,  0xe7,  0xb3,  0x7f,  0x3a,  0x90,  0x10,  0xe7,  0x2f,  0x8f,
  0xbd,  0xb1,  0xf3,  0xf4,  0xdc,  0x69,  0x80,  0xf1,  0x8f,  0xdc,  0xe3,  0xa6,  0xd4,  0xff,  0x00,  0xd0,
  0x85,  0x50,  0x04,  0x8d,  0x94,  0x97,  0xfd,  0xc7,  0xff,  0x00,  0xd0,  0x8d,  0x00,  0x31,  0xbf,  0xd6,
  0x47,  0xfe,  0xe2,  0xff,  0x00,  0x3a,  0x90,  0x15,  0x46,  0x47,  0xfd,  0xb5,  0xff,  0x00,  0xe2,  0x69,
  0x00,  0x91,  0xaf,  0xef,  0x53,  0xfe,  0xb9,  0x2f,  0xf3,  0x15,  0x40,  0x3a,  0x4e,  0x91,  0x7e,  0x34,
  0xc0,  0x5f,  0xe2,  0x6f,  0xf7,  0x8f,  0xfe,  0x82,  0x68,  0x01,  0x1b,  0x99,  0xa5,  0x1f,  0xed,  0x0f,
  0xfd,  0x14,  0x68,  0x01,  0x5c,  0xe6,  0x32,  0xbe,  0x91,  0x93,  0xff,  0x00,  0x8f,  0x1a,  0x00,  0x6b,
  0xf1,  0x3b,  0x37,  0xa9,  0x6f,  0xfd,  0x9e,  0x80,  0x24,  0x1d,  0x66,  0x1f,  0xf4,  0xd4,  0xff,  0x00,
  0xe8,  0x62,  0x80,  0x1a,  0xbd,  0xbf,  0xdc,  0x1f,  0xfb,  0x2d,  0x00,  0x39,  0x38,  0x72,  0x7f,  0xd9,
  0xff,  0x00,  0xe2,  0x28,  0x02,  0x19,  0x39,  0xb5,  0x51,  0xea,  0x1b,  0xff,  0x00,  0x67,  0xa0,  0x09,
  0x1f,  0xe5,  0x59,  0x0f,  0xf7,  0x54,  0xff,  0x00,  0xe8,  0x66,  0x80,  0x1d,  0x2f,  0x32,  0xb9,  0xf5,
  0x73,  0xfc,  0x9e,  0x80,  0x1b,  0x1f,  0xfa,  0xa8,  0x3f,  0xdc,  0x4f,  0xfd,  0x04,  0xd0,  0x01,  0x27,
  0xfa,  0xa9,  0xff,  0x00,  0xdc,  0x7f,  0xfd,  0x04,  0x50,  0x03,  0xa2,  0xe2,  0x54,  0x3e,  0x8e,  0x3f,
  0x92,  0x50,  0x03,  0x53,  0xe6,  0x58,  0xcf,  0xf7,  0x94,  0x7f,  0xe8,  0x62,  0x80,  0x23,  0x8f,  0x8b,
  0x56,  0x1e,  0x81,  0x7f,  0xf6,  0x4a,  0x00,  0x99,  0xf9,  0x70,  0x7f,  0xd9,  0xff,  0x00,  0xe2,  0xe8,
  0x01,  0xad,  0xdf,  0xfd,  0xc3,  0xff,  0x00,  0xb3,  0x50,  0x03,  0x8f,  0x58,  0x47,  0xfd,  0x35,  0x1f,
  0xfa,  0x19,  0xa0,  0x08,  0xd3,  0x99,  0xd5,  0xbd,  0x0a,  0xff,  0x00,  0xec,  0x94,  0x00,  0xe4,  0x38,
  0x8c,  0x2f,  0xac,  0x60,  0xff,  0x00,  0xe3,  0xc2,  0x80,  0x11,  0x78,  0x9a,  0x21,  0xfe,  0xd1,  0xff,
  0x00,  0xd1,  0x42,  0x80,  0x17,  0xf8,  0x97,  0xfd,  0xe1,  0xff,  0x00,  0xa0,  0x8a,  0x00,  0x48,  0xfa,
  0x4b,  0xf8,  0x50,  0x03,  0x64,  0x5f,  0xde,  0xbf,  0xfd,  0x72,  0x6f,  0xe6,  0x69,  0x00,  0xac,  0x30,
  0x3f,  0xed,  0xaf,  0xff,  0x00,  0x15,  0x52,  0x02,  0x2f,  0xfa,  0xc9,  0x3f,  0xdc,  0x6f,  0xe7,  0x4c,
  0x07,  0xc6,  0xd8,  0x48,  0xbf,  0xdc,  0x4f,  0xfd,  0x08,  0x55,  0x00,  0xc9,  0xba,  0xcb,  0xff,  0x00,
  0x03,  0xfe,  0xb5,  0x11,  0x01,  0x25,  0xe1,  0x94,  0xff,  0x00,  0xd3,  0x35,  0xfe,  0x74,  0xc0,  0x73,
  0x0c,  0x49,  0x23,  0x7f,  0x7a,  0x50,  0x3f,  0x95,  0x20,  0x10,  0x6e,  0x2e,  0x8b,  0xe9,  0x12,  0xff,
  0x00,  0x3a,  0xa0,  0x16,  0x4e,  0x84,  0xff,  0x00,  0xb2,  0x7f,  0xf4,  0x2a,  0x60,  0x24,  0x9d,  0x24,
  0xfa,  0x2f,  0xf2,  0xa0,  0x02,  0x4f,  0xf8,  0xfa,  0x9b,  0xfd,  0xe3,  0xff,  0x00,  0xa0,  0x35,  0x00,
  0x3a,  0x5f,  0xf5,  0x2d,  0xff,  0x00,  0x5c,  0x8f,  0xf3,  0xa9,  0x00,  0x7f,  0xbe,  0xff,  0x00,  0x56,
  0xff,  0x00,  0xd9,  0xe9,  0x00,  0x1e,  0xb3,  0x7f,  0xbe,  0x7f,  0xf4,  0x31,  0x54,  0x03,  0x97,  0xf8,
  0x7e,  0x83,  0xfa,  0x53,  0x01,  0xa3,  0xef,  0x9f,  0xf7,  0x07,  0xf3,  0x5a,  0x00,  0x69,  0xff,  0x00,
  0x50,  0x3e,  0x8d,  0xff,  0x00,  0xb3,  0xd4,  0xb0,  0x1c,  0x7a,  0xc9,  0xfe,  0xef,  0xfe,  0xce,  0x68,
  0x40,  0x13,  0xfd,  0xe7,  0xff,  0x00,  0x7b,  0xff,  0x00,  0x65,  0x6a,  0x68,  0x06,  0x8f,  0xf5,  0x71,
  0xff,  0x00,  0xd7,  0x1f,  0xf1,  0xa6,  0x00,  0x7f,  0xd5,  0xc9,  0xff,  0x00,  0x5c,  0x7f,  0xc2,  0x80,
  0x1d,  0x07,  0xde,  0x4f,  0xf7,  0xbf,  0xf6,  0x55,  0xa4,  0xc0,  0x07,  0x58,  0xff,  0x00,  0xdd,  0xff,
  0x00,  0xd9,  0xc5,  0x26,  0x03,  0x47,  0xfa,  0x83,  0xf4,  0x5f,  0xfd,  0x92,  0x84,  0x03,  0x8f,  0xdf,
  0x1f,  0xee,  0x1f,  0xe6,  0xd5,  0x40,  0x39,  0xbf,  0x8b,  0xe8,  0x7f,  0xad,  0x00,  0x34,  0x75,  0x87,
  0xfd,  0xf1,  0xff,  0x00,  0xa1,  0x9a,  0x40,  0x09,  0xf7,  0xd3,  0xea,  0xbf,  0xfb,  0x25,  0x48,  0x04,
  0x5f,  0xea,  0x57,  0xfe,  0xb9,  0x0f,  0xe7,  0x4c,  0x06,  0xc7,  0xff,  0x00,  0x1f,  0x50,  0xff,  0x00,
  0xbc,  0x3f,  0xf4,  0x05,  0xaa,  0x00,  0x8f,  0xa4,  0x7f,  0x46,  0xfe,  0x54,  0x00,  0xb1,  0xf4,  0x07,
  0xfd,  0x91,  0xff,  0x00,  0xa1,  0x50,  0x02,  0x1d,  0xc1,  0xdd,  0x7d,  0x62,  0x6f,  0xe7,  0x48,  0x05,
  0x51,  0x99,  0x23,  0x6f,  0xee,  0xca,  0x47,  0xf3,  0xa9,  0x01,  0xb1,  0x72,  0xcc,  0x7f,  0xe9,  0x9b,
  0x7f,  0x3a,  0x60,  0x2c,  0x3d,  0x62,  0xff,  0x00,  0x80,  0x7f,  0x4a,  0x52,  0x01,  0x24,  0xfb,  0x92,
  0xe7,  0xa6,  0xc7,  0xff,  0x00,  0xd0,  0x8d,  0x11,  0x00,  0x93,  0x3c,  0x67,  0xee,  0xf9,  0x6b,  0x8f,
  0xad,  0x30,  0x14,  0x7f,  0xae,  0x7c,  0x7d,  0xef,  0x31,  0x33,  0xf9,  0x8a,  0x40,  0x20,  0xfb,  0xf6,
  0xfe,  0x9e,  0x50,  0xfe,  0x6b,  0x54,  0x03,  0x9f,  0xee,  0x9f,  0xf7,  0x7f,  0xa8,  0xa6,  0x02,  0x3f,
  0xdd,  0x97,  0xfd,  0xff,  0x00,  0xe8,  0x28,  0x02,  0x47,  0xff,  0x00,  0x8f,  0x99,  0xbf,  0xde,  0x3f,
  0xfa,  0x01,  0xa0,  0x06,  0xc9,  0xff,  0x00,  0x1e,  0xcd,  0xff,  0x00,  0x5c,  0xcf,  0xfe,  0x85,  0x52,
  0x02,  0x37,  0xde,  0x7f,  0xfa,  0xe8,  0xdf,  0xc9,  0xa9,  0x01,  0x23,  0x3e,  0xe4,  0x75,  0xff,  0x00,
  0x68,  0x7f,  0x31,  0x54,  0x02,  0xed,  0xfd,  0x69,  0x80,  0x8b,  0xf2,  0x48,  0x1b,  0xfd,  0x93,  0xfc,
  0xc5,  0x00,  0x30,  0x9d,  0xdb,  0x0f,  0xd7,  0xf9,  0x35,  0x4b,  0x01,  0xb1,  0xf4,  0x6f,  0xf7,  0x3f,
  0xf6,  0x73,  0x42,  0x02,  0x47,  0xfb,  0xd2,  0x7f,  0xd7,  0x43,  0xfc,  0x9a,  0x9a,  0x01,  0x23,  0xeb,
  0x6f,  0xff,  0x00,  0x5c,  0x85,  0x30,  0x09,  0x3a,  0xdc,  0x7f,  0xd7,  0x23,  0x40,  0x0a,  0x9f,  0x7a,
  0x3f,  0xfa,  0xe8,  0x3f,  0x92,  0xd2,  0x60,  0x47,  0x27,  0x45,  0xff,  0x00,  0x73,  0xff,  0x00,  0x67,
  0x14,  0x98,  0x0e,  0x07,  0x6e,  0xf3,  0xf4,  0xfe,  0x4b,  0x42,  0x01,  0xed,  0xf3,  0xc8,  0x5b,  0xfd,
  0x91,  0xfc,  0xcd,  0x50,  0x0b,  0xb7,  0xf4,  0xa0,  0x04,  0x57,  0xda,  0x88,  0xbf,  0xed,  0x1f,  0xe6,
  0x69,  0x01,  0x1a,  0xfd,  0xe4,  0xff,  0x00,  0xae,  0x8b,  0xfc,  0x96,  0xa4,  0x05,  0x8f,  0xfe,  0x3d,
  0x97,  0xfe,  0xb9,  0x8f,  0xfd,  0x0a,  0x98,  0x0e,  0x4f,  0xf8,  0xf9,  0x87,  0xfd,  0xe1,  0xff,  0x00,
  0xa0,  0x0a,  0xa0,  0x23,  0x4f,  0xbb,  0x17,  0xfb,  0xff,  0x00,  0xd0,  0xd0,  0x02,  0xa7,  0xdd,  0x1f,
  0xee,  0xff,  0x00,  0x53,  0x40,  0x0d,  0x3f,  0x7e,  0xe3,  0xd3,  0xca,  0x3f,  0xcd,  0xa9,  0x00,  0xa7,
  0xfd,  0x72,  0x67,  0xef,  0x79,  0x8f,  0x8f,  0xcc,  0xd4,  0x80,  0x91,  0xe7,  0x9c,  0x7d,  0xdf,  0x2d,
  0xb3,  0xf5,  0xa6,  0x01,  0x1f,  0xdc,  0x8b,  0x1d,  0x36,  0x27,  0xfe,  0x84,  0x29,  0x48,  0x02,  0x52,
  0xc4,  0x31,  0x3d,  0x18,  0x49,  0xbb,  0xff,  0x00,  0x1e,  0xc5,  0x30,  0x16,  0x46,  0xf9,  0x93,  0xfe,
  0xb9,  0xaf,  0xf3,  0xa0,  0x07,  0x46,  0x71,  0x24,  0xa7,  0xfe,  0x9a,  0xc7,  0x40,  0x0c,  0x8f,  0x8f,
  0xb3,  0xb7,  0xac,  0x2b,  0xfd,  0x29,  0x81,  0x34,  0x9f,  0x75,  0x87,  0xfb,  0x3f,  0xfb,  0x35,  0x30,
  0x22,  0x3f,  0x7a,  0x6f,  0xf7,  0xe8,  0x00,  0x2e,  0xa6,  0x69,  0x7d,  0xf6,  0x9f,  0xfc,  0x70,  0xd0,
  0x04,  0x8a,  0x09,  0x56,  0x03,  0xa9,  0x8f,  0xff,  0x00,  0x66,  0x34,  0x01,  0x1b,  0xa8,  0xdf,  0x23,
  0x0f,  0xbc,  0x1d,  0x81,  0xff,  0x00,  0xc8,  0x94,  0x00,  0xa7,  0xa3,  0x81,  0xd3,  0x78,  0xfe,  0x62,
  0x80,  0x24,  0x3d,  0xfe,  0xb4,  0x00,  0xdf,  0xe3,  0x5f,  0xf7,  0x4f,  0xf3,  0x14,  0x01,  0x13,  0x28,
  0x78,  0xf0,  0x7e,  0xee,  0x0e,  0x7f,  0xef,  0x97,  0xa0,  0x09,  0x48,  0x3e,  0x44,  0x87,  0xf8,  0x48,
  0x6f,  0xfd,  0x0c,  0xd0,  0x02,  0x4c,  0xc1,  0x5a,  0x52,  0x7b,  0x33,  0x7f,  0x26,  0xa0,  0x04,  0x42,
  0x0a,  0xc6,  0x07,  0x68,  0xc0,  0xff,  0x00,  0xc7,  0x68,  0x00,  0x72,  0x02,  0xc8,  0x0f,  0x78,  0xc8,
  0xff,  0x00,  0xc7,  0x68,  0x01,  0x61,  0x60,  0xcd,  0x11,  0x1d,  0xd9,  0x7f,  0x92,  0xd0,  0x02,  0x80,
  0x7c,  0x88,  0xcf,  0xf0,  0x80,  0xbf,  0xfa,  0x18,  0xa0,  0x08,  0x95,  0x42,  0x47,  0x81,  0xf7,  0x70,
  0x31,  0xff,  0x00,  0x7c,  0xa5,  0x00,  0x4b,  0xfc,  0x6d,  0xfe,  0xe8,  0xfe,  0x66,  0x80,  0x1c,  0x3b,
  0x7d,  0x68,  0x02,  0x31,  0xd1,  0x01,  0xe9,  0xbc,  0xff,  0x00,  0x33,  0x40,  0x08,  0x8a,  0x37,  0xc6,
  0xc7,  0xef,  0x17,  0x50,  0x3f,  0xf2,  0x1d,  0x00,  0x48,  0xc0,  0x85,  0x50,  0x7a,  0x88,  0xff,  0x00,
  0xf6,  0x61,  0x40,  0x11,  0x87,  0x51,  0x34,  0x5e,  0xdb,  0x8f,  0xfe,  0x38,  0x28,  0x00,  0x1f,  0x7a,
  0x1f,  0xf7,  0xe8,  0x02,  0x58,  0xfe,  0xea,  0x8f,  0xf6,  0x7f,  0xf6,  0x6a,  0x00,  0x86,  0x4e,  0x7e,
  0xd0,  0xde,  0x90,  0xb7,  0xf5,  0xa4,  0x03,  0xe4,  0x39,  0x92,  0x23,  0xff,  0x00,  0x4d,  0x64,  0xa4,
  0x03,  0x63,  0x6f,  0x99,  0xff,  0x00,  0xeb,  0x9b,  0x7f,  0x3a,  0x00,  0x48,  0x8b,  0x00,  0xa4,  0x74,
  0x51,  0x1e,  0xdf,  0xfc,  0x77,  0x34,  0x00,  0xb2,  0xee,  0xda,  0x7e,  0x92,  0x7f,  0xec,  0xd4,  0x00,
  0x48,  0x32,  0xd1,  0xff,  0x00,  0xb8,  0x9f,  0xce,  0x80,  0x12,  0x33,  0x96,  0xdd,  0xe9,  0x2a,  0x8f,
  0xd6,  0x80,  0x12,  0x33,  0xff,  0x00,  0x1e,  0xbf,  0xf5,  0xcb,  0xfa,  0x8a,  0x60,  0x3a,  0x66,  0xfd,
  0xd9,  0xe3,  0x3c,  0x74,  0xfc,  0x29,  0x80,  0x84,  0xfd,  0xee,  0x71,  0xfb,  0xde,  0x94,  0x00,  0x07,
  0xf9,  0x9f,  0x9c,  0x73,  0xd7,  0xfe,  0x00,  0x68,  0x02,  0x42,  0xd9,  0xdd,  0xc6,  0x7e,  0x43,  0xcf,
  0xfc,  0x0c,  0xd0,  0x02,  0xff,  0x00,  0x14,  0x9f,  0xef,  0x37,  0xf3,  0x7a,  0x00,  0x6a,  0x7d,  0xd6,
  0xff,  0x00,  0x78,  0xff,  0x00,  0xe8,  0x54,  0x00,  0xf9,  0x3f,  0xe5,  0xb7,  0xd5,  0x7f,  0xa5,  0x00,
  0x1f,  0xc2,  0x9f,  0xee,  0x0f,  0xe9,  0x40,  0x11,  0xa7,  0xfa,  0x96,  0xff,  0x00,  0x81,  0x7f,  0x26,
  0xa0,  0x05,  0x73,  0x88,  0xa4,  0xe3,  0x3c,  0x37,  0xfe,  0x86,  0x68,  0x01,  0x65,  0x7f,  0xde,  0x3f,
  0x39,  0xf9,  0xcf,  0x1f,  0xf7,  0xdd,  0x00,  0x47,  0x13,  0x64,  0xc3,  0xce,  0x3e,  0x5f,  0xe8,  0x28,
  0x00,  0x95,  0xb0,  0x66,  0xe7,  0x3f,  0x2f,  0xf4,  0xa0,  0x09,  0x22,  0x7f,  0xde,  0x27,  0x38,  0xf9,
  0xc7,  0x1f,  0xf7,  0xc5,  0x00,  0x22,  0x1c,  0xc5,  0x1f,  0x18,  0xe1,  0x7f,  0xf4,  0x31,  0x40,  0x08,
  0xff,  0x00,  0xea,  0x57,  0xfe,  0x03,  0xfc,  0x96,  0x80,  0x24,  0xfe,  0x17,  0xff,  0x00,  0x70,  0xff,
  0x00,  0x5a,  0x00,  0x23,  0xff,  0x00,  0x96,  0x3f,  0x56,  0xfe,  0xb4,  0x00,  0xc7,  0xfb,  0xab,  0xfe,
  0xf0,  0xff,  0x00,  0xd0,  0xa8,  0x01,  0xdf,  0xc5,  0x1f,  0xfb,  0xcb,  0xfc,  0xd2,  0x80,  0x10,  0x36,
  0x36,  0xf1,  0x8f,  0x90,  0x73,  0xff,  0x00,  0x03,  0x14,  0x01,  0x19,  0x7f,  0x99,  0x39,  0xcf,  0x3d,
  0x7f,  0xe0,  0x02,  0x80,  0x00,  0x7e,  0xef,  0x39,  0xfd,  0xef,  0x4a,  0x00,  0x58,  0x5b,  0xf7,  0x63,
  0x8c,  0x71,  0xd3,  0xf0,  0xa0,  0x06,  0xc8,  0x7f,  0xe3,  0xeb,  0xfe,  0xb9,  0x7f,  0x53,  0x48,  0x05,
  0x90,  0xe1,  0xb7,  0x7a,  0xca,  0xc3,  0xf5,  0xa4,  0x02,  0xc6,  0x30,  0xd2,  0x7f,  0xb8,  0xff,  0x00,
  0xce,  0x80,  0x08,  0xb7,  0x6d,  0x1f,  0x48,  0xff,  0x00,  0xf6,  0x5a,  0x00,  0x25,  0xeb,  0x27,  0xfb,
  0xad,  0xff,  0x00,  0xa1,  0x1a,  0xa0,  0x23,  0x67,  0x20,  0x2a,  0x8e,  0xa6,  0x34,  0x1f,  0xf8,  0xf5,
  0x48,  0x12,  0x41,  0xbb,  0x71,  0xf5,  0xf3,  0x57,  0xf9,  0xd2,  0x01,  0xb1,  0xe3,  0x16,  0xf8,  0xe1,
  0x7c,  0x83,  0x93,  0xea,  0x72,  0x2a,  0x80,  0x73,  0xfd,  0xd6,  0xfc,  0x78,  0xfc,  0x45,  0x30,  0x0c,
  0xe1,  0xa5,  0x3f,  0xed,  0xa7,  0xf3,  0xa0,  0x06,  0x81,  0xf3,  0x3a,  0xfa,  0x9c,  0xff,  0x00,  0xe4,
  0x33,  0x40,  0x12,  0xb6,  0x7c,  0x86,  0xdb,  0xd7,  0xca,  0x3f,  0xce,  0xa4,  0x06,  0x92,  0xc2,  0x49,
  0x0b,  0x75,  0xcb,  0x7f,  0xed,  0x4a,  0x40,  0x3e,  0x2e,  0x8c,  0x3f,  0xbb,  0x30,  0xa6,  0x03,  0x40,
  0xff,  0x00,  0xd0,  0xd7,  0xff,  0x00,  0x65,  0xa0,  0x07,  0xc1,  0xc0,  0x87,  0xd9,  0x49,  0xff,  0x00,
  0xc7,  0x45,  0x00,  0x40,  0xbf,  0xf1,  0xed,  0x8f,  0x51,  0x9f,  0xfc,  0x75,  0xe8,  0x02,  0x45,  0xdf,
  0x89,  0x37,  0x74,  0xc7,  0x1f,  0xf7,  0xd9,  0xa1,  0x00,  0x92,  0x7c,  0xb2,  0xb9,  0xf4,  0x6c,  0x7f,
  0xe3,  0xad,  0x4d,  0x00,  0xd4,  0xe1,  0x14,  0x7a,  0x44,  0x7f,  0x92,  0xd3,  0x00,  0x7e,  0x51,  0x87,
  0xac,  0x43,  0xf9,  0x35,  0x00,  0x3a,  0x3f,  0x9a,  0x54,  0x3e,  0xad,  0x8f,  0xfc,  0x75,  0x69,  0x30,
  0x15,  0xb7,  0xe2,  0x3d,  0xbd,  0x31,  0xcf,  0xfd,  0xf6,  0x29,  0x30,  0x23,  0x6f,  0xf8,  0xf6,  0xc7,
  0xa0,  0xcf,  0xfe,  0x3a,  0x94,  0x01,  0x3c,  0xfc,  0x89,  0xbd,  0xd4,  0x1f,  0xfc,  0x74,  0xd0,  0x03,
  0x08,  0xff,  0x00,  0xd0,  0xdb,  0xff,  0x00,  0x66,  0xa0,  0x07,  0x4b,  0xd1,  0x47,  0xf7,  0xa6,  0x34,
  0x00,  0xc0,  0x58,  0xc9,  0x19,  0x5e,  0xb9,  0x5f,  0xfd,  0xa7,  0x48,  0x07,  0x2e,  0x7c,  0x85,  0xdd,
  0xd7,  0xca,  0x1f,  0xce,  0x98,  0x11,  0x11,  0xf3,  0x22,  0xfa,  0x1c,  0xff,  0x00,  0xe4,  0x31,  0x54,
  0x03,  0xb3,  0x96,  0x88,  0xff,  0x00,  0xb6,  0xff,  0x00,  0xce,  0x80,  0x04,  0xfb,  0xab,  0xf8,  0x71,
  0xf8,  0x9a,  0x00,  0x6c,  0x98,  0xc5,  0xc6,  0x79,  0x5f,  0x20,  0x60,  0xfa,  0x1c,  0x9a,  0x40,  0x3a,
  0x7d,  0xdb,  0x87,  0xaf,  0x9a,  0xdf,  0xce,  0xa4,  0x08,  0xd5,  0xc9,  0x0c,  0xa7,  0xa8,  0x8d,  0xc7,
  0xfe,  0x3d,  0x4c,  0x09,  0x22,  0xeb,  0x1f,  0xfb,  0xab,  0xff,  0x00,  0xa1,  0x0a,  0xa0,  0x09,  0x3e,
  0xe4,  0xbf,  0xef,  0x3f,  0xf5,  0xa0,  0x00,  0x6e,  0xcc,  0x7f,  0xf5,  0xc4,  0x7f,  0xe8,  0x62,  0xa4,
  0x04,  0x8b,  0xfd,  0x73,  0x63,  0xfe,  0x7a,  0xae,  0x3f,  0x3a,  0x40,  0x31,  0x7e,  0xec,  0x1f,  0xf5,
  0xc0,  0xff,  0x00,  0x31,  0x54,  0x04,  0x92,  0xff,  0x00,  0x17,  0xfb,  0xa6,  0x98,  0x08,  0xe4,  0x87,
  0x90,  0x8e,  0xbb,  0xa8,  0x01,  0x24,  0xdc,  0xcd,  0x70,  0x5f,  0xef,  0xe7,  0x8f,  0xfb,  0xe5,  0xa8,
  0x01,  0xf3,  0xf5,  0x9f,  0xfd,  0xc3,  0xfc,  0xcd,  0x48,  0x0e,  0x1c,  0xcf,  0xff,  0x00,  0x03,  0x6f,
  0xe6,  0xf4,  0x80,  0x8d,  0x13,  0x7c,  0x24,  0x7f,  0x75,  0x81,  0xfe,  0x54,  0xc0,  0x53,  0xfc,  0x7f,
  0x55,  0xff,  0x00,  0xd9,  0x28,  0x01,  0x61,  0x4c,  0xb4,  0x6d,  0xfd,  0xd4,  0x1f,  0xc9,  0x68,  0x01,
  0x8b,  0xff,  0x00,  0x1e,  0xd9,  0xf7,  0x3f,  0xfa,  0x09,  0xa0,  0x07,  0x49,  0xd2,  0x5f,  0xf7,  0x5b,
  0xff,  0x00,  0x43,  0x6a,  0x10,  0x0b,  0x20,  0xc9,  0x6c,  0xf4,  0xda,  0x7f,  0x3c,  0x3d,  0x34,  0x03,
  0x72,  0xe5,  0x23,  0x0f,  0xfd,  0xce,  0x29,  0x80,  0x65,  0xc2,  0x48,  0x13,  0xfb,  0x9c,  0xd0,  0x03,
  0xa3,  0x18,  0x2b,  0x8e,  0x9b,  0x47,  0xe7,  0x84,  0xa4,  0xc0,  0x48,  0xfa,  0x45,  0xfe,  0xea,  0xff,
  0x00,  0xe8,  0x6b,  0x49,  0x80,  0xd6,  0xff,  0x00,  0x8f,  0x6c,  0xfb,  0x8f,  0xfd,  0x04,  0x50,  0x03,
  0xe6,  0x4c,  0x34,  0x8d,  0xfd,  0xe4,  0x3f,  0xc9,  0xa8,  0x01,  0x07,  0xf0,  0x7d,  0x5b,  0xff,  0x00,
  0x67,  0xa0,  0x04,  0x74,  0xd9,  0x08,  0x1f,  0xde,  0x62,  0x7f,  0x9d,  0x00,  0x48,  0x78,  0x9f,  0xfe,
  0x06,  0xbf,  0xcd,  0x29,  0x00,  0xd8,  0x3a,  0xc1,  0xfe,  0xe0,  0xfe,  0x62,  0x98,  0x0c,  0x8f,  0x72,
  0xb5,  0xb9,  0x4f,  0xbf,  0x9e,  0x7f,  0xef,  0x95,  0xaa,  0x01,  0x50,  0x92,  0xf1,  0x93,  0xd7,  0x75,
  0x00,  0x2c,  0x5f,  0xc3,  0xfe,  0xe8,  0xa0,  0x08,  0xdb,  0xee,  0xcf,  0xff,  0x00,  0x5c,  0x07,  0xf3,
  0x34,  0x80,  0x7c,  0xbf,  0xeb,  0x97,  0x3f,  0xf3,  0xd5,  0xb3,  0xf9,  0xd4,  0x80,  0xa7,  0x76,  0x64,
  0xff,  0x00,  0xae,  0x27,  0xff,  0x00,  0x43,  0x34,  0xc0,  0x23,  0xfb,  0x91,  0x7f,  0xbc,  0x9f,  0xd2,
  0xa8,  0x06,  0xcb,  0xf7,  0x24,  0xf4,  0xf2,  0xdb,  0xf9,  0xd4,  0x80,  0xe9,  0x36,  0xf9,  0xa9,  0xfe,
  0xe0,  0xff,  0x00,  0xd0,  0xa8,  0x01,  0xa9,  0xf7,  0xa4,  0x1d,  0x3e,  0x75,  0xe7,  0xd7,  0x9a,  0x00,
  0x53,  0xf3,  0x88,  0x9f,  0xd2,  0x2c,  0x63,  0xfe,  0x05,  0x4c,  0x02,  0x4c,  0x88,  0xdf,  0x1d,  0x70,
  0x7f,  0x98,  0xa6,  0x00,  0x31,  0xba,  0x4f,  0xee,  0xee,  0xe7,  0xeb,  0xc5,  0x48,  0x03,  0x7d,  0xf9,
  0xfe,  0xbf,  0xfb,  0x2b,  0x52,  0x01,  0x7f,  0x85,  0xbf,  0xdd,  0x3f,  0xd6,  0x98,  0x0a,  0xbf,  0x78,
  0xff,  0x00,  0xbe,  0x7f,  0xf6,  0x6a,  0x00,  0x41,  0xf7,  0x4f,  0xfb,  0xff,  0x00,  0xfb,  0x28,  0xa0,
  0x09,  0x64,  0xff,  0x00,  0x96,  0xbf,  0x55,  0xfe,  0x94,  0x00,  0x83,  0xef,  0xc1,  0xf4,  0x14,  0x01,
  0x14,  0x7f,  0xea,  0x13,  0xe9,  0xff,  0x00,  0xb2,  0x9a,  0x00,  0x5f,  0xe0,  0x7f,  0xc7,  0xf9,  0xb5,
  0x00,  0x23,  0x75,  0x93,  0xf1,  0xfe,  0x4d,  0x40,  0x0a,  0x99,  0xd9,  0x1e,  0x3e,  0xf6,  0xca,  0x10,
  0x03,  0xe7,  0x64,  0x99,  0xfb,  0xdb,  0x28,  0x60,  0x22,  0xf5,  0x8f,  0xf0,  0xfe,  0x4b,  0x40,  0x0b,
  0xfc,  0x09,  0xf8,  0x7f,  0x35,  0xa0,  0x04,  0x93,  0xfd,  0x43,  0xfd,  0x3f,  0xf6,  0x51,  0x40,  0x12,
  0x9f,  0xbf,  0x3f,  0xd0,  0xd0,  0x02,  0xc7,  0xff,  0x00,  0x2c,  0xbe,  0xad,  0xfd,  0x68,  0x02,  0x23,
  0xf7,  0x47,  0xfb,  0xff,  0x00,  0xfb,  0x29,  0xa0,  0x05,  0x6f,  0xbc,  0x3f,  0xdf,  0x1f,  0xfb,  0x2d,
  0x00,  0x27,  0xf0,  0xaf,  0xfb,  0xa3,  0xfa,  0x50,  0x02,  0x2f,  0xdf,  0x83,  0xeb,  0xff,  0x00,  0xb2,
  0xad,  0x20,  0x03,  0x8d,  0xd1,  0xff,  0x00,  0x77,  0x77,  0x1f,  0x5e,  0x69,  0x80,  0x47,  0x93,  0x1a,
  0x67,  0xae,  0x07,  0xf3,  0xaa,  0x00,  0x1f,  0x20,  0x95,  0xfd,  0x62,  0xc6,  0x3f,  0xe0,  0x54,  0x80,
  0x47,  0xfb,  0xd1,  0x8e,  0xbf,  0x3b,  0x73,  0xe9,  0xcd,  0x20,  0x1d,  0x1e,  0xdf,  0x35,  0xff,  0x00,
  0xdc,  0x3f,  0xfa,  0x15,  0x00,  0x36,  0x2f,  0xb9,  0x1f,  0xa7,  0x96,  0xbf,  0xce,  0x80,  0x16,  0x6c,
  0xf9,  0x72,  0xe3,  0xae,  0x5f,  0xfa,  0xd0,  0x03,  0x5b,  0x1e,  0x6c,  0x78,  0xeb,  0xb1,  0x73,  0xf9,
  0xd0,  0x02,  0xc7,  0x9d,  0xcf,  0x9f,  0xbf,  0xbd,  0x71,  0xf4,  0xcd,  0x00,  0x29,  0x1b,  0x7c,  0x93,
  0xeb,  0x17,  0xfe,  0xcd,  0x4c,  0x01,  0xfe,  0xe3,  0x0f,  0x63,  0xfc,  0xc5,  0x30,  0x03,  0xfe,  0xb1,
  0xff,  0x00,  0xdf,  0xfe,  0x95,  0x20,  0x47,  0xfc,  0x4d,  0xfe,  0xe0,  0xff,  0x00,  0xd0,  0x4d,  0x20,
  0x25,  0x7f,  0xb9,  0x2f,  0xfb,  0xaf,  0xfc,  0xcd,  0x30,  0x08,  0xff,  0x00,  0xd6,  0x7e,  0x27,  0xff,
  0x00,  0x66,  0xa0,  0x07,  0xa1,  0xdb,  0x0b,  0xb7,  0xa4,  0x87,  0xf9,  0x50,  0x00,  0xef,  0x9f,  0x33,
  0xfd,  0xac,  0x1a,  0x00,  0x7c,  0x2f,  0xba,  0x48,  0xd7,  0xfb,  0xa3,  0xfa,  0x50,  0x05,  0x75,  0xff,
  0x00,  0x8f,  0x51,  0xf8,  0xff,  0x00,  0x26,  0xa0,  0x05,  0x5f,  0xf9,  0x6b,  0xf4,  0x1f,  0xfa,  0x11,
  0xa0,  0x06,  0xcd,  0xf7,  0x5f,  0xea,  0x7f,  0xf6,  0x7a,  0x00,  0x55,  0xfe,  0x1f,  0xa0,  0xff,  0x00,
  0xd0,  0x45,  0x08,  0x01,  0xbf,  0x8b,  0xe8,  0x7f,  0xf4,  0x13,  0x43,  0x01,  0x21,  0xfb,  0xa9,  0xf5,
  0x1f,  0xfb,  0x25,  0x00,  0x39,  0xbf,  0xe5,  0x97,  0xd0,  0xff,  0x00,  0xe8,  0x42,  0x80,  0x11,  0xbf,
  0xe3,  0xd4,  0xfe,  0x1f,  0xc9,  0x68,  0x02,  0xc4,  0xcf,  0xb6,  0x49,  0x17,  0xfb,  0xc3,  0xfa,  0x50,
  0x03,  0x11,  0xf1,  0xe5,  0xff,  0x00,  0xb3,  0x93,  0x40,  0x03,  0x9d,  0xd0,  0xa3,  0x7a,  0xc8,  0x3f,
  0x95,  0x00,  0x32,  0x4f,  0xf5,  0x9f,  0x88,  0xff,  0x00,  0xd9,  0x68,  0x00,  0x4f,  0xb9,  0x17,  0xfb,
  0xa9,  0xfc,  0xc5,  0x00,  0x45,  0xfc,  0x4b,  0xfe,  0xe1,  0xff,  0x00,  0xd0,  0x45,  0x20,  0x24,  0x1f,
  0xeb,  0x13,  0xfd,  0xff,  0x00,  0xe9,  0x4c,  0x01,  0x3e,  0xe2,  0x8f,  0x61,  0xfc,  0xcd,  0x50,  0x00,
  0x1b,  0xbc,  0xe3,  0xe9,  0x17,  0xfe,  0xcd,  0x48,  0x04,  0x93,  0x3b,  0x93,  0x1f,  0x7f,  0x7b,  0x67,
  0xe9,  0x9a,  0x40,  0x22,  0xe3,  0xcd,  0x93,  0x3d,  0x76,  0x36,  0x3f,  0x3a,  0x00,  0x74,  0x39,  0xf2,
  0xe2,  0xcf,  0x5c,  0xa7,  0xf4,  0xa0,  0x06,  0xbf,  0x49,  0x3e,  0xad,  0xfd,  0x28,  0x01,  0x13,  0xef,
  0x37,  0xfb,  0x8b,  0xfc,  0xc5,  0x00,  0x3c,  0x73,  0x21,  0x1f,  0xed,  0xaf,  0xf3,  0xa0,  0x04,  0x07,
  0x70,  0x85,  0x7d,  0x21,  0x1f,  0xcc,  0x53,  0x00,  0x93,  0xee,  0xca,  0x7d,  0x9a,  0x98,  0x0d,  0x7f,
  0xf9,  0x6b,  0xff,  0x00,  0x5d,  0x17,  0xf9,  0x2d,  0x48,  0x00,  0xff,  0x00,  0x5d,  0x37,  0xd0,  0x7f,
  0xe8,  0xb3,  0x48,  0x09,  0x08,  0xc9,  0x70,  0x7a,  0x6d,  0x6f,  0xe6,  0x69,  0x80,  0xd2,  0x4b,  0xca,
  0xc0,  0xfd,  0xd2,  0xe7,  0x1f,  0x86,  0xfa,  0x00,  0x97,  0x19,  0x8a,  0x40,  0x7a,  0x99,  0x0f,  0xf5,
  0xa6,  0x02,  0x16,  0xce,  0xff,  0x00,  0x7c,  0x2f,  0xf2,  0xa6,  0x03,  0xa2,  0x3b,  0x9d,  0x5b,  0xfd,
  0x90,  0x3f,  0xf1,  0xd3,  0x40,  0x10,  0x38,  0x22,  0x25,  0x23,  0xef,  0x7c,  0xca,  0x3f,  0x10,  0xd5,
  0x2c,  0x07,  0x7d,  0xe8,  0x9d,  0x8f,  0xde,  0xe4,  0x1f,  0xfb,  0xe8,  0xd0,  0x01,  0x37,  0xdd,  0x7f,
  0xa9,  0xfe,  0x4f,  0x40,  0x0d,  0x87,  0xef,  0xc3,  0xff,  0x00,  0x5c,  0x87,  0xf2,  0x14,  0x20,  0x09,
  0xbe,  0xfc,  0xdf,  0xf5,  0xc8,  0xff,  0x00,  0x23,  0x43,  0x01,  0xd0,  0xfd,  0xd4,  0xfa,  0x8f,  0xe4,
  0x94,  0x00,  0x7d,  0xd8,  0x91,  0x87,  0xde,  0xe0,  0x0f,  0xfb,  0xe8,  0x50,  0x03,  0x50,  0x13,  0x13,
  0x13,  0xf7,  0xbe,  0x55,  0x3f,  0x80,  0x5a,  0x10,  0x13,  0xca,  0x76,  0xbb,  0x30,  0xfe,  0xe9,  0x1f,
  0xf8,  0xe8,  0xaa,  0x01,  0xa1,  0xb1,  0xb3,  0xdb,  0x2b,  0xfc,  0xe8,  0x01,  0x71,  0x88,  0xa3,  0x03,
  0xa8,  0x90,  0x7f,  0x4a,  0x40,  0x44,  0x09,  0x49,  0x54,  0x0f,  0xba,  0x1c,  0x67,  0xf1,  0xd9,  0x48,
  0x07,  0x01,  0x82,  0x80,  0x74,  0xda,  0xbf,  0xcc,  0x50,  0x04,  0x67,  0xfd,  0x74,  0x3f,  0x43,  0xff,
  0x00,  0xa2,  0xc5,  0x20,  0x04,  0xff,  0x00,  0x96,  0x5f,  0xf5,  0xd1,  0xbf,  0x93,  0x53,  0x01,  0xd1,
  0xfd,  0xd8,  0x8f,  0xb2,  0xd5,  0x00,  0x13,  0xb4,  0x4c,  0xbe,  0xb0,  0x9f,  0xe6,  0x69,  0x00,  0xa7,
  0x89,  0x00,  0xff,  0x00,  0x6d,  0xbf,  0x9d,  0x20,  0x18,  0xff,  0x00,  0x79,  0x7f,  0xdc,  0x6f,  0xe6,
  0x68,  0x01,  0x53,  0xa4,  0x7f,  0x55,  0xfe,  0xb4,  0x00,  0x92,  0xff,  0x00,  0xab,  0x9b,  0xea,  0xf4,
  0x00,  0xe1,  0x9f,  0x37,  0x8e,  0xbe,  0x58,  0xff,  0x00,  0xd0,  0xa8,  0x00,  0x1f,  0xeb,  0x5b,  0x1f,
  0x7b,  0x7a,  0xe6,  0x80,  0x15,  0x79,  0x78,  0xdb,  0xb3,  0xc7,  0x8a,  0x60,  0x33,  0x68,  0xd9,  0xb8,
  0xf4,  0x0a,  0x07,  0xeb,  0x4c,  0x03,  0x90,  0xf2,  0x83,  0xf7,  0x96,  0x75,  0xc7,  0xd2,  0xa4,  0x07,
  0x47,  0xf7,  0xa5,  0xfa,  0x7f,  0xed,  0x33,  0x48,  0x09,  0x66,  0xff,  0x00,  0x56,  0xdf,  0xee,  0x37,
  0xf3,  0x34,  0xc0,  0x6b,  0xfd,  0xf6,  0xf4,  0xcb,  0x7f,  0x37,  0xa0,  0x01,  0x76,  0xe4,  0xfd,  0x4f,
  0xf3,  0xa6,  0x02,  0x8f,  0xf0,  0xfe,  0x94,  0xc0,  0x38,  0xc7,  0x3e,  0x83,  0xfa,  0x50,  0x04,  0x6d,
  0x8f,  0x2d,  0xb1,  0xef,  0xfc,  0x9a,  0xa5,  0x81,  0x21,  0xfb,  0xd2,  0x7e,  0x3f,  0xfa,  0x13,  0x50,
  0x02,  0xcb,  0xd6,  0x4f,  0xf7,  0x8f,  0xf2,  0x7a,  0x00,  0x82,  0x2c,  0x0f,  0x27,  0x3f,  0x74,  0x46,
  0x4f,  0xfe,  0x3a,  0x28,  0x40,  0x12,  0xe0,  0xf9,  0xd8,  0xfb,  0xa6,  0x30,  0x7f,  0xf1,  0xd3,  0x43,
  0x02,  0x78,  0xba,  0xc7,  0xfe,  0xf0,  0xfe,  0x49,  0x40,  0x08,  0x3e,  0xf4,  0x7f,  0x87,  0xfe,  0x84,
  0xb4,  0x01,  0x1a,  0xe3,  0xcb,  0x5c,  0xfb,  0x7f,  0x25,  0xa1,  0x01,  0x27,  0x18,  0xe3,  0xd0,  0xff,
  0x00,  0x5a,  0xa0,  0x03,  0xfe,  0x3f,  0xd6,  0x80,  0x11,  0xb6,  0xe4,  0x7d,  0x47,  0xf3,  0xa4,  0x00,
  0x9f,  0x7d,  0x7d,  0x32,  0xbf,  0xcd,  0x29,  0x00,  0xe8,  0x7f,  0xd5,  0xaf,  0xfb,  0x8b,  0xfc,  0xc5,
  0x00,  0x45,  0x27,  0xde,  0x8b,  0xe9,  0xff,  0x00,  0xb4,  0xc5,  0x20,  0x1b,  0xc9,  0x78,  0x80,  0xfb,
  0xcd,  0x3b,  0x67,  0xe9,  0x4c,  0x03,  0x68,  0xd9,  0xb8,  0x74,  0x2a,  0x47,  0xeb,  0x54,  0x03,  0xdb,
  0x87,  0x91,  0xbb,  0x24,  0x78,  0xa4,  0x02,  0x1f,  0xf5,  0xab,  0x9f,  0xbd,  0xbd,  0xb1,  0x48,  0x00,
  0xe7,  0xcd,  0xe7,  0xaf,  0x96,  0x7f,  0xf4,  0x2a,  0x00,  0x6c,  0x5f,  0xea,  0xe1,  0xfa,  0xa5,  0x00,
  0x2f,  0x79,  0x7e,  0xaf,  0x4d,  0x00,  0xef,  0xf9,  0x67,  0x1f,  0x38,  0xfd,  0xd8,  0xff,  0x00,  0xd0,
  0xe9,  0x00,  0x83,  0x1b,  0x9f,  0x23,  0x23,  0xcf,  0x1c,  0xfe,  0x54,  0x80,  0x5e,  0xf0,  0xed,  0xe9,
  0xe5,  0xff,  0x00,  0x85,  0x50,  0x0d,  0x6e,  0x87,  0xfd,  0xdf,  0xfd,  0x98,  0x53,  0x01,  0xf9,  0x22,
  0x59,  0x08,  0xeb,  0xe6,  0x27,  0xf3,  0x14,  0x00,  0xc5,  0x1f,  0x2b,  0x2b,  0x75,  0x2a,  0xa7,  0xff,
  0x00,  0x1c,  0x34,  0x01,  0x34,  0x9f,  0xea,  0x5f,  0xfd,  0xc3,  0xff,  0x00,  0xb3,  0x54,  0x80,  0x8f,
  0xfe,  0xb5,  0xfd,  0x72,  0xff,  0x00,  0xcd,  0xe9,  0x00,  0xd5,  0xdd,  0xb1,  0xfe,  0xa7,  0xff,  0x00,
  0x42,  0xa6,  0x03,  0x87,  0x6f,  0xc3,  0xfa,  0x50,  0x02,  0x2e,  0x72,  0x71,  0xd3,  0x6f,  0xf8,  0x50,
  0x03,  0x79,  0xf2,  0x9f,  0x3e,  0xa7,  0xff,  0x00,  0x66,  0xa0,  0x09,  0x3f,  0xe7,  0xa7,  0xd0,  0xff,
  0x00,  0xe8,  0x4f,  0x42,  0x01,  0x26,  0xc2,  0xbc,  0xa7,  0xd3,  0x23,  0xff,  0x00,  0x42,  0xa6,  0x80,
  0x8c,  0x64,  0x0c,  0x1e,  0x81,  0x0f,  0xfe,  0x82,  0xb4,  0xc0,  0x0e,  0x48,  0xc0,  0xe8,  0x50,  0x7f,
  0xe8,  0x2d,  0x40,  0x12,  0x43,  0x86,  0x78,  0x8f,  0xae,  0x07,  0xfe,  0x83,  0x49,  0x80,  0xbf,  0xf3,
  0xcf,  0xe8,  0x3f,  0xf4,  0x24,  0xa4,  0xc0,  0x8f,  0x9f,  0x29,  0x31,  0xea,  0x3f,  0xf6,  0x5a,  0x00,
  0x73,  0x67,  0x23,  0x3d,  0x36,  0xff,  0x00,  0x8d,  0x00,  0x29,  0xef,  0xf8,  0xff,  0x00,  0x5a,  0x00,
  0x6b,  0x6e,  0xd8,  0x9f,  0x51,  0xff,  0x00,  0xa1,  0x50,  0x03,  0x93,  0xfd,  0x6a,  0x7a,  0xe5,  0x3f,
  0x9a,  0x52,  0x01,  0x63,  0xff,  0x00,  0x52,  0x9f,  0xee,  0x0f,  0xfd,  0x96,  0x98,  0x10,  0xb0,  0xf9,
  0x55,  0x57,  0xa8,  0x56,  0x3f,  0xf8,  0xe0,  0xaa,  0x01,  0xf9,  0x26,  0x58,  0xc9,  0xeb,  0xe6,  0x3f,
  0xf3,  0x34,  0x00,  0xc5,  0xe8,  0x3f,  0xdd,  0xff,  0x00,  0xd9,  0x8d,  0x00,  0x38,  0x75,  0x9b,  0x77,
  0x4f,  0x2f,  0xfc,  0x69,  0x00,  0x87,  0x1b,  0x93,  0x03,  0x03,  0xcf,  0x3c,  0xfe,  0x75,  0x20,  0x2f,
  0xfc,  0xb3,  0x93,  0x9c,  0xfe,  0xec,  0xff,  0x00,  0xe8,  0x74,  0xc0,  0x6f,  0x78,  0xbe,  0xa9,  0x4d,
  0x80,  0xf5,  0xce,  0x26,  0xc7,  0x5c,  0xbd,  0x08,  0x00,  0x1c,  0x49,  0x6f,  0xbb,  0xae,  0xc5,  0xff,
  0x00,  0xd9,  0x69,  0x00,  0xb0,  0x0f,  0x98,  0x2f,  0x63,  0x20,  0x3f,  0xad,  0x20,  0x18,  0xa4,  0xfe,
  0xe9,  0x9b,  0xee,  0x88,  0x30,  0x3f,  0x35,  0xaa,  0x01,  0x24,  0xca,  0x84,  0x23,  0xa9,  0x2d,  0xfc,
  0xe9,  0x80,  0xe3,  0x8f,  0x34,  0x81,  0xf7,  0x7c,  0xd1,  0x9f,  0xad,  0x00,  0x34,  0x8c,  0x99,  0xff,
  0x00,  0x1f,  0xfd,  0x02,  0x80,  0x26,  0x95,  0x7e,  0x57,  0xff,  0x00,  0xae,  0x6d,  0xfc,  0xda,  0xa4,
  0x04,  0x5f,  0xbe,  0x7e,  0xa7,  0xff,  0x00,  0x67,  0xa4,  0x02,  0x45,  0xf7,  0x5b,  0x9c,  0x7b,  0xff,
  0x00,  0xc0,  0xc5,  0x30,  0x24,  0x1d,  0xbf,  0x79,  0xdb,  0xfc,  0x28,  0x01,  0x1b,  0xf8,  0xbe,  0x7d,
  0xdf,  0x28,  0xe3,  0xfe,  0x04,  0xb4,  0x01,  0x18,  0xff,  0x00,  0x50,  0xff,  0x00,  0xef,  0x37,  0xf2,
  0x6a,  0x00,  0x52,  0x32,  0x26,  0xfa,  0xff,  0x00,  0xec,  0xcd,  0x42,  0x01,  0x66,  0x5c,  0x4b,  0x27,
  0xd7,  0xfa,  0xbd,  0x34,  0x04,  0x71,  0xe7,  0x64,  0x18,  0xfb,  0xdb,  0x4f,  0xf2,  0xa6,  0x01,  0x26,
  0x76,  0x4f,  0x9f,  0xbd,  0xb4,  0x7f,  0x2a,  0x00,  0x92,  0x15,  0xcc,  0xb1,  0xfd,  0x7f,  0xaa,  0x52,
  0x60,  0x20,  0x18,  0x10,  0xfd,  0x7f,  0xf6,  0x65,  0xa4,  0xc0,  0x43,  0xfe,  0xa1,  0x3f,  0xde,  0x5f,
  0xe4,  0xb4,  0x01,  0x22,  0xff,  0x00,  0x0f,  0xcf,  0xb7,  0xe5,  0x3c,  0x7f,  0xc0,  0x9a,  0x80,  0x14,
  0xf7,  0xfd,  0xe7,  0x6f,  0xf1,  0xa0,  0x08,  0xe5,  0xfb,  0xab,  0xce,  0x7d,  0xff,  0x00,  0xe0,  0x66,
  0x80,  0x15,  0xbe,  0xf8,  0xfa,  0x8f,  0xfd,  0x92,  0x90,  0x0b,  0x12,  0xfc,  0xa9,  0xff,  0x00,  0x5c,
  0xd7,  0xf9,  0xad,  0x30,  0x21,  0x03,  0x06,  0x0f,  0xc3,  0xff,  0x00,  0x40,  0xaa,  0x01,  0xc3,  0x1e,
  0x68,  0x07,  0xee,  0xf9,  0xa7,  0x1f,  0x5a,  0x00,  0x6c,  0x79,  0x60,  0xe4,  0xf5,  0x05,  0x7f,  0x9d,
  0x00,  0x2b,  0x13,  0xfb,  0xd6,  0x5f,  0xba,  0x60,  0xc1,  0xfc,  0xda,  0x90,  0x0f,  0x9c,  0x7c,  0xc5,
  0x7b,  0x09,  0x09,  0xfd,  0x6a,  0x40,  0x42,  0x73,  0x25,  0xc6,  0xde,  0xbb,  0x1b,  0xff,  0x00,  0x66,
  0xa6,  0x00,  0xd9,  0xc4,  0x39,  0xeb,  0x95,  0xa6,  0xc0,  0xff,  0xd9,
};

wxImage GetImage_Wood59()
{
	static wxMemoryInputStream is(image_Wood59, sizeof(image_Wood59));
	static wxImage image(is, wxBITMAP_TYPE_ANY, -1);
	return image;
}
