#include <wx/image.h>
#include <wx/mstream.h>
static const unsigned char image_Wood27[] = {
  0xff,  0xd8,  0xff,  0xe0,  0x00,  0x10,  0x4a,  0x46,  0x49,  0x46,  0x00,  0x01,  0x01,  0x01,  0x00,  0x60,
  0x00,  0x60,  0x00,  0x00,  0xff,  0xdb,  0x00,  0x43,  0x00,  0x03,  0x02,  0x02,  0x03,  0x02,  0x02,  0x03,
  0x03,  0x03,  0x03,  0x04,  0x03,  0x03,  0x04,  0x05,  0x08,  0x05,  0x05,  0x04,  0x04,  0x05,  0x0a,  0x07,
  0x07,  0x06,  0x08,  0x0c,  0x0a,  0x0c,  0x0c,  0x0b,  0x0a,  0x0b,  0x0b,  0x0d,  0x0e,  0x12,  0x10,  0x0d,
  0x0e,  0x11,  0x0e,  0x0b,  0x0b,  0x10,  0x16,  0x10,  0x11,  0x13,  0x14,  0x15,  0x15,  0x15,  0x0c,  0x0f,
  0x17,  0x18,  0x16,  0x14,  0x18,  0x12,  0x14,  0x15,  0x14,  0xff,  0xdb,  0x00,  0x43,  0x01,  0x03,  0x04,
  0x04,  0x05,  0x04,  0x05,  0x09,  0x05,  0x05,  0x09,  0x14,  0x0d,  0x0b,  0x0d,  0x14,  0x14,  0x14,  0x14,
  0x14,  0x14,  0x14,  0x14,  0x14,  0x14,  0x14,  0x14,  0x14,  0x14,  0x14,  0x14,  0x14,  0x14,  0x14,  0x14,
  0x14,  0x14,  0x14,  0x14,  0x14,  0x14,  0x14,  0x14,  0x14,  0x14,  0x14,  0x14,  0x14,  0x14,  0x14,  0x14,
  0x14,  0x14,  0x14,  0x14,  0x14,  0x14,  0x14,  0x14,  0x14,  0x14,  0x14,  0x14,  0x14,  0x14,  0xff,  0xc0,
  0x00,  0x11,  0x08,  0x01,  0x00,  0x01,  0x00,  0x03,  0x01,  0x22,  0x00,  0x02,  0x11,  0x01,  0x03,  0x11,
  0x01,  0xff,  0xc4,  0x00,  0x1b,  0x00,  0x00,  0x03,  0x01,  0x01,  0x01,  0x01,  0x01,  0x00,  0x00,  0x00,
  0x00,  0x00,  0x00,  0x00,  0x00,  0x00,  0x03,  0x04,  0x05,  0x06,  0x02,  0x01,  0x00,  0x07,  0xff,  0xc4,
  0x00,  0x48,  0x10,  0x00,  0x02,  0x01,  0x03,  0x03,  0x01,  0x05,  0x04,  0x07,  0x06,  0x03,  0x05,  0x07,
  0x05,  0x01,  0x00,  0x01,  0x02,  0x11,  0x00,  0x03,  0x04,  0x05,  0x12,  0x21,  0x31,  0x06,  0x13,  0x22,
  0x41,  0x51,  0x14,  0x32,  0x61,  0x81,  0x23,  0x42,  0x71,  0x91,  0xa1,  0xc1,  0xd1,  0x15,  0x24,  0x62,
  0xb1,  0xe1,  0xf0,  0x33,  0x52,  0x72,  0x16,  0x25,  0x73,  0x82,  0xf1,  0x07,  0x26,  0x43,  0x53,  0x63,
  0x83,  0xa2,  0x34,  0x35,  0x92,  0x93,  0xb2,  0xd2,  0xff,  0xc4,  0x00,  0x1b,  0x01,  0x00,  0x03,  0x01,
  0x01,  0x01,  0x01,  0x01,  0x00,  0x00,  0x00,  0x00,  0x00,  0x00,  0x00,  0x00,  0x00,  0x01,  0x02,  0x03,
  0x00,  0x04,  0x05,  0x06,  0x07,  0xff,  0xc4,  0x00,  0x31,  0x11,  0x00,  0x02,  0x01,  0x01,  0x05,  0x07,
  0x03,  0x05,  0x01,  0x00,  0x02,  0x03,  0x00,  0x00,  0x00,  0x00,  0x00,  0x01,  0x02,  0x11,  0x03,  0x21,
  0x31,  0x41,  0x61,  0x12,  0x22,  0x32,  0x71,  0x81,  0xc1,  0xf0,  0x42,  0x51,  0xb1,  0x13,  0x23,  0x33,
  0x91,  0xd1,  0x04,  0x43,  0x72,  0x62,  0x82,  0xe1,  0xff,  0xda,  0x00,  0x0c,  0x03,  0x01,  0x00,  0x02,
  0x11,  0x03,  0x11,  0x00,  0x3f,  0x00,  0xfc,  0x63,  0x5f,  0x42,  0xb7,  0xf7,  0x12,  0xbb,  0x88,  0xb6,
  0x38,  0x3d,  0x23,  0x77,  0x1f,  0xdf,  0xa5,  0x33,  0x60,  0xa0,  0xc2,  0xbe,  0xa4,  0x33,  0x14,  0xce,
  0x06,  0x00,  0x30,  0xc3,  0xbe,  0x5e,  0xb4,  0xa6,  0xba,  0x77,  0xb9,  0x1b,  0x40,  0x8b,  0xab,  0x2a,
  0xa2,  0x00,  0xf7,  0xb9,  0xa3,  0x58,  0xbe,  0xbd,  0xdd,  0xd8,  0x05,  0x81,  0xcc,  0x56,  0x96,  0xf2,
  0xfa,  0x71,  0xd6,  0xbf,  0x3c,  0xa3,  0xd8,  0x47,  0xdb,  0xbc,  0x0c,  0xf6,  0x7d,  0xc9,  0xdc,  0x40,
  0x00,  0x2e,  0x45,  0x9e,  0x7d,  0x3c,  0x2b,  0x5a,  0x9d,  0x4c,  0x37,  0x70,  0x5d,  0x9b,  0xc4,  0x5c,
  0x90,  0x14,  0xc0,  0x12,  0x1b,  0xfa,  0x7d,  0xf5,  0x94,  0xc8,  0x00,  0x8b,  0xa6,  0x24,  0xf7,  0xd6,
  0xcc,  0x47,  0xa5,  0xb1,  0x5b,  0x0c,  0x8c,  0x74,  0x7b,  0x61,  0x01,  0xf1,  0xbb,  0xc9,  0xdb,  0xc4,
  0x08,  0x22,  0x39,  0xf4,  0x91,  0x55,  0xb5,  0xa2,  0xd9,  0xf3,  0xd8,  0x0b,  0x11,  0x1b,  0xca,  0x2c,
  0x65,  0x00,  0xcf,  0xb7,  0x66,  0x52,  0x83,  0x3e,  0x7e,  0x3f,  0x8d,  0x2a,  0x96,  0x4b,  0x9d,  0xe0,
  0xc1,  0x17,  0xee,  0x7a,  0x19,  0xe4,  0x57,  0x4c,  0xec,  0xd6,  0xf2,  0x5d,  0x88,  0x77,  0x5c,  0xc2,
  0x09,  0x81,  0xe5,  0x74,  0x8a,  0xeb,  0x62,  0xdb,  0x5b,  0x9e,  0x28,  0x2d,  0x75,  0x9b,  0xef,  0x8e,
  0xa2,  0x95,  0x5c,  0x02,  0x82,  0x83,  0x6a,  0xd6,  0x8f,  0x78,  0x82,  0x62,  0xfd,  0xc8,  0x82,  0x39,
  0x11,  0x72,  0xb3,  0xf9,  0xf8,  0xfb,  0x6f,  0xe5,  0xb9,  0x11,  0x32,  0x40,  0x26,  0x66,  0x59,  0xaa,
  0xc6,  0x56,  0xeb,  0x5a,  0x46,  0x88,  0xe8,  0x4a,  0xb1,  0xc8,  0x6e,  0x7c,  0xf9,  0x2e,  0x3a,  0x47,
  0xa7,  0xc6,  0xa4,  0x64,  0xdd,  0x6f,  0x6c,  0xc9,  0x02,  0x23,  0x90,  0xb2,  0xde,  0x7b,  0xab,  0x59,
  0xd6,  0xb5,  0xf3,  0x11,  0xe0,  0x1b,  0xb4,  0x56,  0xd6,  0xcd,  0xec,  0xc5,  0x55,  0xd9,  0xb8,  0xa1,
  0x23,  0xd3,  0xe8,  0x97,  0xf4,  0xa6,  0x7b,  0x3e,  0xa5,  0x93,  0x14,  0x12,  0x61,  0x9e,  0xcc,  0x11,
  0xd7,  0x80,  0x41,  0xa0,  0x76,  0x84,  0x32,  0xe7,  0x64,  0x8d,  0xa5,  0x78,  0xb6,  0x08,  0x8e,  0x47,
  0xd0,  0x8f,  0x5a,  0x7f,  0xb2,  0xb8,  0xfb,  0x1b,  0x08,  0x06,  0x24,  0x82,  0xbc,  0x30,  0xeb,  0xcb,
  0x7a,  0x7c,  0xeb,  0x49,  0xd2,  0xc5,  0x79,  0x90,  0x16,  0x0c,  0x57,  0x21,  0x59,  0xf0,  0x1c,  0x8e,
  0x17,  0x65,  0xc9,  0x9f,  0x40,  0xab,  0x41,  0xc0,  0xbd,  0xb2,  0xde,  0x5d,  0xcd,  0xbb,  0xbf,  0x74,
  0x64,  0x95,  0xf2,  0xeb,  0x4d,  0xdd,  0x6d,  0xb8,  0x77,  0x38,  0x0d,  0x29,  0x7d,  0x67,  0xfe,  0x51,
  0x42,  0xc2,  0xb5,  0xb3,  0x4e,  0xcb,  0x86,  0x0d,  0x2a,  0xea,  0xde,  0x53,  0xc3,  0x4d,  0x14,  0xf7,
  0x6f,  0x32,  0xc1,  0x84,  0xb6,  0xbd,  0xc3,  0x05,  0x0b,  0x2f,  0x70,  0x90,  0x7c,  0xe4,  0x6d,  0xfe,
  0xb5,  0xed,  0x95,  0x2d,  0x8e,  0x1c,  0x0e,  0x42,  0xc1,  0x27,  0xa4,  0xf7,  0x87,  0xef,  0xf2,  0xae,
  0x32,  0xe5,  0x35,  0xbb,  0x09,  0x6e,  0x48,  0x10,  0x40,  0xf4,  0x95,  0xff,  0x00,  0xa5,  0x13,  0x4f,
  0x83,  0xa7,  0xe5,  0xb1,  0x2c,  0xc5,  0x2e,  0x80,  0xa0,  0x18,  0x10,  0x79,  0x3f,  0xce,  0x95,  0xe1,
  0x5e,  0x42,  0xe2,  0x23,  0xd9,  0x7f,  0xa1,  0xd1,  0x72,  0x1c,  0xc7,  0xbb,  0x68,  0xf2,  0x79,  0xe3,
  0xbc,  0xae,  0x40,  0xba,  0x70,  0x71,  0x55,  0xc4,  0x21,  0x65,  0x21,  0x87,  0x9f,  0x0d,  0xd4,  0xd3,
  0x1a,  0x05,  0x99,  0xec,  0xcd,  0xf2,  0x40,  0xe5,  0x6d,  0x44,  0xfa,  0x78,  0xe4,  0xd7,  0x0d,  0x70,
  0x5c,  0xd2,  0xf0,  0x58,  0xf8,  0x82,  0xec,  0x53,  0x1e,  0x47,  0xc5,  0x33,  0xf7,  0x55,  0x5b,  0xdf,
  0x97,  0x3e,  0xc3,  0xe4,  0x35,  0xae,  0xa3,  0x6e,  0xc2,  0x52,  0xca,  0x66,  0xd0,  0x75,  0xf9,  0x81,
  0xf7,  0xd6,  0x73,  0x43,  0x25,  0x2e,  0x64,  0x15,  0x30,  0x76,  0x98,  0xfb,  0x9a,  0xaf,  0x6a,  0x85,
  0xae,  0x5c,  0xc1,  0x94,  0x01,  0x57,  0x15,  0x4c,  0x91,  0xd7,  0xc0,  0x39,  0xfc,  0x05,  0x41,  0xd2,
  0x4e,  0xce,  0xf8,  0x83,  0x06,  0x08,  0x1c,  0x75,  0xeb,  0x4f,  0x65,  0xf8,  0xda,  0x24,  0x8a,  0xdd,
  0xb2,  0x2f,  0x7b,  0x44,  0x0e,  0xdb,  0x41,  0xef,  0x39,  0xdb,  0xd3,  0x92,  0x7c,  0xeb,  0xc4,  0x01,
  0x75,  0x4d,  0x40,  0xdb,  0x22,  0xe0,  0x68,  0x7d,  0xde,  0x47,  0xca,  0x7e,  0xe0,  0x2b,  0xee,  0xd4,
  0xef,  0xb9,  0xa2,  0x80,  0xc0,  0x0d,  0xac,  0x24,  0xcf,  0x5e,  0x7d,  0x2a,  0x7e,  0x8d,  0x92,  0x4b,
  0xe5,  0xb6,  0xee,  0x3b,  0xa8,  0x98,  0xf4,  0x9a,  0x10,  0x5f,  0x6b,  0xf7,  0xd8,  0xc7,  0x8b,  0x67,
  0x7e,  0xb1,  0x93,  0x23,  0xa3,  0x13,  0xf8,  0xd6,  0x9e,  0xda,  0xb0,  0xd3,  0xf0,  0xed,  0x80,  0x36,
  0x87,  0x63,  0xe9,  0xf5,  0x57,  0xf5,  0xfc,  0x6a,  0x2d,  0x8b,  0x53,  0xaa,  0xe5,  0x47,  0x97,  0x3c,
  0x7d,  0xa6,  0xaf,  0xe3,  0xdb,  0x85,  0x55,  0x61,  0x00,  0x35,  0xc3,  0xc8,  0x8e,  0x0a,  0x8f,  0xd2,
  0xa7,  0x6d,  0x2a,  0xd3,  0xcc,  0x86,  0x46,  0x77,  0x50,  0x1b,  0x74,  0xe5,  0x12,  0x44,  0xbd,  0xc9,
  0xff,  0x00,  0xf6,  0x5c,  0xaa,  0x98,  0x05,  0x4e,  0x85,  0xad,  0x40,  0x1b,  0x9a,  0xd3,  0xb7,  0x3d,
  0x07,  0x86,  0x0f,  0xe3,  0x53,  0xf5,  0x16,  0x07,  0x0b,  0x19,  0x14,  0x6e,  0x63,  0x75,  0xf8,  0x27,
  0xac,  0xdc,  0xba,  0x29,  0xf4,  0x0c,  0x31,  0x35,  0x44,  0x65,  0x0a,  0x3b,  0x8b,  0xc4,  0xa9,  0x10,
  0x0c,  0x03,  0xe7,  0xf0,  0xa3,  0x2e,  0x1e,  0xbd,  0xca,  0xac,  0x04,  0xfb,  0x30,  0x42,  0xe9,  0x76,
  0x4b,  0x6f,  0x99,  0x30,  0x07,  0x43,  0xc9,  0xa7,  0xfb,  0x41,  0x74,  0x01,  0x85,  0x20,  0x70,  0xad,
  0x0d,  0xe6,  0x49,  0xa4,  0x7b,  0x3c,  0xbb,  0x74,  0x60,  0xff,  0x00,  0x55,  0x7c,  0x8c,  0xfa,  0xf9,
  0x7c,  0x69,  0xce,  0xd2,  0xa4,  0x1c,  0x4e,  0x04,  0x8b,  0x73,  0xc7,  0x9c,  0x80,  0x68,  0x4a,  0xfb,
  0x6f,  0xd9,  0x28,  0x88,  0x6b,  0x4c,  0x45,  0xeb,  0xaa,  0x60,  0x4d,  0xa7,  0x00,  0x4f,  0x96,  0xf3,
  0x56,  0x73,  0xdf,  0xda,  0xff,  0x00,  0xec,  0xd2,  0xd5,  0xc0,  0x42,  0x90,  0xd6,  0x8b,  0x2a,  0x1f,
  0x09,  0x24,  0x8f,  0x2f,  0x9f,  0xe1,  0x51,  0x35,  0x97,  0xef,  0x73,  0x15,  0x81,  0x90,  0x55,  0xe0,
  0xc7,  0xf1,  0x55,  0x6b,  0xb9,  0x01,  0xff,  0x00,  0xec,  0xd2,  0xca,  0x8d,  0xcb,  0x26,  0xd8,  0xdb,
  0xb7,  0x83,  0x0c,  0x07,  0x5a,  0x12,  0x57,  0x59,  0xf3,  0x40,  0x27,  0xe9,  0x6a,  0x1b,  0x45,  0xd4,
  0x7d,  0xd9,  0xdd,  0xbb,  0x99,  0x93,  0xcf,  0x95,  0x5a,  0xcf,  0xbc,  0xcb,  0x8b,  0x76,  0x54,  0x12,
  0x31,  0xda,  0x09,  0x83,  0x06,  0x50,  0xc8,  0xf8,  0xc1,  0xe9,  0x52,  0xf4,  0x10,  0x5b,  0x48,  0xd4,
  0x90,  0xc1,  0x04,  0x31,  0x32,  0x60,  0x8e,  0x01,  0xaa,  0x7a,  0xd5,  0xd4,  0x1a,  0x78,  0xbc,  0x04,
  0x1b,  0xb6,  0x1d,  0x65,  0x44,  0x7d,  0x5b,  0x7d,  0x69,  0x27,  0x7d,  0xa5,  0x35,  0xfe,  0x14,  0x8e,
  0x04,  0x0d,  0x7b,  0xe9,  0x35,  0xcb,  0x10,  0x22,  0x5e,  0x47,  0x3f,  0x11,  0xfa,  0x51,  0x54,  0x83,
  0xda,  0x4c,  0x87,  0x05,  0x44,  0x02,  0x67,  0xa8,  0xf7,  0x88,  0xfc,  0xab,  0x9c,  0xdb,  0x2a,  0xdd,
  0xa0,  0xb0,  0xaa,  0xb0,  0x37,  0xdc,  0x91,  0xeb,  0x04,  0xfe,  0x95,  0xe3,  0x58,  0x5b,  0x3a,  0xfe,
  0x68,  0x81,  0x0a,  0x1c,  0x80,  0x3c,  0xbe,  0x91,  0xfe,  0xfe,  0x2a,  0xea,  0x9b,  0x29,  0x68,  0x20,
  0x4d,  0x6a,  0xea,  0xdb,  0xce,  0x24,  0x26,  0xe8,  0x60,  0x41,  0x93,  0xcf,  0x51,  0xe7,  0x4d,  0x3d,
  0xce,  0xec,  0xde,  0x51,  0xe1,  0x22,  0xea,  0x31,  0xf8,  0x7d,  0x30,  0xe9,  0x4b,  0xea,  0xb6,  0xc3,
  0x65,  0xe5,  0x5c,  0x2b,  0xe1,  0xb6,  0x40,  0xdd,  0x31,  0x3c,  0xff,  0x00,  0x5a,  0xef,  0x36,  0xf4,
  0xe7,  0xe4,  0x02,  0x3a,  0x5c,  0xb6,  0x60,  0x74,  0x3f,  0x4a,  0x29,  0x12,  0xaa,  0x8a,  0xf3,  0x21,
  0xde,  0x08,  0x93,  0x7d,  0xc3,  0xa1,  0x1d,  0x41,  0xbf,  0x1d,  0x3d,  0x10,  0x0a,  0xdb,  0x30,  0xb8,
  0xcb,  0x67,  0x6f,  0x17,  0x37,  0x88,  0xe2,  0x41,  0xe0,  0x56,  0x21,  0xc6,  0xdd,  0xa6,  0x04,  0x7b,
  0x41,  0xfe,  0x55,  0xbe,  0xc6,  0x2c,  0x00,  0x64,  0x62,  0x18,  0xdc,  0xdf,  0xe2,  0x13,  0x00,  0xfa,
  0x7f,  0x7e,  0x54,  0x9f,  0xe8,  0xb9,  0x44,  0x55,  0x99,  0x9a,  0xc7,  0x97,  0x5b,  0xa0,  0xc9,  0x77,
  0xcc,  0x27,  0xd0,  0x7f,  0x8c,  0x66,  0x9b,  0xcf,  0xb4,  0x6d,  0xe3,  0xda,  0x70,  0x20,  0x5c,  0x24,
  0x6e,  0xf4,  0xe3,  0xa7,  0xe3,  0x41,  0xc3,  0xbc,  0x2d,  0x5a,  0x63,  0xc1,  0x27,  0x2b,  0x70,  0x26,
  0x20,  0xfd,  0x31,  0xa7,  0xb3,  0x71,  0xc7,  0xec,  0x8c,  0x6b,  0x92,  0x4b,  0x6f,  0x22,  0x3c,  0x8f,
  0x58,  0x02,  0x96,  0x4e,  0x92,  0x5c,  0xc5,  0x78,  0x0b,  0x6a,  0x17,  0x15,  0x34,  0x3d,  0x11,  0x94,
  0x32,  0xb8,  0xbf,  0x26,  0x4f,  0x1e,  0xf3,  0x7d,  0xd5,  0x27,  0x23,  0x1c,  0xdc,  0xcd,  0xb9,  0xe6,
  0x03,  0x8d,  0xc6,  0x7a,  0x00,  0xfd,  0x6a,  0x96,  0xb9,  0x2b,  0xd9,  0xcd,  0x24,  0xee,  0x04,  0xa5,
  0xc2,  0x02,  0x85,  0x32,  0x04,  0x9e,  0xbf,  0x7d,  0x24,  0xa5,  0x46,  0x53,  0x82,  0x0d,  0xbd,  0xc7,
  0x69,  0x58,  0xea,  0x0b,  0xfc,  0x2a,  0x96,  0x77,  0x2a,  0xaf,  0x77,  0xf2,  0x52,  0x07,  0x7d,  0xa4,
  0xb6,  0x06,  0xb1,  0x96,  0xa4,  0x82,  0x80,  0xda,  0x59,  0x04,  0xf2,  0x3b,  0x9f,  0x8f,  0xd9,  0x56,
  0xfb,  0x24,  0xca,  0x9a,  0x9e,  0x22,  0xa9,  0x07,  0xc3,  0xe2,  0x55,  0xea,  0xde,  0xf0,  0xa9,  0x5d,
  0xa3,  0x42,  0x7b,  0x41,  0x9c,  0x83,  0x69,  0x59,  0xb7,  0x1c,  0x1f,  0xfc,  0x93,  0x45,  0xec,  0xfb,
  0x1b,  0xba,  0xad,  0xa5,  0x42,  0x03,  0xdb,  0x30,  0x5c,  0xf9,  0x7b,  0xde,  0x9f,  0x7f,  0xca,  0x92,
  0x6b,  0x6a,  0xc5,  0x72,  0xec,  0x05,  0x83,  0x01,  0x7e,  0xe8,  0x36,  0x9a,  0xd8,  0xe7,  0x71,  0xbe,
  0xa3,  0x8f,  0xe1,  0xaf,  0x74,  0xd5,  0x17,  0x71,  0xc8,  0x60,  0x40,  0x76,  0x75,  0x03,  0xcb,  0x80,
  0xd4,  0x0c,  0xeb,  0x9e,  0xe1,  0x69,  0x8e,  0xfa,  0xf9,  0x20,  0xff,  0x00,  0xa0,  0x7e,  0xb4,  0x4d,
  0x11,  0x95,  0xd2,  0xca,  0x28,  0x86,  0x7b,  0xee,  0xa2,  0x4c,  0x48,  0x2a,  0x7f,  0x3a,  0x76,  0xa9,
  0x0a,  0xf9,  0x98,  0x32,  0x3c,  0xcd,  0xba,  0xab,  0xda,  0x44,  0xb7,  0xb8,  0x96,  0xef,  0x00,  0x90,
  0x39,  0x91,  0x34,  0x7b,  0x58,  0x4e,  0xd8,  0x99,  0x9b,  0x65,  0x91,  0x54,  0xb3,  0x48,  0xe3,  0xe0,
  0x66,  0x95,  0xbc,  0xa1,  0xfb,  0x41,  0x6d,  0xbf,  0x8d,  0x58,  0x91,  0xc0,  0xea,  0xd3,  0x57,  0x6c,
  0x2a,  0xda,  0xc3,  0xd4,  0x9a,  0x09,  0x54,  0xb5,  0xee,  0xaf,  0x32,  0x20,  0x9e,  0xb4,  0xb3,  0x7b,
  0x29,  0x53,  0x43,  0x2c,  0x44,  0x74,  0x1b,  0x1b,  0x7b,  0x23,  0x96,  0xe4,  0xf0,  0x2d,  0xdb,  0x31,
  0xe9,  0xc3,  0xd4,  0xf3,  0x71,  0x8f,  0x66,  0xb0,  0xfc,  0x27,  0x9b,  0xab,  0x0c,  0x07,  0x96,  0xe7,
  0xab,  0x3a,  0x3d,  0x82,  0x7b,  0x2d,  0xa8,  0xdb,  0x17,  0x20,  0x9b,  0x36,  0xca,  0x80,  0x7d,  0xe1,
  0xe2,  0x1c,  0xf9,  0x79,  0xd4,  0x80,  0xcc,  0xdd,  0x95,  0xc5,  0x53,  0x6e,  0x7e,  0x92,  0xd1,  0xdc,
  0x7a,  0x4e,  0xfb,  0x9f,  0xa8,  0xac,  0x9d,  0x65,  0x27,  0xff,  0x00,  0x92,  0xf8,  0x36,  0x4c,  0xeb,
  0x21,  0xde,  0xe6,  0x56,  0x32,  0xb1,  0x95,  0x5c,  0x55,  0x03,  0x8e,  0x3f,  0xc3,  0xe9,  0xf2,  0xa8,
  0x9a,  0x69,  0x08,  0x18,  0xfd,  0xbc,  0xfa,  0x75,  0xab,  0x56,  0xbe,  0x97,  0x2e,  0xca,  0x92,  0x54,
  0xae,  0x34,  0x40,  0xf3,  0xf0,  0x1a,  0x8d,  0xa7,  0x88,  0xb6,  0xfe,  0x63,  0xc5,  0xc7,  0xdf,  0x5d,
  0x30,  0xba,  0x2d,  0x72,  0x15,  0x16,  0x35,  0xd0,  0x5b,  0x42,  0x27,  0x82,  0xa4,  0xc8,  0x3e,  0x5d,
  0x7f,  0xa5,  0x41,  0xd1,  0x42,  0xda,  0x6b,  0xa1,  0x66,  0x1b,  0x1c,  0x34,  0x47,  0x9c,  0x19,  0xad,
  0x26,  0xaa,  0xbf,  0xf7,  0x6a,  0xd8,  0x0b,  0x00,  0x96,  0xe3,  0xec,  0x26,  0xb2,  0x1d,  0x9d,  0x66,
  0x6b,  0xf7,  0xc1,  0x24,  0xf8,  0x0f,  0x9f,  0x41,  0x06,  0x9a,  0xc6,  0xfb,  0x29,  0x73,  0x31,  0xaa,
  0xc7,  0xb4,  0xb6,  0xb3,  0xf3,  0x0f,  0x3b,  0x55,  0x37,  0x40,  0x1f,  0x13,  0x57,  0x71,  0x2e,  0x77,
  0x99,  0x8a,  0x83,  0x99,  0x0e,  0x7a,  0xc6,  0xe1,  0xb4,  0xf9,  0x54,  0x8b,  0xca,  0xd6,  0xaf,  0x66,
  0x34,  0x89,  0xee,  0xa0,  0x90,  0x38,  0x1e,  0x22,  0x29,  0x9b,  0x77,  0x8f,  0xed,  0xeb,  0x1d,  0xdc,
  0x90,  0xd6,  0x0a,  0xf8,  0xba,  0x49,  0x53,  0x5c,  0x53,  0x5b,  0x57,  0xe9,  0xd8,  0x28,  0x48,  0xdb,
  0x95,  0xd3,  0x7c,  0x80,  0xc8,  0x2b,  0xc0,  0xf2,  0xef,  0x1c,  0xd3,  0x77,  0xed,  0xb8,  0xb7,  0xaa,
  0xee,  0x63,  0x1d,  0xcd,  0xe3,  0x0b,  0xe5,  0xc1,  0xfe,  0x95,  0x2a,  0xe5,  0xf2,  0x96,  0xf1,  0x88,
  0x1b,  0x82,  0x65,  0x31,  0x93,  0xd0,  0x72,  0x7a,  0x53,  0xc9,  0x90,  0x6e,  0x63,  0xea,  0x7b,  0x4c,
  0x01,  0x6a,  0xff,  0x00,  0x85,  0xbd,  0x20,  0xd5,  0x24,  0x9e,  0x3e,  0x62,  0x51,  0x70,  0x8b,  0x68,
  0x4c,  0x53,  0x43,  0xb6,  0x7a,  0xf8,  0xc8,  0x03,  0xfb,  0x1f,  0x6d,  0x31,  0xda,  0x9b,  0xc4,  0xe4,
  0xe3,  0x28,  0x56,  0x00,  0x5a,  0x1c,  0x11,  0x3f,  0x57,  0xaf,  0xce,  0x85,  0xd9,  0xf4,  0x17,  0x34,
  0xac,  0x65,  0x03,  0x93,  0x71,  0xa6,  0x7c,  0xfd,  0xdf,  0xca,  0x9b,  0xed,  0x49,  0xdd,  0x97,  0x68,
  0x06,  0xf0,  0xad,  0xa1,  0x07,  0xa9,  0xe4,  0x1a,  0xcf,  0xf3,  0x7e,  0xc9,  0xc4,  0x8f,  0x9e,  0x7b,
  0xcc,  0xb2,  0x3a,  0x90,  0x18,  0x72,  0x3e,  0x22,  0xac,  0x2d,  0x85,  0x6f,  0xfb,  0x35,  0x5c,  0x8e,
  0x84,  0x15,  0xb7,  0x1e,  0xb1,  0x7a,  0x3a,  0xfc,  0xaa,  0x26,  0x49,  0x8c,  0xe2,  0x4f,  0x3c,  0x91,
  0x3e,  0xbc,  0x8a,  0x7d,  0x6f,  0xb2,  0x7f,  0xd9,  0xf7,  0x76,  0x09,  0x50,  0x73,  0x56,  0xd9,  0x1f,
  0xe6,  0x12,  0xcd,  0xfc,  0xe3,  0xee,  0xaa,  0x4d,  0x3a,  0x42,  0x9e,  0xe8,  0x07,  0xba,  0x0b,  0x0f,
  0x67,  0xcb,  0x52,  0x4a,  0xc8,  0x7e,  0xa3,  0xaf,  0x86,  0x29,  0xed,  0x61,  0xe3,  0x44,  0x47,  0xb6,
  0x46,  0xd2,  0xb7,  0x54,  0x6d,  0x9f,  0xfc,  0xb4,  0xa4,  0x74,  0x54,  0xe7,  0x20,  0x2b,  0x6c,  0x62,
  0xae,  0x08,  0x1d,  0x63,  0x6f,  0xe3,  0x4c,  0x6a,  0x96,  0xcd,  0xbd,  0x0d,  0x2e,  0x70,  0x3d,  0xfb,
  0x60,  0xa9,  0xe2,  0x05,  0xa0,  0x7f,  0x19,  0xa9,  0x4a,  0x9f,  0x51,  0x0f,  0x1c,  0x05,  0xf3,  0x16,
  0x7b,  0x47,  0x63,  0xc3,  0xbb,  0xdf,  0x81,  0xd3,  0xd6,  0x87,  0x9b,  0xe3,  0xed,  0x1e,  0xa5,  0x3c,
  0x70,  0xf3,  0x1c,  0x41,  0xef,  0x1b,  0xf5,  0xa3,  0x64,  0xda,  0x23,  0x5b,  0xb3,  0x04,  0x27,  0x17,
  0x58,  0x10,  0x0f,  0x1c,  0x1a,  0x5b,  0x25,  0xb6,  0x6b,  0xda,  0x8c,  0xb7,  0xf9,  0xc0,  0x3f,  0xf3,
  0x7f,  0x5a,  0xa4,  0x72,  0xe5,  0xdc,  0x41,  0x8c,  0xd0,  0x6f,  0x64,  0x67,  0x0d,  0x93,  0x2d,  0x10,
  0xbf,  0x62,  0x9f,  0xd6,  0x97,  0xbc,  0xf0,  0xf7,  0xa6,  0x09,  0x29,  0x60,  0xff,  0x00,  0xf3,  0x53,
  0x4e,  0xea,  0x0c,  0x3d,  0xbb,  0x50,  0x42,  0x49,  0x06,  0xe9,  0x6d,  0xc2,  0x47,  0xd5,  0x5e,  0x9f,
  0x75,  0x27,  0x95,  0xb3,  0xd8,  0xcd,  0xc0,  0x60,  0x1b,  0x56,  0x37,  0x05,  0xf2,  0x86,  0x14,  0x21,
  0x82,  0xe9,  0xd8,  0xa3,  0xc1,  0x01,  0xc3,  0x1b,  0xad,  0xa9,  0x2d,  0xd6,  0xe5,  0xfe,  0xa3,  0xf8,
  0x5e,  0x2b,  0x5f,  0x1b,  0x2e,  0x0b,  0x08,  0xca,  0x1a,  0xd9,  0x13,  0x20,  0x80,  0x01,  0x35,  0x93,
  0xd3,  0x49,  0xf6,  0x7c,  0x43,  0x70,  0x80,  0xac,  0xd7,  0x8f,  0x4f,  0x54,  0x7a,  0xd8,  0x5f,  0xfa,
  0x54,  0x22,  0xdd,  0xd6,  0x64,  0x60,  0x92,  0x54,  0x85,  0x33,  0x27,  0x8e,  0x9c,  0x7f,  0xd6,  0xa3,
  0xfe,  0x8e,  0x25,  0xe6,  0x66,  0x8e,  0x66,  0x53,  0x14,  0x6c,  0xc4,  0xc4,  0x6e,  0x01,  0xef,  0x62,
  0x3d,  0x7c,  0x63,  0xa1,  0xf9,  0xd6,  0x86,  0xf3,  0x0f,  0xd9,  0xb6,  0xd1,  0x41,  0xda,  0x08,  0x62,
  0x5a,  0x78,  0x26,  0x7a,  0x4d,  0x67,  0x74,  0xf0,  0x46,  0x95,  0xa7,  0x12,  0x77,  0x12,  0x41,  0x12,
  0x79,  0x9d,  0xcb,  0x5a,  0x2b,  0x2c,  0x08,  0xcb,  0xb4,  0x01,  0x1b,  0x52,  0xd3,  0x8d,  0xde,  0x66,
  0x48,  0x91,  0xe8,  0x2b,  0x5a,  0xe3,  0xd7,  0xb9,  0x32,  0x5e,  0xae,  0x5d,  0x74,  0x0d,  0x39,  0x7e,
  0xaa,  0xdd,  0xeb,  0xe9,  0xc9,  0xe7,  0xf1,  0xfc,  0x29,  0x2b,  0x4c,  0x17,  0x3c,  0xb6,  0xf2,  0x40,
  0x20,  0xb0,  0x61,  0xfc,  0x5d,  0x41,  0xa6,  0x35,  0xdb,  0xa4,  0x76,  0x7a,  0xd7,  0x40,  0xab,  0x77,
  0x74,  0x74,  0x32,  0x58,  0xd2,  0xee,  0x9b,  0x73,  0xec,  0x32,  0xf0,  0xad,  0xb4,  0x02,  0x47,  0x07,
  0x91,  0xe5,  0xe7,  0x55,  0x87,  0x0f,  0xec,  0xa4,  0x06,  0xf5,  0x8f,  0xfe,  0xfb,  0x9e,  0xad,  0xd0,
  0x80,  0x47,  0xff,  0x00,  0xa8,  0xc7,  0xf3,  0xaf,  0xbb,  0x2a,  0xc6,  0xe6,  0xb6,  0xeb,  0x00,  0x77,
  0xb7,  0x00,  0xe2,  0x44,  0x70,  0xd1,  0xe7,  0x47,  0xce,  0x48,  0xd6,  0xf5,  0x23,  0x2b,  0x02,  0xdb,
  0x78,  0xbc,  0xb8,  0xb4,  0x69,  0x6e,  0xcf,  0x06,  0xb7,  0xac,  0x5b,  0x6e,  0x93,  0x79,  0x39,  0xfb,
  0x55,  0xff,  0x00,  0x4a,  0x4c,  0x6c,  0x9a,  0xd1,  0x19,  0x60,  0xc4,  0x75,  0x52,  0x6d,  0xba,  0xdb,
  0xf3,  0x17,  0x6f,  0x7b,  0xc4,  0xcf,  0xba,  0x94,  0xd6,  0x9c,  0xae,  0x6f,  0xe9,  0x85,  0x4c,  0x86,
  0xca,  0x60,  0x3e,  0xea,  0x47,  0x5b,  0x02,  0xde,  0x4b,  0x6d,  0x04,  0x05,  0x6b,  0xa7,  0x9e,  0xb1,
  0xb5,  0x2a,  0x9e,  0x09,  0x5b,  0x7f,  0xb1,  0x22,  0x40,  0xf6,  0x82,  0xc6,  0x01,  0xf4,  0x3f,  0xdc,
  0x55,  0x65,  0xf8,  0xd7,  0x5e,  0xe2,  0xfa,  0x4e,  0x30,  0x50,  0x66,  0x6b,  0x38,  0x60,  0x90,  0x55,
  0xf6,  0xcc,  0x8f,  0x30,  0x0d,  0x5b,  0x8b,  0x76,  0xf1,  0x35,  0x02,  0xe0,  0x12,  0x53,  0x61,  0xe7,
  0xd5,  0x4f,  0x97,  0x9f,  0x4a,  0x95,  0xd9,  0x75,  0xef,  0xf2,  0xb1,  0x9f,  0x79,  0xb6,  0x55,  0xba,
  0x81,  0xcf,  0x46,  0xa7,  0xb5,  0x2b,  0xc6,  0xde,  0x1e,  0x72,  0xdb,  0x55,  0x9b,  0x9c,  0x21,  0x24,
  0x02,  0x61,  0x2e,  0x12,  0x45,  0x73,  0xda,  0x5f,  0x3d,  0x9e,  0x5f,  0x20,  0xc5,  0x87,  0xd0,  0x6c,
  0x6e,  0xd1,  0x0a,  0x33,  0x49,  0x85,  0x83,  0x1c,  0xc6,  0xf8,  0xa8,  0x76,  0x0a,  0x8d,  0x19,  0xf1,
  0xd5,  0x03,  0x3a,  0xdc,  0xb7,  0x31,  0xe4,  0x45,  0xc7,  0x89,  0xfe,  0xfc,  0xab,  0x49,  0xd9,  0xdb,
  0xcb,  0x7b,  0x4d,  0xb2,  0x36,  0xee,  0x0f,  0x6d,  0x37,  0x17,  0x8e,  0x3c,  0x53,  0xf3,  0xeb,  0x59,
  0xdc,  0x1c,  0x40,  0xc9,  0x9a,  0x7c,  0xfd,  0xa0,  0x70,  0x47,  0x4f,  0xa4,  0x3f,  0x7d,  0x08,  0x3d,
  0xe9,  0x57,  0xdd,  0x05,  0x60,  0xc1,  0x62,  0x9e,  0xf3,  0x51,  0x50,  0x43,  0x6d,  0xee,  0x82,  0x40,
  0xe7,  0xea,  0x11,  0x51,  0xb0,  0x16,  0x6c,  0x12,  0x60,  0x81,  0xbb,  0xaf,  0xaf,  0x35,  0x73,  0x4c,
  0xf0,  0xea,  0xae,  0x09,  0x03,  0x6a,  0x71,  0xb7,  0x80,  0x46,  0xc3,  0x50,  0xb4,  0xe5,  0x2d,  0x87,
  0x70,  0x8e,  0x48,  0xdc,  0x04,  0xfd,  0x86,  0xbb,  0x63,  0x9f,  0x4e,  0xe2,  0x9a,  0x4d,  0x4b,  0xc7,
  0xd9,  0xac,  0x6d,  0xc3,  0x8d,  0xcd,  0x1c,  0x11,  0xeb,  0x35,  0x8b,  0xd0,  0x09,  0xb7,  0x99,  0x76,
  0x07,  0x25,  0x1b,  0xf9,  0x1a,  0xda,  0xe5,  0x8f,  0xfb,  0xbb,  0x86,  0x3c,  0xc8,  0x6f,  0x2f,  0x22,
  0x5b,  0xf4,  0xac,  0x6e,  0x8c,  0xbf,  0xbf,  0x38,  0x98,  0x05,  0x58,  0x71,  0xfe,  0x93,  0x46,  0xc3,
  0x82,  0x68,  0xcc,  0xdb,  0x6a,  0xb6,  0x9c,  0xe7,  0xe5,  0xdb,  0x62,  0x49,  0xba,  0xaa,  0x48,  0x1e,
  0x40,  0x90,  0x60,  0x57,  0xd7,  0xa2,  0xde,  0xb5,  0x8d,  0x6e,  0x64,  0x0b,  0x48,  0x39,  0xe2,  0x64,
  0x1f,  0xba,  0xab,  0xe7,  0xd8,  0x64,  0x5e,  0xf7,  0x61,  0x60,  0xf6,  0x92,  0x41,  0x1c,  0x82,  0x08,
  0x9e,  0x7c,  0xfd,  0x2a,  0x0d,  0xb0,  0x2e,  0xeb,  0xe4,  0x98,  0xb6,  0x16,  0xe5,  0xb4,  0x0b,  0x26,
  0x60,  0x29,  0x90,  0x3e,  0x62,  0xb8,  0x61,  0x2d,  0xa8,  0xf2,  0x5f,  0xc1,  0xa1,  0x89,  0x31,  0x8e,
  0xdc,  0x0b,  0xae,  0x02,  0x9b,  0x8b,  0x7f,  0x70,  0x14,  0x6c,  0x0c,  0x92,  0xd8,  0x7a,  0x82,  0x16,
  0x55,  0x1d,  0xc5,  0xd0,  0x01,  0x1f,  0xc2,  0x60,  0x50,  0x77,  0xf7,  0xb6,  0x32,  0xf6,  0xb4,  0x04,
  0xbb,  0x0d,  0x23,  0xd7,  0x99,  0xfc,  0x6b,  0xab,  0x08,  0x17,  0x13,  0x30,  0x86,  0x0c,  0x16,  0xcb,
  0x80,  0x67,  0xce,  0x0d,  0x76,  0x3a,  0x52,  0xf1,  0xd7,  0x09,  0x47,  0xb2,  0xd6,  0xd5,  0xf0,  0x31,
  0x56,  0x00,  0x6d,  0xee,  0x27,  0xcc,  0x70,  0xbd,  0x0f,  0xca,  0xbd,  0xd7,  0x0f,  0xef,  0x68,  0x9e,
  0xf3,  0xfb,  0x3a,  0x86,  0xf8,  0x98,  0x32,  0x68,  0xbd,  0x90,  0xf1,  0x69,  0xf8,  0xe6,  0x0b,  0x45,
  0xc6,  0x80,  0x62,  0x3a,  0x0a,  0x06,  0xb5,  0x74,  0x5d,  0xcf,  0xb2,  0xd2,  0x24,  0x63,  0x44,  0x1e,
  0x3f,  0xcd,  0xd6,  0x7f,  0xbe,  0x2b,  0x9f,  0xfe,  0x66,  0x22,  0x21,  0x65,  0xdc,  0x2b,  0x92,  0x59,
  0x8c,  0x1d,  0xc4,  0x7e,  0x2b,  0x4f,  0x23,  0xcf,  0x63,  0x72,  0x50,  0x90,  0x5d,  0x35,  0x24,  0xf0,
  0xc0,  0xe1,  0x4a,  0x4f,  0xe2,  0x67,  0xee,  0xa9,  0x99,  0x57,  0x0d,  0xcb,  0xa1,  0x88,  0xda,  0x4b,
  0x99,  0x13,  0xf1,  0x15,  0xce,  0x46,  0xa6,  0xd6,  0x6d,  0xe4,  0x69,  0xdc,  0xfd,  0x36,  0x4d,  0x9b,
  0xdb,  0xbc,  0xa1,  0x55,  0x81,  0x07,  0xe6,  0xcb,  0xf7,  0x1a,  0xed,  0x71,  0x72,  0x49,  0x2c,  0x85,
  0x34,  0x3a,  0x46,  0xd4,  0xba,  0x0f,  0x46,  0x60,  0xf0,  0x4f,  0x5e,  0x82,  0x8b,  0xa9,  0x9e,  0xf3,
  0xb3,  0x36,  0xa1,  0x3b,  0xb0,  0x0d,  0xdd,  0xa6,  0x38,  0x3f,  0x46,  0x87,  0x8a,  0x5b,  0x06,  0xe1,
  0xb1,  0x77,  0x14,  0xc8,  0x0c,  0x43,  0x8f,  0x87,  0x41,  0x4c,  0xea,  0x4c,  0xd7,  0x7b,  0x3d,  0x6d,
  0x82,  0xed,  0x01,  0x6e,  0x88,  0x03,  0xaf,  0x81,  0x7c,  0xeb,  0x8d,  0xf1,  0xa7,  0xe6,  0x63,  0xa0,
  0x39,  0x71,  0x73,  0x56,  0xc7,  0x72,  0x09,  0x31,  0x78,  0xc0,  0x53,  0xc4,  0x03,  0xe5,  0x4b,  0x65,
  0xef,  0xfd,  0xa9,  0x96,  0xc0,  0x41,  0x3b,  0xa1,  0x94,  0xf0,  0x4c,  0xaf,  0xea,  0x3e,  0xfa,  0x61,
  0x46,  0xdc,  0x9c,  0x72,  0xfd,  0x05,  0xbc,  0x82,  0xbf,  0xfe,  0x27,  0xa9,  0xa1,  0xe6,  0x21,  0x4b,
  0xe4,  0x8e,  0x37,  0x77,  0x84,  0x7a,  0xf1,  0xdd,  0xd3,  0xc6,  0xe6,  0x96,  0x9d,  0xc5,  0x3e,  0xd6,
  0x6e,  0x33,  0xea,  0x5a,  0x83,  0x31,  0xdc,  0xac,  0xdb,  0x8e,  0xd3,  0xea,  0xb5,  0xe6,  0xb2,  0xbe,
  0xc9,  0xd9,  0xf5,  0x65,  0x42,  0x01,  0xb2,  0x87,  0x93,  0xe8,  0x45,  0x75,  0xda,  0x00,  0x2d,  0xe7,
  0xea,  0x06,  0xdf,  0xb8,  0xae,  0x16,  0x17,  0xa5,  0x13,  0xb4,  0xf6,  0x6d,  0xaf,  0x66,  0xf1,  0xdd,
  0x40,  0x26,  0xe6,  0x38,  0x3b,  0xa6,  0x7f,  0xcb,  0xc5,  0x68,  0xbe,  0x0e,  0x83,  0x3c,  0x10,  0xbe,
  0x96,  0x9f,  0xb9,  0xe9,  0x64,  0x90,  0xc1,  0xb7,  0x92,  0xa4,  0xff,  0x00,  0xe9,  0xb5,  0x6a,  0xb1,
  0xb2,  0xed,  0x8b,  0xc7,  0xbd,  0x10,  0xaa,  0x01,  0xe4,  0x42,  0xa8,  0xe7,  0xaf,  0x1f,  0x6f,  0x35,
  0x99,  0xd0,  0xd0,  0x3e,  0x46,  0x93,  0x6f,  0xa1,  0x3b,  0xc1,  0xf3,  0xe3,  0xba,  0x6e,  0x3f,  0x9f,
  0xdf,  0x56,  0xee,  0xe2,  0xa5,  0xec,  0x65,  0x51,  0x74,  0x77,  0xbd,  0xde,  0xc3,  0x0b,  0x1d,  0x59,
  0x87,  0x03,  0xa5,  0x46,  0xdd,  0x27,  0x2a,  0x3f,  0x2f,  0x66,  0x8e,  0x0c,  0x95,  0x81,  0x67,  0x6f,
  0x67,  0xf1,  0x5c,  0x72,  0xc3,  0x69,  0x06,  0x26,  0x39,  0x14,  0x7c,  0x6c,  0xf2,  0xda,  0x93,  0x33,
  0x2b,  0x01,  0x76,  0xca,  0xac,  0x7a,  0xc3,  0xd7,  0xda,  0x78,  0xdb,  0xd9,  0xdc,  0x3d,  0xa4,  0x72,
  0xcb,  0x3f,  0x85,  0x2a,  0x6e,  0x15,  0xcc,  0xc4,  0xb9,  0xc1,  0x51,  0x20,  0xfc,  0x3c,  0x5c,  0x53,
  0x53,  0x69,  0xca,  0xbe,  0xec,  0x0b,  0x13,  0xed,  0x7c,  0x4e,  0x88,  0x44,  0x1d,  0xdd,  0xe2,  0x89,
  0x22,  0x38,  0xdd,  0x31,  0xf8,  0x9a,  0x16,  0x52,  0xed,  0x54,  0x59,  0x8e,  0xef,  0x69,  0x8f,  0x84,
  0xaf,  0x4f,  0xbe,  0x9a,  0xd5,  0xd5,  0xce,  0x90,  0xe1,  0x9a,  0x57,  0xbd,  0xb6,  0x04,  0x1f,  0x88,
  0xa5,  0x35,  0x00,  0x57,  0x3b,  0x69,  0xda,  0xc4,  0xdb,  0xb6,  0x48,  0x1e,  0x5c,  0xaf,  0xe9,  0x54,
  0x86,  0x0b,  0xaf,  0x61,  0xa3,  0x99,  0x4f,  0x63,  0x5d,  0xd6,  0x75,  0x0e,  0x08,  0x01,  0x2e,  0x01,
  0x27,  0xcb,  0xba,  0x6a,  0x5b,  0x46,  0x5e,  0xee,  0xfe,  0x3d,  0xe3,  0x1b,  0x4d,  0xfb,  0x4b,  0xb7,
  0xac,  0x0d,  0xb7,  0x29,  0x80,  0x01,  0xd5,  0xb5,  0x06,  0xb8,  0x4b,  0x3f,  0x76,  0x60,  0x13,  0x1d,
  0x6d,  0x9e,  0x94,  0x85,  0x83,  0xb3,  0xba,  0x92,  0x10,  0xb6,  0x4d,  0xa0,  0x42,  0x8e,  0x22,  0x1f,
  0xcf,  0xe7,  0x53,  0x57,  0xa6,  0xb4,  0x46,  0x58,  0x31,  0x6e,  0xd2,  0x2c,  0xea,  0x77,  0xfc,  0x81,
  0xef,  0x0c,  0x7f,  0xca,  0x29,  0xdc,  0x16,  0x5b,  0x16,  0x34,  0x56,  0xdb,  0xd3,  0x24,  0x16,  0xb8,
  0x3a,  0x52,  0xfd,  0xa6,  0x58,  0xce,  0xba,  0x0f,  0x30,  0x2e,  0x7c,  0xf8,  0x5a,  0x7e,  0xe5,  0xb1,
  0xfb,  0x27,  0x44,  0xb8,  0x18,  0x88,  0xbc,  0xae,  0x03,  0x74,  0xf7,  0xbf,  0xa5,  0x51,  0xbd,  0xc8,
  0xaf,  0x30,  0x62,  0x64,  0x7b,  0xd9,  0x1b,  0xc1,  0x2e,  0x83,  0xb8,  0x23,  0x0e,  0x43,  0x81,  0x27,
  0x84,  0x6f,  0x2f,  0xb6,  0x28,  0x5d,  0xa2,  0xcb,  0x38,  0x78,  0x57,  0x2f,  0x22,  0xee,  0x29,  0x7c,
  0x23,  0x18,  0x8e,  0x0a,  0x5c,  0x58,  0xf8,  0x70,  0x4d,  0x75,  0xd9,  0xad,  0xf6,  0xc5,  0xf3,  0x20,
  0x80,  0x84,  0xa8,  0xfb,  0x51,  0xba,  0xd7,  0xba,  0xbe,  0x1f,  0x7d,  0xa2,  0x67,  0xb3,  0x0d,  0xcf,
  0xdf,  0xa9,  0x53,  0x3f,  0x54,  0x1b,  0x80,  0xfe,  0x22,  0xa6,  0xe9,  0xf5,  0xaa,  0xf4,  0x30,  0xff,
  0x00,  0x64,  0x87,  0xee,  0x98,  0xb2,  0x19,  0x83,  0x20,  0x2d,  0xc9,  0x85,  0x86,  0xe3,  0xec,  0x14,
  0xb6,  0x02,  0xc5,  0xfc,  0x90,  0xa0,  0xa9,  0x17,  0xf8,  0x79,  0x90,  0x3e,  0x91,  0xbe,  0xff,  0x00,
  0x2a,  0x3f,  0x66,  0x72,  0x1b,  0x18,  0x58,  0x1b,  0x25,  0x16,  0xca,  0x81,  0xe8,  0x65,  0xe8,  0x3a,
  0x78,  0x6b,  0x1a,  0x96,  0x6a,  0x9f,  0x02,  0xfb,  0x42,  0xb9,  0xf3,  0xfa,  0xe6,  0xa6,  0xf8,  0xa7,
  0xe6,  0x61,  0x58,  0x32,  0x7e,  0x30,  0x36,  0xb5,  0x9b,  0xbc,  0x80,  0x50,  0x01,  0xc9,  0xfe,  0x03,
  0x52,  0x74,  0xb4,  0xdd,  0xa7,  0xdc,  0xe6,  0x1a,  0x5b,  0x8f,  0xff,  0x00,  0x2a,  0xa3,  0x66,  0xe0,
  0x6d,  0x67,  0x2a,  0x7c,  0x27,  0x93,  0xcf,  0xfa,  0x69,  0x2d,  0x18,  0x7e,  0xea,  0xca,  0x38,  0x26,
  0x7f,  0x3a,  0xec,  0x57,  0x27,  0xd0,  0x05,  0xbc,  0xa4,  0xdb,  0xa2,  0x61,  0xf8,  0xd8,  0x82,  0xb3,
  0x04,  0xf1,  0xd5,  0xff,  0x00,  0x4a,  0xca,  0xe9,  0x0a,  0x3f,  0x68,  0xc7,  0x94,  0x37,  0x3f,  0xf2,
  0x9a,  0xd1,  0xde,  0x79,  0xd3,  0x71,  0x56,  0x61,  0x7b,  0xbe,  0x80,  0xf1,  0xd5,  0xaa,  0x06,  0x8e,
  0xa1,  0xf5,  0x14,  0xe0,  0x99,  0x27,  0xf9,  0x51,  0xb2,  0xba,  0x33,  0x33,  0x3f,  0x4c,  0xbe,  0xca,
  0xf8,  0xc1,  0xc0,  0x1b,  0x56,  0xd9,  0x68,  0x3e,  0x19,  0xf1,  0x0e,  0x62,  0xb3,  0x5d,  0x9f,  0x55,
  0xc8,  0xd6,  0xd1,  0x9c,  0x6f,  0xef,  0x6f,  0x16,  0x85,  0x3e,  0x5b,  0x18,  0xfe,  0x95,  0x7f,  0x32,
  0xf1,  0xb7,  0xa5,  0xe6,  0x33,  0x78,  0x76,  0x63,  0xc9,  0x1b,  0xb9,  0x27,  0x78,  0x8f,  0xfa,  0x56,
  0x6f,  0xb2,  0x3b,  0x8e,  0x66,  0x23,  0xf2,  0x1e,  0x6e,  0x19,  0x06,  0x3e,  0xa3,  0x71,  0xfc,  0xeb,
  0xcf,  0xb3,  0x5f,  0x6e,  0x6c,  0x65,  0x9b,  0x25,  0x3b,  0x11,  0x6f,  0x53,  0xe7,  0x64,  0x5f,  0xe4,
  0x9e,  0xbe,  0x5f,  0xa5,  0x31,  0x8f,  0x6c,  0xa6,  0x06,  0x60,  0xea,  0x36,  0xdd,  0x2a,  0x40,  0xeb,
  0xe1,  0x6f,  0xeb,  0x49,  0x64,  0x92,  0x17,  0x52,  0x43,  0x3e,  0x1b,  0xca,  0x78,  0x3d,  0x64,  0xc7,
  0xe4,  0x2a,  0x9a,  0xa3,  0x2e,  0x9b,  0x78,  0x02,  0x19,  0xbe,  0x9f,  0xa1,  0xe8,  0x3b,  0xb3,  0x5e,
  0x84,  0xae,  0x5e,  0x7b,  0x21,  0x97,  0x09,  0x4f,  0xb0,  0x5c,  0xe3,  0xdb,  0x00,  0x00,  0xfd,  0xeb,
  0x28,  0x27,  0xfd,  0x33,  0x48,  0xeb,  0x6c,  0x53,  0x50,  0xc7,  0x26,  0x65,  0x6c,  0x90,  0x66,  0x7d,
  0x48,  0xe6,  0x8d,  0xd8,  0x63,  0x01,  0x76,  0xae,  0xf6,  0xef,  0x58,  0x01,  0xe4,  0x3c,  0x3c,  0x1e,
  0x2b,  0xcd,  0x7b,  0x8c,  0xdb,  0x4d,  0x70,  0xce,  0xdc,  0x77,  0x5d,  0x80,  0xfd,  0xb1,  0x5c,  0xd8,
  0x5b,  0xc8,  0x45,  0x89,  0x97,  0xcc,  0x3d,  0xd9,  0x50,  0x4c,  0xf8,  0xcf,  0x3f,  0x31,  0x4b,  0xe6,
  0xa7,  0xfb,  0xd2,  0xd3,  0x74,  0x0d,  0x06,  0x68,  0xba,  0xb9,  0x08,  0xe8,  0x00,  0x8f,  0x38,  0xf9,
  0xd7,  0x39,  0x60,  0x1b,  0xb8,  0xcf,  0xcc,  0xf8,  0x79,  0x35,  0xe9,  0xc7,  0x04,  0x29,  0x7e,  0xda,
  0x87,  0xcb,  0xc2,  0x50,  0x4f,  0x2c,  0x57,  0xd4,  0x73,  0xb4,  0x71,  0x4d,  0x64,  0x90,  0x74,  0x3b,
  0x6b,  0x01,  0x96,  0x2f,  0x10,  0x47,  0x41,  0xe0,  0x1f,  0xa5,  0x03,  0x04,  0x35,  0xcc,  0xec,  0x5d,
  0xa2,  0x4a,  0xb8,  0x00,  0x88,  0xea,  0x59,  0x28,  0xa4,  0xce,  0x88,  0x9c,  0x1d,  0x8c,  0x97,  0x3a,
  0x2c,  0x10,  0x76,  0x0e,  0x3f,  0x1a,  0xe0,  0x78,  0xaf,  0x3d,  0xca,  0x44,  0xf3,  0x24,  0x1f,  0x6b,
  0xb5,  0xb7,  0x68,  0x25,  0x72,  0x0c,  0xc7,  0x96,  0xc3,  0xf8,  0xc0,  0xaf,  0x33,  0x57,  0xbb,  0xbb,
  0x60,  0xef,  0x0c,  0xcd,  0xdf,  0x70,  0x23,  0xc8,  0xa5,  0x70,  0xf6,  0xdb,  0xdb,  0x31,  0x51,  0x89,
  0x06,  0xe5,  0xbb,  0xed,  0xc9,  0xe8,  0x3b,  0xb6,  0x3f,  0x97,  0xe3,  0x5c,  0x9b,  0x47,  0x21,  0xf0,
  0x58,  0xab,  0x11,  0xf4,  0x88,  0xcc,  0x1b,  0xa9,  0x25,  0x63,  0xf9,  0x1a,  0x2a,  0xea,  0x79,  0xee,
  0x4c,  0xef,  0x58,  0xb9,  0xde,  0x66,  0x6a,  0x8d,  0xbb,  0x93,  0x92,  0xa2,  0x63,  0xe3,  0x47,  0xed,
  0x3d,  0xb6,  0xb5,  0xd9,  0xec,  0x35,  0x61,  0x07,  0xb8,  0x20,  0x8f,  0x5e,  0x47,  0x34,  0x24,  0xb4,
  0x1f,  0x27,  0x2c,  0xc2,  0x85,  0x37,  0xd6,  0x3d,  0x3a,  0x9f,  0xeb,  0x4f,  0x76,  0xb2,  0xda,  0xdc,
  0xd2,  0xb1,  0x36,  0x92,  0x7c,  0x17,  0x44,  0x9f,  0xb6,  0x69,  0x2b,  0x49,  0xc1,  0x79,  0x81,  0x49,
  0x60,  0x85,  0x74,  0x40,  0x17,  0x53,  0xd1,  0x84,  0x70,  0x5e,  0xe0,  0xf4,  0xff,  0x00,  0xc2,  0x69,
  0xaa,  0x8d,  0x73,  0xbf,  0xc7,  0xb1,  0x65,  0x15,  0x18,  0x95,  0x9e,  0x08,  0x05,  0x40,  0x72,  0x7f,
  0x2a,  0x87,  0x82,  0xce,  0x35,  0x6d,  0x1d,  0x3c,  0x50,  0x5e,  0xec,  0x6d,  0x32,  0x4c,  0xab,  0x0a,
  0xb5,  0x8e,  0x36,  0xa1,  0x0e,  0x07,  0x89,  0x4a,  0xa9,  0x13,  0x31,  0xcf,  0x3f,  0xf4,  0xa4,  0xb5,
  0x5b,  0xc9,  0xf9,  0x8b,  0x34,  0x2f,  0xa9,  0x36,  0xc6,  0x40,  0xfd,  0x81,  0xa7,  0x27,  0x48,  0x60,
  0x4f,  0xc7,  0xdd,  0xa4,  0x2f,  0xda,  0x6b,  0xb8,  0x17,  0xee,  0xef,  0xe6,  0xcd,  0xc5,  0x22,  0x0f,
  0x4f,  0x17,  0x4a,  0xf0,  0x5f,  0x03,  0x46,  0xc2,  0x59,  0x21,  0xb6,  0x8f,  0x3e,  0x3a,  0x8a,  0x36,
  0x25,  0x9f,  0x68,  0xd2,  0xf2,  0xe4,  0x1f,  0x10,  0x46,  0x04,  0x73,  0x3e,  0x33,  0xd6,  0xba,  0x12,
  0xd9,  0xbf,  0x5e,  0xe2,  0x2c,  0x47,  0x75,  0xcb,  0x6d,  0x67,  0x45,  0x92,  0x17,  0x60,  0xbc,  0x86,
  0x41,  0xe7,  0x80,  0x87,  0xa7,  0x9d,  0x7d,  0xae,  0x5b,  0x1d,  0xfc,  0xdc,  0x0a,  0xac,  0x6c,  0x27,
  0xb9,  0xfe,  0xb1,  0xf8,  0xd1,  0xfb,  0x4d,  0x65,  0x97,  0xb3,  0xec,  0xc2,  0x42,  0xb5,  0xc1,  0x2a,
  0x7a,  0x46,  0xdb,  0x71,  0x45,  0xed,  0x42,  0x0c,  0x7b,  0xe8,  0x1d,  0x03,  0x13,  0x6e,  0xd8,  0xde,
  0x4f,  0x4e,  0x7a,  0x57,  0x3c,  0x25,  0xc3,  0xd7,  0xb1,  0x48,  0xe2,  0xc4,  0x6d,  0xb4,  0x66,  0xe6,
  0x35,  0xcf,  0x13,  0x1b,  0x60,  0x73,  0xe4,  0x7b,  0xa3,  0xfa,  0xd0,  0x6c,  0x30,  0xb9,  0xef,  0xda,
  0xee,  0xca,  0xbd,  0xb6,  0x02,  0x7c,  0x67,  0xc4,  0xc2,  0x7f,  0x1a,  0xeb,  0x33,  0xe8,  0xee,  0x3e,
  0xe8,  0xf1,  0xb2,  0x8d,  0xde,  0xbe,  0x02,  0x28,  0x16,  0xae,  0x2d,  0xbb,  0xde,  0x27,  0x51,  0x71,
  0xd2,  0xd9,  0x02,  0x64,  0x7b,  0xfd,  0x2a,  0xa9,  0x55,  0x57,  0x90,  0x23,  0x99,  0xd6,  0xba,  0x8b,
  0x72,  0xeb,  0xbf,  0x24,  0x1d,  0xe6,  0x49,  0xf8,  0x2d,  0x3f,  0x71,  0x9d,  0xb4,  0x2d,  0x33,  0xa7,
  0x83,  0x69,  0xdd,  0xf1,  0xdc,  0xc7,  0x9a,  0x4b,  0x57,  0xb7,  0x2b,  0x75,  0x96,  0x0f,  0x2c,  0x09,
  0x1f,  0xe9,  0x1d,  0x29,  0xf7,  0x75,  0x1a,  0x0e,  0x9e,  0xa4,  0x00,  0xeb,  0x6e,  0x63,  0xcf,  0xdf,
  0x7f,  0x2f,  0xba,  0x95,  0xf0,  0xc7,  0x98,  0x82,  0xba,  0x4d,  0xeb,  0x76,  0x93,  0x25,  0x0a,  0x82,
  0x42,  0xa4,  0x7d,  0xbb,  0x58,  0x53,  0xde,  0x3c,  0x9d,  0x3e,  0xf8,  0x07,  0xe8,  0xd9,  0xee,  0x31,
  0x06,  0x67,  0x8b,  0x97,  0x3f,  0x5a,  0x89,  0x8f,  0x71,  0x9f,  0x3e,  0xe0,  0x52,  0x42,  0x84,  0xb6,
  0x0f,  0x1f,  0x6d,  0x52,  0xc1,  0xba,  0x46,  0x1d,  0xc0,  0x1f,  0x6e,  0xe4,  0xbe,  0xde,  0x2f,  0x3e,
  0x58,  0xfe,  0xbf,  0x7d,  0x6b,  0x48,  0xe7,  0xc8,  0xc8,  0x7f,  0x44,  0x65,  0xb0,  0xf6,  0x0b,  0xb0,
  0x53,  0xb0,  0x28,  0x93,  0xd0,  0x77,  0x86,  0x60,  0x7c,  0xa8,  0x36,  0x93,  0xfd,  0xf3,  0x90,  0xbb,
  0x94,  0x86,  0xb9,  0x6e,  0x77,  0x0e,  0x3d,  0xef,  0x4a,  0x2e,  0x02,  0xc1,  0xc6,  0x20,  0x30,  0x50,
  0x26,  0x08,  0xe1,  0xbe,  0x90,  0xfe,  0xbf,  0x85,  0x28,  0x72,  0x42,  0xeb,  0x57,  0x99,  0x89,  0x04,
  0xb5,  0xb2,  0x44,  0xf2,  0x21,  0xbf,  0x1e,  0xb5,  0x1a,  0x56,  0x52,  0xa7,  0x97,  0x86,  0x39,  0x92,
  0xd0,  0x9f,  0xdb,  0x79,  0xc0,  0x47,  0x2c,  0xc2,  0x7d,  0x38,  0xae,  0x74,  0x7f,  0x0d,  0x80,  0x00,
  0x92,  0x6e,  0x47,  0xf3,  0xf3,  0xae,  0x6c,  0xb6,  0xfd,  0x63,  0x50,  0xea,  0xe4,  0x5c,  0x22,  0x48,
  0xe7,  0x9a,  0x6f,  0x47,  0x50,  0x31,  0x19,  0x88,  0x59,  0x5b,  0x82,  0x37,  0x7d,  0xa6,  0xba,  0xe5,
  0x74,  0x7f,  0x42,  0xe4,  0x13,  0x2a,  0xcb,  0x5b,  0xd0,  0xb0,  0x5f,  0x74,  0xee,  0xe7,  0x81,  0xc0,
  0xe7,  0xfa,  0xd4,  0x7d,  0x08,  0x6e,  0xd5,  0x2d,  0x8e,  0xa0,  0x91,  0xd7,  0xec,  0xad,  0x2e,  0xad,
  0x68,  0x9e,  0xcc,  0x60,  0x6d,  0x22,  0x4a,  0x13,  0x11,  0x11,  0xc8,  0xa8,  0x1d,  0x9d,  0x40,  0x75,
  0x6b,  0x00,  0xf4,  0x2c,  0x39,  0x98,  0xf2,  0xa1,  0x67,  0x2a,  0xd9,  0xc9,  0xf3,  0x09,  0xa6,  0x7c,
  0x8b,  0x4f,  0x85,  0xa8,  0xda,  0x63,  0xb2,  0x71,  0xd8,  0xaa,  0x4f,  0xf1,  0x8e,  0x93,  0xf3,  0xa9,
  0xba,  0x02,  0x2a,  0xe6,  0x61,  0x82,  0x83,  0x6e,  0xf9,  0x92,  0x4c,  0xc1,  0x06,  0x48,  0x23,  0xe0,
  0x2b,  0xed,  0x46,  0xeb,  0xae,  0xab,  0x79,  0x10,  0x29,  0x5b,  0xb6,  0x62,  0x49,  0xea,  0x05,  0xdf,
  0x23,  0x4d,  0xe9,  0x02,  0xd9,  0xca,  0xc6,  0x65,  0xfa,  0x26,  0x28,  0x7e,  0x23,  0xfc,  0x37,  0xe7,
  0xef,  0x8a,  0x85,  0x36,  0x60,  0xf5,  0xfe,  0x14,  0x58,  0x19,  0xdc,  0x80,  0xc5,  0xb5,  0x20,  0x01,
  0x93,  0x7d,  0x24,  0xf9,  0x7b,  0xd5,  0x59,  0xd2,  0xed,  0x8b,  0x57,  0x2c,  0xc7,  0x22,  0xd6,  0x41,
  0x24,  0x08,  0xfa,  0xb1,  0xfc,  0x8d,  0x4e,  0x74,  0x3d,  0xfe,  0x58,  0x52,  0x67,  0xda,  0x10,  0x47,
  0xaf,  0x8a,  0x9b,  0xce,  0xdf,  0x6a,  0xed,  0xe8,  0x37,  0x3c,  0x76,  0x2e,  0x9e,  0xbe,  0x5b,  0x80,
  0xe7,  0xe5,  0xfc,  0xeb,  0xa2,  0x57,  0xb4,  0xbc,  0xc1,  0x03,  0xd2,  0xc2,  0x76,  0x3a,  0xe3,  0x00,
  0x3a,  0x6c,  0x17,  0x1d,  0x8f,  0x30,  0x7d,  0xdf,  0x5a,  0x73,  0xb6,  0x36,  0x85,  0xb4,  0xb0,  0xc3,
  0x68,  0x21,  0x58,  0x6e,  0x53,  0x25,  0x84,  0x1e,  0x6a,  0x6f,  0x65,  0x65,  0x15,  0x4a,  0x92,  0x04,
  0xbc,  0xf3,  0xfc,  0x26,  0xaa,  0xf6,  0xda,  0xc9,  0x18,  0x16,  0x77,  0x36,  0xe2,  0xa7,  0x6e,  0xe2,
  0x0f,  0x5e,  0x6a,  0x33,  0xbb,  0xfd,  0x08,  0x55,  0x91,  0x8c,  0xed,  0x18,  0x36,  0xaf,  0xf2,  0x41,
  0x3c,  0x72,  0x3e,  0xd3,  0xfa,  0x57,  0x8e,  0x03,  0xe2,  0xe1,  0xb4,  0xc9,  0xf3,  0x1f,  0x3a,  0x7f,
  0x5b,  0xd3,  0x1f,  0x52,  0xd6,  0xd7,  0x15,  0x27,  0x73,  0xab,  0x15,  0x8e,  0x4f,  0x1b,  0xcf,  0xe5,
  0x4a,  0x58,  0x8b,  0x9a,  0x6e,  0x17,  0xc1,  0xbf,  0x3a,  0xf4,  0x23,  0x25,  0xb1,  0x11,  0x4d,  0x2e,
  0x88,  0xbd,  0xee,  0x7d,  0x84,  0x82,  0x26,  0xea,  0x82,  0xc3,  0xcb,  0x95,  0x9a,  0xf1,  0x44,  0xe0,
  0x5c,  0x2f,  0x1c,  0x06,  0x56,  0x23,  0xe0,  0x00,  0xa3,  0xe8,  0x16,  0xb7,  0x66,  0xc2,  0xc0,  0x2b,
  0x72,  0xd9,  0xe7,  0xed,  0x49,  0xaf,  0x19,  0x23,  0x05,  0xa1,  0x76,  0xab,  0x3b,  0xf5,  0xfb,  0x57,
  0xcf,  0xe7,  0x5e,  0x73,  0x7b,  0xd4,  0xe4,  0x52,  0x02,  0xd9,  0x6a,  0x0e,  0xbd,  0xa6,  0x5b,  0x23,
  0x83,  0x8e,  0xc6,  0x01,  0x9e,  0xb6,  0x5a,  0x9a,  0x72,  0xab,  0x81,  0xa6,  0x3f,  0xd5,  0x17,  0xee,
  0x88,  0x3e,  0x92,  0x79,  0xa5,  0xb5,  0x2b,  0x21,  0x7b,  0x4d,  0xa5,  0xa4,  0x88,  0x38,  0xfb,  0xa5,
  0x47,  0x59,  0xb6,  0xc6,  0x8f,  0x93,  0xe1,  0xb1,  0xa5,  0xa4,  0x3a,  0x91,  0x91,  0x74,  0xee,  0x7e,
  0x07,  0x53,  0x45,  0xde,  0xa3,  0xcb,  0xfa,  0x23,  0x06,  0xb6,  0xff,  0x00,  0x79,  0xcc,  0x13,  0x08,
  0x2f,  0x06,  0xf9,  0x4f,  0xf5,  0xa0,  0xe7,  0x64,  0x7b,  0x66,  0x93,  0x88,  0x4b,  0x31,  0x6d,  0xb7,
  0xb8,  0xf2,  0x89,  0x3d,  0x2a,  0x85,  0xd0,  0xc6,  0xd6,  0x7d,  0xc1,  0x0a,  0xc9,  0xb2,  0x52,  0x3f,
  0x4f,  0xb0,  0x54,  0xbb,  0x08,  0x7f,  0x64,  0xe3,  0xaf,  0x92,  0xad,  0xd0,  0x3a,  0x79,  0xd1,  0x8d,
  0xf7,  0xf9,  0x81,  0x47,  0x82,  0x3b,  0xd3,  0x59,  0x6d,  0x76,  0x87,  0x46,  0xdc,  0x21,  0x05,  0xcb,
  0x84,  0x92,  0x63,  0xc9,  0xaa,  0x8b,  0xdc,  0xef,  0xda,  0xd8,  0x52,  0xca,  0x82,  0xd9,  0x11,  0xd4,
  0x4c,  0xf9,  0xfa,  0xf9,  0x54,  0xeb,  0x24,  0xa6,  0xbb,  0xa2,  0x81,  0xb4,  0x30,  0x67,  0x9d,  0xc3,
  0x8e,  0x41,  0xa7,  0x2f,  0x58,  0x6d,  0x89,  0x0d,  0x20,  0x9e,  0xbf,  0x0e,  0x3a,  0x56,  0x9a,  0x4d,
  0xa7,  0xa7,  0x76,  0x08,  0x60,  0xcc,  0xed,  0xe7,  0xee,  0x70,  0x31,  0x54,  0x0e,  0x17,  0x80,  0x7c,
  0xf8,  0x35,  0x63,  0x41,  0x52,  0xf8,  0x3e,  0x12,  0x4b,  0x1b,  0x63,  0x80,  0x7a,  0xc5,  0xc3,  0xfa,
  0xd6,  0x73,  0x50,  0x70,  0x98,  0x56,  0x84,  0x47,  0x89,  0xba,  0x56,  0x8b,  0xb2,  0xee,  0x4e,  0x2d,
  0x98,  0x27,  0x9b,  0x4f,  0xf8,  0x30,  0x3f,  0x9d,  0x74,  0x5a,  0xaa,  0x59,  0xd7,  0x51,  0x16,  0x25,
  0x3e,  0xd3,  0x1b,  0x83,  0xb3,  0x6d,  0x71,  0xd4,  0x6d,  0x2d,  0x32,  0x0f,  0x58,  0x54,  0xf2,  0xaf,
  0x7b,  0x57,  0x65,  0x1f,  0x2a,  0xe9,  0xe2,  0x53,  0x60,  0x45,  0x07,  0xf8,  0x87,  0xaf,  0xdb,  0x5c,
  0x76,  0xa6,  0xe7,  0x79,  0xd9,  0x0c,  0x72,  0xb2,  0x41,  0xde,  0x37,  0x1e,  0x87,  0x85,  0x1d,  0x7e,
  0x54,  0x6e,  0xd2,  0x36,  0xec,  0xfb,  0x8a,  0x80,  0x84,  0x17,  0x94,  0x29,  0x61,  0xd4,  0x6e,  0x1e,
  0xb5,  0xc3,  0x67,  0x76,  0xcf,  0x37,  0xd8,  0x68,  0x66,  0x4e,  0xd4,  0x55,  0x15,  0xac,  0x2a,  0x40,
  0x53,  0x71,  0x49,  0x07,  0xcc,  0xed,  0xff,  0x00,  0xad,  0x4e,  0xc9,  0xf0,  0xe6,  0x61,  0xa7,  0x56,
  0x84,  0x1b,  0x80,  0xeb,  0xe2,  0xa7,  0xb3,  0x8f,  0xef,  0x78,  0x5e,  0x16,  0xd8,  0x6e,  0x5a,  0x12,
  0x20,  0x09,  0x28,  0x49,  0xfc,  0x66,  0xba,  0xcc,  0xb5,  0xdf,  0x0d,  0x34,  0x84,  0x87,  0x55,  0xb4,
  0x24,  0xf0,  0x4f,  0x89,  0xb9,  0xf8,  0xf4,  0xae,  0x88,  0xba,  0x52,  0xa3,  0x47,  0x33,  0xac,  0xbd,
  0xb7,  0x30,  0x9d,  0xe6,  0x4c,  0xcf,  0x1e,  0x7e,  0x15,  0xae,  0x45,  0xcd,  0xf8,  0x16,  0x90,  0x74,
  0x5b,  0x44,  0x90,  0x49,  0x3d,  0x1d,  0xe0,  0xd7,  0x77,  0x3e,  0x93,  0x4e,  0x71,  0x20,  0xc9,  0x04,
  0x12,  0x7a,  0x4a,  0x2d,  0x02,  0xd1,  0x8c,  0x55,  0xf7,  0x40,  0x36,  0x1b,  0x89,  0xe7,  0xde,  0x7e,
  0xb4,  0xab,  0x0e,  0xa4,  0xc5,  0xf0,  0x55,  0x7b,  0xfb,  0x8e,  0x09,  0x24,  0x84,  0xfb,  0x3e,  0x34,
  0xce,  0x99,  0x6b,  0xbc,  0x17,  0xad,  0x91,  0x26,  0xd2,  0xba,  0xc0,  0xf2,  0x24,  0x31,  0xf3,  0xf9,
  0xd0,  0xf4,  0xe7,  0x5b,  0x58,  0x4e,  0xe4,  0xc0,  0x5b,  0x82,  0x7e,  0xe1,  0x56,  0x34,  0x14,  0x17,
  0x74,  0xc3,  0x92,  0x76,  0xad,  0xdb,  0xb7,  0x6e,  0x08,  0x3d,  0x40,  0x2a,  0xff,  0x00,  0xa5,  0x6b,
  0x49,  0x6c,  0xa6,  0xc6,  0x57,  0x20,  0xb7,  0x07,  0xef,  0x96,  0x6d,  0xab,  0x02,  0xc8,  0xa9,  0x31,
  0xf1,  0x6a,  0x91,  0x92,  0x19,  0xfb,  0x41,  0x6d,  0x54,  0x2a,  0xb3,  0x02,  0x4c,  0x0e,  0xbd,  0x0f,
  0xe9,  0x56,  0x2d,  0x5c,  0xef,  0xf5,  0x5b,  0xaa,  0x21,  0x15,  0x12,  0xd8,  0x03,  0xfe,  0x61,  0x3f,
  0xce,  0xa5,  0x63,  0xa9,  0xb9,  0xad,  0xe3,  0x9e,  0x49,  0x1b,  0x84,  0x8f,  0x21,  0x00,  0xd4,  0xa1,
  0x75,  0x79,  0x05,  0x60,  0x46,  0xd3,  0x1d,  0xee,  0x6a,  0xfa,  0x81,  0x1c,  0x91,  0x76,  0x4c,  0xd5,
  0x5d,  0x1d,  0x37,  0xe3,  0xba,  0x6e,  0x0a,  0x5a,  0xf2,  0x8e,  0x44,  0x81,  0xe2,  0x22,  0x95,  0xc3,
  0xb2,  0x6c,  0x64,  0x03,  0xdd,  0x84,  0x2f,  0x6c,  0x39,  0x23,  0xab,  0x83,  0x72,  0xe4,  0x13,  0xf2,
  0x8f,  0x90,  0x14,  0xc6,  0x8d,  0x17,  0x15,  0x00,  0xe1,  0xce,  0x42,  0x81,  0xc4,  0xc1,  0xdc,  0x45,
  0x75,  0x5a,  0x3a,  0xa7,  0x4d,  0x09,  0xe4,  0x56,  0xd6,  0x12,  0xe3,  0x76,  0x6f,  0x19,  0x17,  0x70,
  0x28,  0x84,  0x19,  0x8f,  0xe1,  0x3f,  0x75,  0x67,  0xf4,  0x04,  0xff,  0x00,  0x78,  0xda,  0x20,  0x11,
  0xb5,  0xfa,  0x11,  0xf0,  0x35,  0xa5,  0xd4,  0x81,  0xb9,  0xa1,  0xc3,  0xed,  0x2c,  0xa8,  0x40,  0xeb,
  0xc1,  0xda,  0x0d,  0x66,  0xb4,  0x92,  0x05,  0xf6,  0x6d,  0x92,  0x27,  0xcc,  0xfc,  0x0d,  0x46,  0xc9,
  0xfd,  0xb9,  0x23,  0x20,  0xfa,  0xde,  0xd1,  0xaa,  0x28,  0x22,  0x76,  0xe3,  0x31,  0x04,  0x71,  0x1e,
  0x3a,  0x7f,  0x47,  0xbc,  0xcf,  0x93,  0x88,  0x06,  0xe7,  0x36,  0xed,  0x92,  0x4f,  0xc9,  0xc4,  0x7d,
  0xc6,  0xa5,  0xeb,  0x8d,  0xb7,  0x39,  0x5c,  0x9f,  0x0a,  0x62,  0xb9,  0x1c,  0x70,  0x0f,  0x78,  0xdc,
  0x53,  0x5a,  0x03,  0xf7,  0xf9,  0xe1,  0x59,  0x8c,  0x35,  0xaf,  0x74,  0x9e,  0x3a,  0x1a,  0x79,  0x2f,
  0xb4,  0x55,  0x70,  0x88,  0x9b,  0x6d,  0xed,  0x39,  0xc4,  0x7d,  0x5c,  0x95,  0x91,  0xe7,  0xd4,  0xd5,
  0x1d,  0x62,  0xd2,  0x86,  0xb8,  0xca,  0xad,  0xb4,  0xe3,  0x31,  0x12,  0x66,  0x25,  0xd0,  0x7c,  0xa8,
  0x18,  0xea,  0xae,  0x75,  0x46,  0xe1,  0x63,  0x2c,  0x0d,  0xc7,  0xed,  0xa6,  0x35,  0xcb,  0x3b,  0x8d,
  0xc2,  0x09,  0x65,  0x29,  0xef,  0x0e,  0x3f,  0xf1,  0x56,  0xb3,  0x7b,  0xeb,  0xcf,  0x60,  0x2e,  0x16,
  0x29,  0xd9,  0xf9,  0xb5,  0x8c,  0xc5,  0x48,  0x0c,  0x43,  0x93,  0x1e,  0x7e,  0x1a,  0xa5,  0xda,  0xcb,
  0x8c,  0xd8,  0x22,  0xd5,  0xc6,  0x52,  0xdd,  0xea,  0x89,  0x03,  0x8f,  0xad,  0xfa,  0xd4,  0xbd,  0x15,
  0x4a,  0x63,  0x33,  0xaf,  0x24,  0x23,  0x70,  0x47,  0xe3,  0x54,  0xfb,  0x52,  0x62,  0xc5,  0xb5,  0x04,
  0x49,  0xc8,  0xe9,  0x1f,  0x0f,  0xeb,  0x4b,  0x2f,  0xcc,  0x80,  0xb0,  0x16,  0xc1,  0x5b,  0x7f,  0xed,
  0x85,  0xa6,  0x7e,  0x42,  0x5a,  0xba,  0xca,  0x41,  0x22,  0x0c,  0xbf,  0xa7,  0xc0,  0xfe,  0x35,  0x9d,
  0xb0,  0x36,  0x58,  0xb7,  0x64,  0x02,  0x02,  0x5f,  0x2a,  0x27,  0xe0,  0x6b,  0x43,  0xa7,  0x31,  0x4e,
  0xd7,  0x1d,  0xca,  0xdf,  0xe0,  0x5e,  0xf0,  0x8e,  0x4f,  0x24,  0xfe,  0xb5,  0x08,  0x2b,  0x7b,  0x45,
  0xf4,  0x6f,  0x2c,  0xb6,  0x24,  0xfd,  0xf5,  0x78,  0x62,  0xf9,  0x2e,  0xe2,  0x1a,  0x6e,  0xcf,  0xca,
  0xe4,  0xb6,  0xc5,  0x2a,  0x77,  0x5a,  0x72,  0x7c,  0xba,  0xaf,  0xc6,  0xb8,  0x66,  0xff,  0x00,  0x74,
  0x80,  0xcd,  0x3b,  0xae,  0xb7,  0x43,  0x11,  0xc8,  0xfd,  0x28,  0xfa,  0x12,  0xa1,  0x05,  0xb7,  0xba,
  0xac,  0x5b,  0x69,  0x5e,  0x39,  0x91,  0xc5,  0x20,  0x1c,  0x9d,  0x3a,  0xdf,  0x8f,  0x71,  0xde,  0xcd,
  0x33,  0xd2,  0x4d,  0x73,  0x63,  0x27,  0xd0,  0x78,  0x04,  0xd4,  0xee,  0x2b,  0xf6,  0xa7,  0x4e,  0x30,
  0x48,  0x18,  0xc0,  0x78,  0x97,  0xaf,  0x81,  0x87,  0x4a,  0x3e,  0xa6,  0x82,  0xd8,  0xd3,  0x76,  0xb1,
  0x64,  0x6c,  0x8b,  0xe4,  0x18,  0x85,  0x89,  0x6e,  0x94,  0xae,  0xbc,  0xeb,  0x8f,  0xda,  0x9c,  0x07,
  0x02,  0x11,  0xad,  0x28,  0x07,  0xed,  0x2e,  0x3d,  0x2a,  0xa7,  0x69,  0xd6,  0xdf,  0x71,  0xa6,  0x2a,
  0x4a,  0xa8,  0xca,  0xbe,  0x20,  0xc4,  0x0f,  0x7b,  0xfa,  0x56,  0xaf,  0x07,  0x2f,  0xe8,  0xa2,  0xd7,
  0x50,  0xae,  0x2e,  0xa6,  0xb6,  0xc9,  0x56,  0x10,  0xab,  0xcc,  0x4c,  0xf9,  0x54,  0xfc,  0x14,  0xfd,
  0xce,  0xc8,  0x8e,  0x48,  0xb9,  0xd0,  0xd5,  0x9c,  0x35,  0x17,  0xd7,  0x56,  0xb6,  0xc6,  0x4b,  0x5d,
  0x6d,  0xbb,  0xb8,  0x22,  0x14,  0xf9,  0x79,  0x54,  0xec,  0x14,  0x1e,  0xcd,  0x8d,  0x25,  0xb6,  0xb2,
  0x31,  0x88,  0xf8,  0x1a,  0xd1,  0x77,  0x35,  0xe6,  0x05,  0x1f,  0x0a,  0x01,  0x70,  0x1f,  0xf6,  0x87,
  0x49,  0x52,  0x20,  0x0b,  0x84,  0x72,  0x79,  0xf9,  0xcd,  0x33,  0x72,  0xe0,  0x0a,  0xc0,  0x31,  0x65,
  0x06,  0x00,  0x3d,  0x08,  0xe3,  0xad,  0x2c,  0xc8,  0x3f,  0xda,  0x5d,  0x3d,  0x3c,  0x4c,  0x89,  0x92,
  0xca,  0x16,  0x39,  0x11,  0xe5,  0x47,  0xbf,  0x73,  0xc6,  0xec,  0xca,  0x14,  0x3b,  0x03,  0x0c,  0x22,
  0x38,  0xa7,  0x79,  0x72,  0xee,  0xc1,  0x0c,  0x19,  0x9b,  0xbf,  0x83,  0x77,  0x54,  0x6c,  0x4c,  0x3b,
  0x4c,  0x05,  0xcb,  0x97,  0x18,  0x02,  0xdd,  0x00,  0x89,  0xfe,  0x42,  0xab,  0x76,  0x51,  0x87,  0x77,
  0x88,  0x1f,  0xc2,  0x54,  0x5c,  0x00,  0xfa,  0x1e,  0x2b,  0xad,  0x0b,  0x1b,  0x7e,  0xbd,  0x84,  0x86,
  0x19,  0x13,  0xda,  0x39,  0x98,  0x98,  0x46,  0x1f,  0xa5,  0x71,  0xa4,  0x85,  0xc4,  0xd4,  0x1e,  0xd4,
  0xa1,  0x02,  0xe3,  0x1e,  0x83,  0x89,  0xe7,  0xf0,  0x9f,  0xc2,  0xaf,  0x69,  0x2d,  0xa8,  0xb8,  0x69,
  0x5f,  0x92,  0x65,  0xae,  0xd4,  0x07,  0x4e,  0xc9,  0x62,  0x6e,  0xba,  0x4a,  0xb2,  0xb9,  0x0a,  0x47,
  0x03,  0x9f,  0x58,  0xa6,  0x75,  0xcb,  0x96,  0xee,  0xea,  0xa6,  0xe2,  0x3b,  0xb2,  0xb1,  0x4b,  0x8a,
  0x5c,  0xf2,  0x01,  0x28,  0x79,  0xfb,  0xe9,  0x6e,  0xd9,  0x42,  0x76,  0x5b,  0x4f,  0x40,  0x38,  0x0a,
  0xe7,  0xaf,  0xf1,  0x57,  0x59,  0xc8,  0x3d,  0xa4,  0xdc,  0x37,  0x24,  0x8b,  0x76,  0xc3,  0x49,  0xe3,
  0xa2,  0x57,  0x0c,  0x16,  0xea,  0x7a,  0xcb,  0xe5,  0x0f,  0x1c,  0x58,  0xa6,  0x6a,  0x90,  0xba,  0x6b,
  0x34,  0x42,  0xdf,  0xb4,  0xac,  0x01,  0xf4,  0x53,  0xf9,  0x51,  0x8d,  0xf5,  0x07,  0x4e,  0x03,  0xde,
  0x9b,  0x4b,  0x20,  0x7a,  0xb3,  0xc5,  0x73,  0x68,  0xab,  0x65,  0x61,  0xa3,  0xac,  0x84,  0xbb,  0x65,
  0x83,  0x74,  0xe3,  0x6b,  0x4f,  0xe5,  0x4e,  0x63,  0xc2,  0x9c,  0x06,  0x32,  0xc7,  0xbd,  0xb2,  0x40,
  0x3d,  0x3a,  0xdc,  0xe9,  0xe5,  0xe5,  0x4d,  0x27,  0x45,  0x40,  0xab,  0x84,  0x6d,  0x9f,  0xdc,  0x2e,
  0x7c,  0x84,  0x7a,  0x78,  0x56,  0x87,  0x95,  0x68,  0x58,  0xc4,  0xb6,  0x11,  0x84,  0x77,  0x6e,  0x38,
  0xfb,  0x5b,  0xf5,  0xae,  0xf1,  0x48,  0x38,  0x2e,  0x48,  0x2c,  0x3e,  0x3f,  0xe9,  0x14,  0x0d,  0x49,
  0x45,  0xab,  0x16,  0x89,  0x32,  0x76,  0xb8,  0x10,  0x64,  0x1f,  0x15,  0x51,  0x71,  0x50,  0x50,  0x38,
  0x4b,  0xdf,  0x62,  0x0b,  0x44,  0x4a,  0x3d,  0xd0,  0xa7,  0x9f,  0x55,  0xab,  0x5a,  0x45,  0xf4,  0x7b,
  0x56,  0x96,  0x00,  0xfd,  0xe6,  0xe2,  0x81,  0xbb,  0xaf,  0xd1,  0x93,  0x1f,  0x8d,  0x46,  0xd2,  0xce,
  0xfc,  0x7b,  0x25,  0x47,  0x23,  0x21,  0x48,  0xf8,  0xf1,  0x4d,  0x68,  0x4c,  0x37,  0x5b,  0x3b,  0x09,
  0x75,  0xbd,  0x70,  0x97,  0x5e,  0x78,  0xd8,  0x2b,  0x5a,  0x2a,  0xa6,  0x29,  0x47,  0x42,  0x2d,  0x7f,
  0x57,  0xc9,  0xdc,  0x0e,  0xed,  0xc1,  0x64,  0x0f,  0xfd,  0x41,  0xd0,  0xd2,  0x5a,  0x4d,  0xbf,  0xf7,
  0xe5,  0xce,  0xf0,  0x89,  0x45,  0x69,  0x99,  0xe3,  0xc2,  0x3e,  0x3f,  0x1a,  0x77,  0xb2,  0x1b,  0xae,
  0x5f,  0xc8,  0x67,  0x0d,  0x05,  0xa1,  0x88,  0xe4,  0xfb,  0xc0,  0xd2,  0xba,  0x49,  0x2b,  0xaf,  0x64,
  0x04,  0xe7,  0xbb,  0x5b,  0x8b,  0xf7,  0x20,  0xa9,  0x60,  0xe6,  0xb4,  0x2a,  0xf3,  0x11,  0x01,  0x8d,
  0xfc,  0x51,  0xb2,  0x09,  0xc4,  0xb4,  0x47,  0xaf,  0xbf,  0x72,  0x0d,  0x75,  0xa1,  0x30,  0x4b,  0x36,
  0x8b,  0x98,  0x5f,  0x69,  0x13,  0xff,  0x00,  0xec,  0x14,  0x5b,  0x8d,  0xed,  0x19,  0xb8,  0x05,  0x55,
  0x41,  0x3a,  0x7e,  0x30,  0x30,  0x3c,  0xc6,  0xe1,  0xcf,  0xf7,  0xe9,  0x4a,  0x69,  0x32,  0x98,  0xd6,
  0x01,  0x68,  0xfa,  0x73,  0xc9,  0xf5,  0xde,  0x2a,  0xee,  0xf8,  0xfe,  0x89,  0x64,  0x68,  0x2f,  0x3c,
  0x60,  0xdd,  0x47,  0x3b,  0xe3,  0xbc,  0x81,  0xe9,  0xf4,  0x6a,  0x47,  0x9f,  0x95,  0x42,  0xd3,  0x80,
  0x45,  0xde,  0xc0,  0x11,  0xb8,  0x13,  0xcf,  0xc1,  0xaa,  0xae,  0x72,  0xf7,  0x19,  0x42,  0xda,  0x5c,
  0x0e,  0x21,  0xc8,  0x91,  0xff,  0x00,  0xa4,  0x3d,  0x2a,  0x5e,  0x1a,  0x95,  0xc1,  0xb8,  0x62,  0x08,
  0xb9,  0xb7,  0xf0,  0x35,  0x38,  0x2d,  0xde,  0x66,  0x43,  0xf9,  0xf8,  0x4b,  0x98,  0x2f,  0x3b,  0xc3,
  0x0f,  0x61,  0x72,  0xa4,  0x0e,  0x91,  0x74,  0x9a,  0x99,  0xd9,  0xc5,  0x16,  0x35,  0x14,  0x2a,  0x0b,
  0x45,  0xa0,  0x48,  0x89,  0xea,  0x4f,  0xe5,  0x5a,  0xeb,  0x78,  0xeb,  0xec,  0x17,  0xee,  0x7b,  0xd3,
  0x83,  0x74,  0x7c,  0x63,  0x69,  0x31,  0x59,  0xdb,  0x38,  0xcb,  0x85,  0xaa,  0x2e,  0xd6,  0x01,  0x5a,
  0xca,  0x1e,  0x7f,  0xe2,  0x41,  0xa5,  0x84,  0xeb,  0x19,  0x44,  0xa2,  0x77,  0x00,  0xb5,  0x6c,  0x1b,
  0x39,  0xcc,  0xab,  0xef,  0x64,  0x10,  0xc4,  0x98,  0x9e,  0x4f,  0xe8,  0x29,  0xcd,  0x5d,  0xb6,  0x5b,
  0xba,  0x4a,  0x40,  0x36,  0xd0,  0x48,  0x6e,  0x93,  0x74,  0x7f,  0x4a,  0x4f,  0x04,  0x77,  0xb8,  0xb9,
  0xb6,  0xf6,  0x86,  0xfa,  0x77,  0x82,  0x47,  0xdb,  0xd3,  0xee,  0xa7,  0x75,  0x2e,  0xed,  0xf4,  0xb6,
  0x61,  0x05,  0x81,  0x45,  0x04,  0x08,  0x3f,  0xe2,  0xaf,  0xe9,  0x4e,  0xee,  0x9a,  0xe7,  0xfc,  0x02,
  0xc0,  0x93,  0xa6,  0xbb,  0x5b,  0xc0,  0xba,  0xd1,  0xc2,  0xac,  0x13,  0xf6,  0x98,  0xa7,  0xfb,  0x4e,
  0xec,  0xef,  0x60,  0x1f,  0x08,  0xf6,  0x83,  0xc9,  0x33,  0xc1,  0x03,  0xfa,  0x52,  0x9a,  0x75,  0xb0,
  0xda,  0x36,  0x64,  0x93,  0xe1,  0xb4,  0x0c,  0xf4,  0xe7,  0x75,  0x13,  0x5e,  0xbc,  0xb7,  0x72,  0xad,
  0x28,  0xf1,  0x95,  0xbd,  0xbb,  0x91,  0xf0,  0x5e,  0x6a,  0x98,  0xda,  0xd7,  0x9f,  0x63,  0x2c,  0x02,
  0x69,  0x8d,  0xdd,  0x76,  0xc8,  0x9e,  0xa4,  0x58,  0xba,  0x01,  0x8e,  0x87,  0x91,  0x52,  0xae,  0x25,
  0xcb,  0x7a,  0xbe,  0x5a,  0x31,  0x00,  0xfb,  0x40,  0x7f,  0xbc,  0x48,  0xfe,  0x75,  0x57,  0x18,  0x9b,
  0x5d,  0xb4,  0x61,  0x6e,  0x00,  0x29,  0x74,  0x73,  0xcf,  0x1b,  0x8d,  0x29,  0x7a,  0xcb,  0x7f,  0xb4,
  0x19,  0x9b,  0xb6,  0xf8,  0xd9,  0x1d,  0x40,  0x3c,  0x11,  0xb3,  0xaf,  0xe0,  0x68,  0xc5,  0xd2,  0x5f,
  0xfa,  0xaf,  0x91,  0x0a,  0xba,  0x2d,  0xe5,  0xee,  0xd1,  0x89,  0x10,  0x6d,  0x00,  0x62,  0x67,  0x88,
  0xfc,  0xeb,  0xc2,  0x12,  0xce,  0x91,  0x8b,  0xe1,  0x2c,  0x55,  0xdf,  0x81,  0x1c,  0xf8,  0x87,  0xce,
  0xb8,  0xc1,  0xf0,  0x58,  0xc7,  0x1b,  0x83,  0x6f,  0xb4,  0x0e,  0xe0,  0x3c,  0x81,  0x1c,  0x7e,  0x15,
  0xed,  0xb6,  0x23,  0x4c,  0x65,  0x72,  0x43,  0x25,  0xe7,  0x58,  0xf2,  0xf7,  0x85,  0x41,  0xad,  0xea,
  0xeb,  0xfd,  0x1e,  0x00,  0xbb,  0x50,  0xc1,  0xbb,  0x43,  0xa6,  0x91,  0xd0,  0x5a,  0x49,  0x00,  0x7f,
  0x1b,  0xd5,  0x9e,  0xdb,  0x58,  0x55,  0xf6,  0x07,  0x5b,  0x66,  0xde,  0xdc,  0xeb,  0x8a,  0x07,  0x10,
  0x64,  0x37,  0xa7,  0x9f,  0x15,  0x07,  0x5a,  0xf1,  0xea,  0x78,  0x4c,  0xa6,  0x5f,  0xb9,  0x00,  0xcf,
  0xa8,  0x2c,  0x7c,  0xeb,  0x43,  0xda,  0xeb,  0x7b,  0x74,  0xec,  0x37,  0x77,  0x2c,  0xe7,  0x50,  0x40,
  0x4f,  0x5f,  0xab,  0x77,  0xcb,  0xcb,  0xa5,  0x2b,  0xb9,  0xd9,  0xf5,  0x14,  0x5f,  0x4e,  0xb0,  0x9d,
  0xfe,  0xa6,  0xf6,  0xed,  0x92,  0xcd,  0x90,  0xca,  0x38,  0x20,  0x0f,  0xa3,  0x9a,  0x9b,  0x8e,  0xca,
  0xf6,  0xf0,  0x54,  0x48,  0xe3,  0x6f,  0x1d,  0x4c,  0x06,  0x1c,  0x55,  0x4d,  0x25,  0xdf,  0x76,  0xad,
  0xc1,  0x05,  0x6f,  0x17,  0xdc,  0xde,  0x7f,  0x47,  0xfd,  0xf1,  0x48,  0x69,  0x96,  0xda,  0xe2,  0xe2,
  0x38,  0x72,  0xdb,  0x43,  0x00,  0x40,  0xe0,  0x7b,  0xff,  0x00,  0xa5,  0x65,  0x9d,  0x74,  0xf8,  0x1e,
  0x5c,  0x22,  0xd9,  0x1f,  0x49,  0xda,  0x7c,  0x42,  0x09,  0x9f,  0x6a,  0xb8,  0x77,  0x0e,  0x49,  0xeb,
  0xfa,  0x57,  0x17,  0x0d,  0xb5,  0xce,  0xc8,  0xb4,  0x54,  0x16,  0x5e,  0x20,  0x9f,  0xe1,  0x14,  0x76,
  0x4f,  0xfb,  0xc5,  0x8a,  0x01,  0x98,  0xbd,  0x70,  0xee,  0x07,  0xaf,  0x84,  0xd2,  0x77,  0x94,  0x2e,
  0xa9,  0x94,  0x19,  0x61,  0x95,  0x03,  0x6d,  0x99,  0x83,  0xb4,  0x55,  0x96,  0x5c,  0xbb,  0x86,  0x01,
  0xf4,  0x90,  0x96,  0x7b,  0x49,  0x65,  0x78,  0xda,  0x0e,  0x50,  0x04,  0xf3,  0xe4,  0xdc,  0x9a,  0xfb,
  0x37,  0x1b,  0xd9,  0xb5,  0xf7,  0xdc,  0xc5,  0x8b,  0xd9,  0xb3,  0x70,  0x90,  0xbd,  0x25,  0x55,  0x4c,
  0x7a,  0xf4,  0xeb,  0xf1,  0xa2,  0x68,  0x96,  0x92,  0xe7,  0x6a,  0xb1,  0xc3,  0x92,  0x15,  0xae,  0xe4,
  0x80,  0x3e,  0x67,  0x8a,  0x63,  0xb4,  0x36,  0xc5,  0x9e,  0xd0,  0x5a,  0x09,  0xe0,  0xdd,  0x83,  0x64,
  0xcc,  0x09,  0x9d,  0xe4,  0x73,  0xf1,  0x88,  0xa0,  0xdf,  0xdc,  0xa6,  0x9d,  0xc9,  0x0a,  0xf6,  0xc5,
  0xf6,  0xe8,  0x38,  0x60,  0x10,  0x57,  0x69,  0x81,  0x1c,  0x8e,  0x4f,  0x15,  0x57,  0x58,  0xdd,  0x6b,
  0x3a,  0xea,  0x2b,  0x15,  0x2a,  0x6d,  0x2c,  0x3f,  0x00,  0xf8,  0x56,  0x4c,  0xfc,  0xbd,  0x2a,  0x27,
  0x6d,  0x58,  0xb6,  0x95,  0xa7,  0xa1,  0xe2,  0x40,  0x51,  0xc7,  0x03,  0xc4,  0x7a,  0x55,  0x6e,  0xd2,
  0x2a,  0x83,  0x71,  0x89,  0x70,  0xcc,  0x44,  0x6e,  0x3c,  0x8e,  0x04,  0xc5,  0x22,  0x5b,  0xb0,  0xeb,
  0xf2,  0x83,  0x5a,  0x31,  0x7d,  0x4c,  0xa6,  0x2a,  0x61,  0x3c,  0x95,  0x6b,  0xa1,  0xc0,  0x93,  0xef,
  0x18,  0xe0,  0xff,  0x00,  0x3a,  0x67,  0x1a,  0xd3,  0x3d,  0x9c,  0x3f,  0x17,  0xbb,  0x93,  0x65,  0x7c,
  0x47,  0xe3,  0x70,  0x79,  0x74,  0x14,  0xa0,  0x44,  0xd4,  0xf4,  0xed,  0x15,  0xe3,  0x8d,  0xd0,  0xcd,
  0x1c,  0x08,  0x24,  0x19,  0xf9,  0xd5,  0x1b,  0x05,  0x6c,  0xdb,  0x4b,  0x85,  0xc0,  0xb6,  0xb9,  0x88,
  0x78,  0xe7,  0x8e,  0xf2,  0xef,  0x9d,  0x2c,  0xae,  0x8d,  0x33,  0xff,  0x00,  0xe8,  0xf8,  0xa4,  0x49,
  0xc3,  0x64,  0x38,  0x17,  0xa7,  0x90,  0x1c,  0xf5,  0x1f,  0x00,  0x28,  0x3a,  0xab,  0x91,  0x87,  0x8f,
  0x31,  0x04,  0x30,  0xe0,  0x93,  0xe6,  0x29,  0xdb,  0x0c,  0x6d,  0x60,  0xe4,  0xb1,  0x94,  0x1d,  0xf3,
  0x2c,  0xc7,  0x33,  0xc5,  0x25,  0xa8,  0xdc,  0x9c,  0x4c,  0x14,  0x21,  0xb8,  0x59,  0x0c,  0x63,  0x99,
  0x23,  0xf4,  0xab,  0x47,  0x8a,  0xba,  0x88,  0x77,  0xa3,  0x20,  0x6c,  0x7c,  0x54,  0x3d,  0x0d,  0xe1,
  0x31,  0xd7,  0xa1,  0xa6,  0x71,  0xec,  0xfb,  0x3e,  0x2d,  0xf6,  0x57,  0x28,  0x55,  0xee,  0x8d,  0xdd,
  0x39,  0xda,  0x3f,  0xad,  0x79,  0xd9,  0xbb,  0x7d,  0xe6,  0x3e,  0x12,  0xf2,  0x01,  0xba,  0x64,  0xf4,
  0xf2,  0x6a,  0x6a,  0xfb,  0xa5,  0xad,  0x3f,  0x25,  0x48,  0x0f,  0x39,  0x17,  0x14,  0x7d,  0xc8,  0x29,
  0x27,  0x2d,  0xf6,  0x8c,  0xb1,  0x18,  0xec,  0x8a,  0x77,  0x36,  0x72,  0x85,  0xa7,  0x9d,  0xac,  0x43,
  0x02,  0x79,  0x23,  0x72,  0xf4,  0xa9,  0x7a,  0x5d,  0xf9,  0xd5,  0x33,  0x58,  0x05,  0x93,  0x71,  0xc0,
  0x62,  0x27,  0x98,  0x5a,  0x7f,  0xb2,  0x37,  0x85,  0xc4,  0xd5,  0x6e,  0x24,  0xbe,  0xd3,  0xb8,  0x2a,
  0xcf,  0x43,  0xb2,  0x79,  0xa9,  0x78,  0x28,  0x2d,  0x6a,  0x79,  0x4e,  0x4f,  0x42,  0x48,  0x9e,  0x79,
  0x2a,  0x3f,  0xa5,  0x2a,  0x5b,  0xd3,  0xa8,  0xef,  0x33,  0xb6,  0xc7,  0x7c,  0x6d,  0x53,  0x1e,  0xcb,
  0x30,  0x6e,  0xef,  0x0e,  0xc2,  0x96,  0x11,  0xcc,  0x12,  0x3f,  0x9f,  0xad,  0x4f,  0xd3,  0xc1,  0x6c,
  0x25,  0xf2,  0x3d,  0xf3,  0x73,  0x3f,  0x19,  0xaa,  0xbb,  0xd6,  0xe6,  0xb2,  0xe6,  0x42,  0xfe,  0xef,
  0x6a,  0x00,  0x1f,  0xfa,  0x95,  0x27,  0x4e,  0x6d,  0xd8,  0x21,  0x48,  0xe3,  0x73,  0x11,  0xf1,  0xab,
  0xc6,  0xf5,  0x7e,  0x84,  0xca,  0x7a,  0xc3,  0x6c,  0xd4,  0x55,  0x81,  0x2e,  0x20,  0xc3,  0x0f,  0xf8,
  0x43,  0xfb,  0xf9,  0xd2,  0xd6,  0x63,  0xd8,  0x88,  0x69,  0xdd,  0xde,  0xb7,  0x89,  0xbc,  0xc4,  0x0f,
  0x2a,  0xe7,  0x5c,  0x06,  0xd6,  0x58,  0x93,  0xee,  0xb1,  0x52,  0x4c,  0x7f,  0x92,  0xbc,  0x2e,  0x7b,
  0xbb,  0x69,  0x3e,  0xf5,  0xc6,  0x60,  0x63,  0xca,  0x05,  0x08,  0xad,  0xd4,  0x04,  0x6b,  0xb7,  0x6d,
  0xd1,  0x33,  0xde,  0x51,  0x8a,  0xe3,  0x1b,  0x60,  0x95,  0x82,  0x25,  0x79,  0xfb,  0xea,  0x26,  0x6a,
  0x22,  0xe7,  0xe1,  0x32,  0x70,  0x1b,  0x1d,  0x40,  0x62,  0x4c,  0x13,  0xdf,  0x11,  0x27,  0xd2,  0xa8,
  0x6a,  0x17,  0x7b,  0xbd,  0x0a,  0xfa,  0x23,  0x97,  0x01,  0x42,  0xb1,  0x20,  0x4c,  0x14,  0x1f,  0x7d,
  0x4e,  0xcf,  0x2c,  0x72,  0xb0,  0x02,  0xa4,  0x29,  0xb2,  0x04,  0xfa,  0x9d,  0xf3,  0x3f,  0xdf,  0xa5,
  0x72,  0xd9,  0xaf,  0x3a,  0x05,  0x3b,  0xc5,  0x74,  0xc7,  0x43,  0x68,  0xdb,  0x61,  0x05,  0xae,  0x31,
  0x26,  0x7e,  0x37,  0x20,  0xcf,  0xf7,  0xd2,  0xbb,  0xca,  0xb8,  0x4e,  0x0d,  0xe2,  0xc6,  0x77,  0x5f,
  0xb6,  0x39,  0xf2,  0x1b,  0xa4,  0xf4,  0xe3,  0xa8,  0xfc,  0x28,  0x3a,  0x6a,  0x07,  0xc6,  0x62,  0xc1,
  0x99,  0x43,  0x31,  0x21,  0x4c,  0x7d,  0x6b,  0xbf,  0xa5,  0x7d,  0x76,  0xeb,  0x5b,  0xd2,  0x14,  0x40,
  0x0b,  0x77,  0x22,  0xd4,  0x83,  0xe5,  0xe1,  0x72,  0x63,  0xe6,  0xa3,  0xef,  0xae,  0x96,  0xb7,  0x9f,
  0x31,  0xf2,  0x47,  0x7a,  0x32,  0x93,  0xa2,  0x6a,  0x45,  0x42,  0x90,  0x2d,  0x5b,  0xe6,  0x3a,  0x78,
  0xcd,  0x4c,  0xd6,  0xef,  0x1f,  0xda,  0xed,  0xf5,  0x48,  0xdb,  0xcf,  0xc6,  0x16,  0xab,  0xe9,  0x28,
  0x83,  0xb3,  0xfa,  0x93,  0x33,  0x72,  0xa8,  0x87,  0x99,  0xf3,  0xdd,  0xc7,  0xe1,  0x50,  0xb3,  0xaf,
  0x8b,  0xda,  0x98,  0x74,  0x41,  0xb0,  0x9e,  0x38,  0x8f,  0x87,  0xe5,  0x54,  0xb3,  0xbe,  0xd2,  0x4f,
  0xcc,  0x10,  0x56,  0x05,  0x59,  0x64,  0xed,  0x9f,  0x5e,  0x76,  0x5d,  0x12,  0x7e,  0x7e,  0x95,  0xf1,
  0x40,  0xfa,  0xcd,  0xe1,  0xbb,  0x7c,  0x59,  0x04,  0xbf,  0x4f,  0xaa,  0xd4,  0x23,  0x77,  0xbd,  0xed,
  0x6f,  0x78,  0x37,  0x13,  0xb2,  0xef,  0x48,  0x92,  0x60,  0x8a,  0x75,  0xc3,  0xb6,  0xb3,  0x68,  0x03,
  0xb4,  0xfb,  0x10,  0x27,  0x8e,  0x48,  0xf1,  0xd2,  0x3b,  0xa9,  0xc8,  0x43,  0x95,  0x1d,  0xc6,  0x3e,
  0x2a,  0x3b,  0x4b,  0x77,  0x20,  0x91,  0xff,  0x00,  0x35,  0x36,  0x8f,  0x38,  0x17,  0x14,  0x78,  0x80,
  0xcb,  0x79,  0x60,  0x07,  0xf9,  0x85,  0x21,  0x94,  0xdb,  0x6d,  0xe2,  0x03,  0x2b,  0xba,  0xda,  0xc1,
  0x9f,  0xe2,  0x26,  0x8d,  0x8e,  0xdb,  0x34,  0xac,  0xcb,  0x84,  0x06,  0xdb,  0x9a,  0x79,  0x9e,  0x79,
  0x3d,  0x7e,  0x71,  0x48,  0xd5,  0xd5,  0xd4,  0x68,  0x0a,  0x6b,  0x64,  0xa6,  0x76,  0x21,  0x65,  0xdc,
  0x0d,  0xbb,  0x6a,  0x07,  0xda,  0x63,  0xf3,  0xad,  0x17,  0x69,  0xee,  0x9f,  0xd8,  0xb8,  0x6c,  0x16,
  0x54,  0xea,  0x36,  0xc9,  0x70,  0xdd,  0x48,  0x5b,  0x9c,  0x11,  0xe4,  0x62,  0xb3,  0xda,  0xbf,  0xff,
  0x00,  0x59,  0x8a,  0x0f,  0x51,  0xec,  0xe2,  0x7e,  0x60,  0xd5,  0xee,  0xd6,  0x64,  0x77,  0x9a,  0x4d,
  0xa5,  0x46,  0x2d,  0x6d,  0x35,  0x1b,  0x50,  0xd1,  0x1c,  0xec,  0xbb,  0x3f,  0x3e,  0x9e,  0x9d,  0x69,
  0x65,  0x7b,  0xb3,  0x10,  0xf3,  0x02,  0xe3,  0x2d,  0xfd,  0x41,  0x41,  0xe5,  0xcc,  0xc9,  0x07,  0xfc,
  0x80,  0x1f,  0x4f,  0xee,  0x69,  0x6d,  0x29,  0x15,  0xae,  0x6c,  0x2e,  0x6e,  0x5a,  0x4d,  0xe6,  0x47,
  0x4e,  0x97,  0x22,  0x69,  0x91,  0x71,  0x71,  0xf3,  0x72,  0x84,  0xee,  0x55,  0x0a,  0x4a,  0xa2,  0xfb,
  0xbe,  0x10,  0x26,  0x3e,  0x74,  0xbf,  0x67,  0x7e,  0x97,  0x31,  0xc1,  0x2c,  0xaa,  0xb2,  0x43,  0x2c,
  0xf0,  0x21,  0xcd,  0x4b,  0xd3,  0x27,  0xc8,  0xa4,  0xb8,  0x09,  0xe5,  0xcb,  0xf6,  0x8a,  0xc7,  0x20,
  0x10,  0xe7,  0x90,  0x38,  0xf7,  0x2b,  0x8d,  0x49,  0x48,  0xd6,  0xf3,  0x80,  0x50,  0x65,  0x01,  0xf0,
  0x9f,  0x48,  0xa1,  0x60,  0xdd,  0x17,  0x7b,  0x49,  0x66,  0x46,  0xe9,  0x6e,  0x87,  0xfd,  0x06,  0xbc,
  0xd5,  0xa1,  0x3b,  0x41,  0x9a,  0x20,  0xa0,  0x0b,  0xd2,  0x67,  0xfc,  0xbe,  0x75,  0xd6,  0x95,  0x24,
  0x96,  0x9d,  0xc3,  0x11,  0xde,  0xce,  0x23,  0x5d,  0xd7,  0xf0,  0x49,  0x04,  0xbf,  0x79,  0x94,  0x47,
  0x9f,  0x3e,  0x2a,  0xf3,  0xb4,  0x0f,  0x75,  0xb5,  0xcb,  0x0b,  0x75,  0x81,  0x6f,  0x66,  0x0b,  0x2a,
  0x47,  0x04,  0x34,  0xc7,  0xca,  0x45,  0x79,  0xa1,  0x5a,  0x17,  0x75,  0x8d,  0x38,  0x27,  0x88,  0x3d,
  0xdc,  0x88,  0xe7,  0x82,  0x4e,  0xea,  0x3f,  0x6b,  0x13,  0x67,  0x69,  0xb0,  0xc3,  0x88,  0x0b,  0x6d,
  0x6d,  0xb2,  0xcc,  0xc7,  0x4e,  0x01,  0xf3,  0x15,  0x3a,  0xfd,  0xea,  0x68,  0xfe,  0x59,  0x32,  0x7f,
  0x6b,  0xbe,  0x96,  0xd6,  0x9d,  0x6a,  0x08,  0x3b,  0x91,  0x49,  0x99,  0x1c,  0xb3,  0x55,  0x3e,  0xd1,
  0x64,  0x5e,  0xb9,  0xbd,  0x9f,  0xa1,  0xbc,  0xe8,  0x16,  0x64,  0xc8,  0x51,  0xf8,  0x79,  0x7c,  0xaa,
  0x5f,  0x6a,  0x55,  0x52,  0xe6,  0x18,  0x06,  0x00,  0xbf,  0x6f,  0xe0,  0x40,  0xdc,  0x7c,  0xa9,  0xed,
  0x40,  0x8b,  0xe3,  0x1c,  0x49,  0x0c,  0xdb,  0xee,  0x9e,  0x7a,  0x12,  0x05,  0x32,  0x57,  0x41,  0xf3,
  0x31,  0xd7,  0x67,  0xee,  0x03,  0xa1,  0xe3,  0x4b,  0x42,  0x58,  0xbb,  0x71,  0x1d,  0x82,  0x9f,  0x08,
  0xe1,  0xbe,  0x7e,  0xf7,  0x97,  0xad,  0x1b,  0x16,  0xd7,  0x7d,  0x83,  0x69,  0x81,  0xda,  0x5a,  0xed,
  0xa2,  0x6d,  0x83,  0xea,  0xd7,  0x3f,  0x4a,  0xca,  0xda,  0xcc,  0xcb,  0x5c,  0x9b,  0x98,  0x16,  0x9c,
  0xae,  0x3d,  0xe8,  0x67,  0x1f,  0x68,  0x13,  0xf7,  0x80,  0x05,  0x6a,  0xb4,  0xfb,  0x8b,  0xed,  0xb6,
  0xed,  0x42,  0xc4,  0xab,  0x08,  0xf7,  0x88,  0xf1,  0x9f,  0xce,  0x85,  0xac,  0x1c,  0x6a,  0xfd,  0xef,
  0x0c,  0x41,  0x63,  0x87,  0x5d,  0x3f,  0x34,  0x2f,  0x03,  0xbf,  0x30,  0x4f,  0x11,  0xe2,  0x51,  0x48,
  0xe5,  0x02,  0xd8,  0xfa,  0x68,  0xb9,  0x06,  0xe3,  0x4c,  0x98,  0xe9,  0x07,  0xa5,  0x50,  0xc7,  0xd9,
  0x7b,  0x07,  0x26,  0x48,  0x01,  0xae,  0xcf,  0x2d,  0x1f,  0x5c,  0x7a,  0x52,  0x79,  0x68,  0x56,  0xfe,
  0x96,  0xa1,  0x76,  0x82,  0xd7,  0x78,  0xfb,  0x0d,  0x68,  0xe3,  0xe7,  0xb1,  0x96,  0x05,  0x3e,  0xca,
  0xb2,  0xaa,  0x60,  0x87,  0x21,  0x47,  0x7a,  0xc3,  0x9f,  0x29,  0x0d,  0x41,  0xd5,  0x49,  0xb7,  0x85,
  0xbc,  0x10,  0x77,  0xe6,  0x5c,  0x96,  0x00,  0x4f,  0xd4,  0xeb,  0xf8,  0xfe,  0x34,  0xd7,  0x66,  0x90,
  0x7b,  0x4e,  0x32,  0x90,  0x67,  0xbc,  0x32,  0x01,  0x80,  0x44,  0x34,  0xfd,  0x95,  0x37,  0x58,  0x83,
  0x83,  0x8e,  0xaa,  0x82,  0x3d,  0xae,  0xe7,  0x33,  0xcc,  0x92,  0x05,  0x49,  0x5f,  0x6d,  0xe6,  0xa6,
  0x8e,  0x21,  0x7b,  0x1e,  0x48,  0x5d,  0x5c,  0x05,  0x21,  0x7b,  0xa0,  0x49,  0xf4,  0x02,  0x0c,  0xfe,
  0x14,  0x9b,  0xb0,  0x39,  0x79,  0x0d,  0x6c,  0x91,  0xef,  0x37,  0x4f,  0x20,  0xa2,  0xab,  0xe9,  0xd8,
  0x37,  0x34,  0xcb,  0x1a,  0xb8,  0x85,  0x86,  0xc7,  0x49,  0x20,  0xf4,  0x07,  0x9f,  0x4f,  0xb2,  0xa2,
  0x64,  0x28,  0xb6,  0xd9,  0x60,  0x73,  0x01,  0xd4,  0x8f,  0x48,  0x51,  0xcd,  0x52,  0x2d,  0x4a,  0x72,
  0x6b,  0x3a,  0x7c,  0x21,  0x9e,  0x63,  0x16,  0x8b,  0x8d,  0x5b,  0x6b,  0xa8,  0x05,  0x71,  0x6d,  0x82,
  0x17,  0x8e,  0x45,  0xca,  0x9b,  0x80,  0x02,  0xd9,  0xb6,  0x84,  0x93,  0xbb,  0x7f,  0x9f,  0xc0,  0x55,
  0x77,  0xdd,  0x7b,  0x5e,  0xb8,  0xc6,  0x58,  0xf7,  0x16,  0xc9,  0x30,  0x39,  0xfa,  0x41,  0x33,  0x51,
  0xec,  0x82,  0x8f,  0x64,  0x1e,  0xa4,  0xb0,  0x81,  0xf2,  0xaa,  0xc2,  0xf5,  0xfa,  0x11,  0x8e,  0x6b,
  0x8f,  0xde,  0x67,  0xde,  0x5e,  0xbb,  0x5c,  0x83,  0x02,  0x3e,  0xac,  0x57,  0x79,  0x8a,  0x50,  0x69,
  0x62,  0x08,  0x0f,  0x71,  0xe4,  0xf9,  0x9e,  0x40,  0xa5,  0xb2,  0xd7,  0xf7,  0xec,  0x95,  0x2c,  0x37,
  0x07,  0x24,  0xf9,  0xd3,  0xfa,  0x98,  0x5b,  0x98,  0x9d,  0x9e,  0x20,  0xc1,  0x37,  0xae,  0x06,  0x20,
  0xf4,  0xf1,  0x0e,  0x47,  0xdf,  0x43,  0x0d,  0x95,  0xe6,  0x0c,  0x52,  0x9e,  0x70,  0x19,  0x7e,  0xd2,
  0xbe,  0xe8,  0x55,  0x50,  0x77,  0x0e,  0x4c,  0x28,  0xfe,  0xfe,  0x54,  0x2d,  0x52,  0xe0,  0x64,  0xc0,
  0x3b,  0xa1,  0x02,  0x15,  0x11,  0xd2,  0x64,  0xd7,  0x4b,  0x73,  0xbb,  0xcd,  0xcb,  0xb6,  0xaf,  0xb8,
  0x0e,  0x39,  0xe2,  0x78,  0x14,  0xa6,  0x55,  0xb3,  0xdd,  0xd8,  0x64,  0x72,  0x14,  0x48,  0xf1,  0x0e,
  0x14,  0xfc,  0xeb,  0x9a,  0x2a,  0xf5,  0xe6,  0x41,  0x42,  0xba,  0x4f,  0x8a,  0xc9,  0x45,  0x20,  0x16,
  0x47,  0xe2,  0x26,  0x7e,  0x92,  0xed,  0x75,  0x96,  0x8e,  0x34,  0x8b,  0x02,  0x21,  0x7b,  0xf4,  0xf1,
  0x01,  0xc7,  0xb8,  0xf1,  0xcd,  0x7d,  0x88,  0xdf,  0x45,  0xef,  0x18,  0xee,  0x07,  0x23,  0xfe,  0x6e,
  0x27,  0xe7,  0x44,  0xcf,  0x25,  0x34,  0x2b,  0x36,  0xca,  0xb2,  0xb3,  0x5f,  0x46,  0xe7,  0xa1,  0xfa,
  0x36,  0xe9,  0xf7,  0xd5,  0xdf,  0x1f,  0x52,  0x9e,  0x91,  0x8d,  0x0e,  0xc8,  0x3a,  0x0e,  0xa8,  0x84,
  0x33,  0x06,  0xd8,  0xa0,  0xf9,  0x4e,  0xd7,  0x35,  0x9a,  0xca,  0xdc,  0x99,  0x8f,  0x6c,  0x96,  0xdd,
  0x6d,  0x98,  0x12,  0x38,  0xfa,  0xde,  0xb5,  0xac,  0xd0,  0x82,  0x0d,  0x17,  0x39,  0x0a,  0xb6,  0xf6,
  0x74,  0xe8,  0x7a,  0xf8,  0x5f,  0x8a,  0xcc,  0x6a,  0xb6,  0xc0,  0xd4,  0xb2,  0xf6,  0x78,  0x7c,  0x6c,
  0x60,  0x19,  0x30,  0x09,  0xfd,  0x28,  0xd9,  0x3a,  0xda,  0x4b,  0xcf,  0x63,  0x44,  0x38,  0x21,  0xf5,
  0xfb,  0x84,  0x79,  0x25,  0xef,  0x8f,  0x91,  0xab,  0x4e,  0x84,  0xea,  0x98,  0x1e,  0x02,  0x97,  0x0e,
  0x11,  0x53,  0xbe,  0x4f,  0x00,  0xb1,  0xfc,  0xcd,  0x41,  0xc7,  0x7d,  0x9a,  0xd1,  0x66,  0x59,  0x94,
  0xbc,  0x08,  0xeb,  0x06,  0x0d,  0x68,  0x72,  0x97,  0x6e,  0xad,  0xa6,  0x0e,  0x54,  0x7b,  0x13,  0xc8,
  0x02,  0x39,  0xde,  0xdd,  0x28,  0x5a,  0xdc,  0xd2,  0xd3,  0xfa,  0x23,  0x27,  0xde,  0x69,  0xb5,  0x8a,
  0x18,  0xf8,  0x48,  0x04,  0x73,  0xc7,  0x0c,  0x68,  0xb6,  0x8e,  0xee,  0xce,  0xe7,  0x9d,  0xa6,  0xe6,
  0xfc,  0xa2,  0xf2,  0x7c,  0xba,  0x9a,  0xf6,  0xe2,  0x8b,  0xb8,  0xd6,  0x49,  0x20,  0x38,  0x80,  0x20,
  0xf3,  0x12,  0xd3,  0x40,  0xb1,  0x71,  0x93,  0xb2,  0x99,  0x90,  0xac,  0x83,  0xbf,  0x65,  0xdd,  0xd4,
  0x0f,  0xef,  0x9a,  0x18,  0xa5,  0xcd,  0x0d,  0x00,  0xba,  0xbd,  0xa1,  0xdf,  0xe3,  0x5d,  0x65,  0x3b,
  0x07,  0xb3,  0x31,  0x24,  0xcf,  0xf7,  0xc5,  0x50,  0xed,  0x49,  0x2b,  0xa5,  0xdb,  0x0a,  0x83,  0xbb,
  0xf6,  0xf4,  0x25,  0xbc,  0x89,  0xd9,  0x72,  0x07,  0xd9,  0xd7,  0x9f,  0xb6,  0x95,  0xca,  0xb0,  0x6f,
  0x60,  0xd8,  0x66,  0x62,  0x54,  0x7b,  0x3c,  0x80,  0x3e,  0xda,  0x7b,  0xb5,  0xd7,  0x16,  0xe6,  0x12,
  0xad,  0xb7,  0x06,  0x33,  0xad,  0x48,  0x1f,  0xf0,  0xae,  0x75,  0xfc,  0x6a,  0x55,  0xde,  0x8a,  0xf3,
  0x21,  0x0e,  0x18,  0x5b,  0xc5,  0xcd,  0xcf,  0xda,  0x4b,  0x78,  0x43,  0x0d,  0xcc,  0x66,  0x36,  0xa1,
  0x1f,  0xce,  0x28,  0x3d,  0x8b,  0xbe,  0x2e,  0x6b,  0x17,  0xd7,  0x76,  0xd4,  0xd9,  0x23,  0x71,  0x3f,
  0xe5,  0x3f,  0x7d,  0x34,  0xcb,  0x65,  0xb3,  0x35,  0x46,  0x66,  0x3c,  0xd8,  0x56,  0xe0,  0x71,  0xf5,
  0x39,  0xa4,  0xbb,  0x1c,  0x6d,  0x5b,  0xd6,  0xf2,  0xb7,  0x83,  0x6d,  0x56,  0xd0,  0xe9,  0xcf,  0x3b,
  0x09,  0x13,  0xf8,  0x7e,  0x14,  0xb8,  0xd9,  0x4b,  0x92,  0xec,  0x55,  0xf0,  0x10,  0xb4,  0xcb,  0x80,
  0xf6,  0x8c,  0x34,  0xc0,  0x17,  0x3c,  0x87,  0xf0,  0x9a,  0xf7,  0x59,  0xb9,  0x3a,  0xd6,  0x43,  0xc1,
  0x3b,  0xd4,  0x4c,  0xfc,  0xa9,  0x7d,  0x1a,  0xf0,  0x5d,  0x7c,  0x39,  0xda,  0x47,  0x7c,  0xa3,  0x9f,
  0x88,  0x34,  0xf6,  0x78,  0x27,  0x3b,  0xae,  0xed,  0xc0,  0x80,  0x63,  0x82,  0x64,  0x57,  0x7b,  0xba,
  0xd3,  0xa1,  0xa3,  0x80,  0xee,  0x81,  0xf4,  0x9a,  0xbe,  0x8a,  0xa3,  0x9d,  0xf7,  0x2e,  0xc1,  0x06,
  0x0c,  0xc3,  0x1f,  0xca,  0xbc,  0xed,  0x65,  0xeb,  0xa3,  0xb4,  0xd6,  0xdd,  0xc0,  0x45,  0x4b,  0x96,
  0xc7,  0x03,  0x81,  0x23,  0x8f,  0xe4,  0x6b,  0xcd,  0x01,  0x18,  0xe5,  0xe8,  0xa5,  0x79,  0x71,  0x75,
  0xc7,  0xa7,  0xd4,  0x6a,  0xfb,  0xb5,  0x8a,  0x17,  0xb4,  0x4c,  0xa1,  0x98,  0xb1,  0xc9,  0xc7,  0x04,
  0x1e,  0x08,  0xf0,  0xb4,  0x8a,  0xe7,  0x54,  0xfa,  0xdd,  0x1f,  0xc9,  0x20,  0x3d,  0xa3,  0xb7,  0x2f,
  0x6d,  0x5c,  0x4f,  0xd3,  0x07,  0x9f,  0xb1,  0x49,  0x15,  0x51,  0x6d,  0x2e,  0x40,  0xc3,  0x17,  0x00,
  0x69,  0xb1,  0x1c,  0x72,  0x79,  0x03,  0x9a,  0x97,  0xda,  0x09,  0x66,  0x63,  0x73,  0x93,  0xbf,  0x8f,
  0x17,  0x97,  0x76,  0x69,  0xa1,  0x94,  0x71,  0x75,  0x0d,  0x23,  0x60,  0x7d,  0xad,  0x6c,  0x06,  0x1c,
  0x73,  0xc4,  0x74,  0xfb,  0x45,  0x66,  0x9b,  0x84,  0x69,  0xa8,  0xca,  0xf4,  0x4c,  0xd3,  0xad,  0x29,
  0xed,  0x0c,  0x41,  0x31,  0x6c,  0x1e,  0x3e,  0xc1,  0x57,  0x74,  0xe0,  0x2d,  0xf6,  0x82,  0xd1,  0x9e,
  0x76,  0x08,  0x31,  0xd6,  0x01,  0xa8,  0xda,  0x7c,  0x27,  0x69,  0x6e,  0x01,  0xc4,  0x5b,  0x1f,  0xc8,
  0x55,  0x6c,  0x37,  0xdb,  0xda,  0x8c,  0x72,  0x64,  0x5b,  0x16,  0x01,  0x04,  0xf0,  0x64,  0x02,  0x64,
  0xd6,  0xb5,  0xab,  0xaf,  0xfd,  0x4c,  0x85,  0x50,  0xf7,  0x58,  0xf7,  0xbe,  0xb8,  0x3e,  0x23,  0x27,
  0xf8,  0xc1,  0xe2,  0x9a,  0xcf,  0x53,  0xfb,  0x4b,  0x49,  0x80,  0x40,  0x2b,  0x75,  0xb6,  0x92,  0x0c,
  0x79,  0xd2,  0x25,  0xc7,  0xb0,  0x5e,  0xb9,  0xd0,  0xec,  0x51,  0xb8,  0x9f,  0x8c,  0xf1,  0x54,  0xb2,
  0x5d,  0xee,  0x67,  0x68,  0xe4,  0xa8,  0x21,  0x51,  0xd5,  0x78,  0x11,  0xd2,  0x95,  0xdc,  0xff,  0x00,
  0x7f,  0x06,  0x58,  0x04,  0xec,  0xfd,  0xc3,  0x6b,  0x33,  0x14,  0x83,  0xb0,  0x8b,  0x9c,  0x9d,  0xb3,
  0x20,  0x93,  0x3c,  0x54,  0xfb,  0xce,  0x1b,  0x3b,  0xb9,  0x2a,  0x0e,  0xdc,  0xc7,  0x61,  0x03,  0x80,
  0x37,  0x0a,  0xa7,  0xa2,  0x6d,  0x6c,  0x90,  0x37,  0x2e,  0xe1,  0x27,  0x9e,  0x7e,  0xb4,  0xf9,  0x7c,
  0x29,  0x7c,  0x0b,  0x1d,  0xef,  0x69,  0xf2,  0x4c,  0x4a,  0x8c,  0x86,  0x61,  0x1d,  0x01,  0x2c,  0x01,
  0xfb,  0x7a,  0xd4,  0xea,  0x94,  0xa4,  0xdf,  0xb0,  0x63,  0x99,  0x7f,  0x3f,  0x1d,  0x92,  0xc5,  0xc2,
  0x51,  0x77,  0x5d,  0xb1,  0x60,  0xc0,  0x3e,  0xb1,  0xe7,  0xf6,  0x56,  0x1d,  0xef,  0x17,  0xb9,  0xa8,
  0xb0,  0xe4,  0x45,  0xc3,  0x1f,  0xf2,  0x8a,  0xd9,  0x6b,  0x17,  0x51,  0x1f,  0x19,  0x8b,  0x42,  0xdd,
  0xb5,  0x63,  0x7c,  0x98,  0x22,  0x19,  0x47,  0xe5,  0x58,  0x95,  0x3b,  0x46,  0xa3,  0xd4,  0x80,  0x97,
  0x23,  0x88,  0xf2,  0x8a,  0xdf,  0xe6,  0x57,  0x36,  0xcd,  0x91,  0x55,  0x0b,  0x0d,  0x63,  0x21,  0xd0,
  0xee,  0x07,  0x0e,  0xdc,  0x91,  0xe5,  0xf4,  0x96,  0xfa,  0x7c,  0xea,  0x3c,  0xf7,  0x7a,  0x8d,  0x90,
  0x04,  0xc3,  0x18,  0x1f,  0x75,  0x57,  0xb2,  0xaf,  0x6f,  0x54,  0xc8,  0x96,  0xef,  0x1b,  0xd9,  0x6d,
  0x0e,  0xb1,  0x1c,  0xda,  0x31,  0xfd,  0x2a,  0x4e,  0x4c,  0xa6,  0xa1,  0x68,  0x83,  0x04,  0x39,  0x13,
  0x3d,  0x3a,  0x57,  0x4d,  0x9e,  0x3d,  0x3b,  0x0a,  0xce,  0xef,  0x86,  0x6d,  0x62,  0xf8,  0x75,  0x12,
  0x5c,  0xf1,  0xf0,  0x91,  0x56,  0x75,  0x31,  0xfe,  0xec,  0xec,  0x97,  0xd1,  0x0e,  0x72,  0x5c,  0x73,
  0xf5,  0xbc,  0x6a,  0x2a,  0x2e,  0x73,  0xff,  0x00,  0xbe,  0xae,  0xb0,  0xe4,  0x3b,  0x12,  0x38,  0xfe,
  0x3a,  0xb9,  0x9d,  0x66,  0x34,  0x5e,  0xcb,  0xdc,  0xda,  0xc7,  0x6e,  0x73,  0x83,  0xb8,  0xcf,  0xd6,
  0x53,  0xc0,  0xf9,  0x52,  0xcf,  0x18,  0x79,  0x93,  0x00,  0x1c,  0xcb,  0xa6,  0xd6,  0xa9,  0x77,  0x71,
  0x23,  0x71,  0x6e,  0x22,  0x3e,  0x1f,  0x95,  0x74,  0xbb,  0x9f,  0x4a,  0x6b,  0x88,  0xc6,  0x45,  0xde,
  0x03,  0x74,  0xa9,  0xfa,  0xdd,  0xc1,  0x6b,  0x5a,  0x68,  0x31,  0xef,  0x73,  0x33,  0xc6,  0xe6,  0xa7,
  0xb1,  0x18,  0xfe,  0xcd,  0x62,  0x17,  0x69,  0x0e,  0x5a,  0x49,  0xe0,  0xf0,  0x29,  0x5a,  0xa4,  0x62,
  0xcc,  0x02,  0xd1,  0x54,  0xc0,  0xb7,  0xc3,  0x3e,  0xeb,  0x3f,  0x08,  0x1c,  0x1f,  0x5a,  0xeb,  0x55,
  0xb9,  0xb7,  0x45,  0xc3,  0x42,  0x01,  0x8b,  0x82,  0x1b,  0xce,  0x3b,  0xb3,  0xc5,  0x2a,  0xc2,  0x74,
  0xbb,  0x12,  0x09,  0x06,  0xd8,  0x13,  0x1f,  0x6f,  0xea,  0x6b,  0xbc,  0xa7,  0x5b,  0x9a,  0x06,  0x11,
  0x20,  0x18,  0x6e,  0x39,  0xe9,  0xe1,  0x8f,  0xcc,  0xd3,  0xd2,  0xf4,  0xf5,  0x2b,  0xe9,  0x2d,  0xe8,
  0xa2,  0x34,  0x8d,  0x41,  0x01,  0x12,  0x76,  0x36,  0xd6,  0xe9,  0x20,  0x37,  0x4a,  0xce,  0x66,  0xaa,
  0x7e,  0xd0,  0xc8,  0x0e,  0xdb,  0x42,  0xab,  0xc1,  0x8f,  0x39,  0x68,  0xfc,  0xab,  0x49,  0xa2,  0x96,
  0x18,  0x99,  0xe0,  0x0f,  0x7e,  0xd8,  0x99,  0xf4,  0xe7,  0xf5,  0xac,  0xde,  0xb6,  0xcc,  0x35,  0x6c,
  0x85,  0xda,  0xe1,  0xf6,  0x6e,  0xda,  0xd1,  0xd0,  0x89,  0xa4,  0xb2,  0xfc,  0x92,  0x5e,  0x64,  0x2c,
  0x4f,  0xb1,  0xd3,  0x76,  0xb8,  0xc6,  0xe7,  0x88,  0x6d,  0xbf,  0x23,  0xe4,  0x6b,  0x45,  0xa8,  0x5c,
  0x5f,  0xda,  0x1a,  0x21,  0x0a,  0xa2,  0x71,  0xee,  0x9d,  0xb1,  0xe5,  0xbf,  0x81,  0xd7,  0xd2,  0xa2,
  0xe2,  0xdb,  0xef,  0x75,  0xc5,  0x8f,  0x0e,  0xfe,  0xfa,  0x09,  0x3f,  0x0a,  0xa1,  0xab,  0x78,  0x35,
  0x4d,  0x20,  0xa3,  0xc9,  0x16,  0x6f,  0xc6,  0xd0,  0x60,  0x43,  0x98,  0xad,  0x3d,  0xe9,  0x47,  0x93,
  0xf8,  0x62,  0x85,  0xc3,  0xc7,  0x5f,  0x64,  0x95,  0x46,  0x85,  0x42,  0x62,  0x24,  0xc7,  0x3e,  0x7e,
  0x5e,  0x9f,  0x7d,  0x4e,  0xc0,  0xda,  0xdd,  0x93,  0xc9,  0x40,  0xc4,  0xef,  0xc8,  0xea,  0x3a,  0x0e,
  0x9f,  0xad,  0x5c,  0xc5,  0x05,  0xbb,  0x38,  0xf7,  0x01,  0x0b,  0x13,  0x0d,  0xd6,  0x38,  0x3f,  0xdf,
  0x35,  0x0b,  0x4c,  0x40,  0x7b,  0x38,  0xc9,  0xe2,  0x42,  0x6f,  0x29,  0x32,  0x38,  0x60,  0x76,  0xf4,
  0xfe,  0xfc,  0xe9,  0x22,  0xeb,  0x5e,  0x68,  0x68,  0x0d,  0x2e,  0x7a,  0x58,  0xd0,  0x6e,  0x5d,  0x3c,
  0xfd,  0x0d,  0xa7,  0x02,  0x7a,  0x95,  0x91,  0xf8,  0xf1,  0x43,  0xed,  0x1e,  0x4a,  0xe4,  0xdc,  0xc7,
  0x7b,  0x40,  0x84,  0x37,  0xd2,  0x60,  0xf9,  0x85,  0x61,  0xf7,  0xd4,  0x2b,  0xd7,  0x9e,  0xf6,  0x9f,
  0x8f,  0x8e,  0x25,  0x43,  0x90,  0x1c,  0x79,  0x18,  0x3c,  0x55,  0x5c,  0x8c,  0x8b,  0x6f,  0x85,  0x8d,
  0x6f,  0x6f,  0x8d,  0xb3,  0x15,  0x8b,  0x0e,  0x9c,  0x2b,  0x4f,  0xdf,  0x23,  0xee,  0xab,  0x7d,  0x3d,
  0x97,  0xb5,  0xcc,  0x0d,  0x16,  0x48,  0x16,  0xb5,  0x0d,  0x4d,  0x9d,  0xcb,  0xb2,  0xe2,  0xa9,  0x41,
  0xd4,  0x49,  0x0a,  0x44,  0xfc,  0x29,  0x1e,  0xc7,  0x38,  0xb5,  0x9b,  0x98,  0xce,  0x77,  0x13,  0x64,
  0x82,  0xd3,  0xc8,  0x3d,  0xd9,  0xa6,  0xf3,  0x1f,  0x66,  0xab,  0xaa,  0xf2,  0x18,  0x8c,  0x3b,  0x64,
  0x44,  0x10,  0x7d,  0xda,  0x9b,  0xd9,  0x9b,  0x85,  0x2e,  0x65,  0x30,  0x59,  0xdd,  0x64,  0x16,  0x27,
  0x81,  0xca,  0x1a,  0x8a,  0x55,  0xb3,  0x97,  0x25,  0xd8,  0x6f,  0x41,  0x9f,  0xd0,  0xc9,  0xb9,  0xa9,
  0xb1,  0x13,  0xc5,  0xf4,  0xe9,  0xd7,  0xa3,  0x55,  0x7d,  0x41,  0x08,  0xcd,  0x45,  0x0d,  0x2c,  0xa7,
  0x91,  0x27,  0xd4,  0x54,  0xcd,  0x0e,  0xd8,  0xb3,  0x99,  0x6a,  0xe7,  0x2c,  0x6e,  0xdc,  0x56,  0x20,
  0xf1,  0x1f,  0xe2,  0x0f,  0xc8,  0x1a,  0xab,  0x96,  0x19,  0xf5,  0x35,  0x7d,  0xbb,  0x60,  0xcc,  0x01,
  0xfc,  0x67,  0xe1,  0xf0,  0xae,  0xdb,  0x47,  0xf7,  0x3a,  0x1a,  0x07,  0x5a,  0x3d,  0xc6,  0xb3,  0x91,
  0xa6,  0xb2,  0x31,  0x57,  0x5c,  0x90,  0xa0,  0x81,  0x3d,  0x54,  0x8f,  0xce,  0x9c,  0xed,  0x3d,  0xc3,
  0x73,  0xb4,  0x3a,  0x8b,  0xba,  0x80,  0xc9,  0x93,  0x60,  0xa8,  0x80,  0x7e,  0x1c,  0x1f,  0xb2,  0xa7,
  0x60,  0xdf,  0x18,  0xd8,  0xd6,  0x1c,  0xa9,  0x3b,  0x33,  0x53,  0x8f,  0xb7,  0x8a,  0x3e,  0xbd,  0x7d,
  0x93,  0x55,  0xce,  0x55,  0x3b,  0xe6,  0xfd,  0x92,  0x49,  0xe7,  0x80,  0x07,  0xe7,  0x50,  0xd9,  0xad,
  0xad,  0x74,  0xee,  0x84,  0x07,  0xad,  0xf8,  0x80,  0x2c,  0xbb,  0x4f,  0x79,  0xc1,  0xff,  0x00,  0xdb,
  0x6a,  0xe5,  0xb2,  0x7d,  0xa7,  0x3f,  0x09,  0x88,  0xdc,  0xa8,  0x51,  0x7e,  0xce,  0x49,  0xa2,  0xea,
  0x5f,  0xbc,  0x64,  0x28,  0x22,  0x58,  0xb4,  0xb4,  0x79,  0x42,  0x35,  0x77,  0x81,  0x82,  0x8f,  0x7f,
  0x4f,  0x3c,  0xed,  0xea,  0xe0,  0xf0,  0x27,  0xc5,  0xd6,  0x8d,  0x52,  0x8a,  0xa8,  0xf1,  0xc1,  0xb1,
  0x3b,  0x57,  0x23,  0xb4,  0x97,  0x98,  0x08,  0xfa,  0x30,  0x40,  0x1f,  0x60,  0xaa,  0xc9,  0x7d,  0x0f,
  0x68,  0xb1,  0x86,  0xf2,  0x19,  0x46,  0xce,  0x7e,  0x2b,  0x35,  0x32,  0xda,  0xab,  0x6b,  0x59,  0x37,
  0x64,  0x00,  0xb6,  0xd7,  0xa7,  0x4e,  0x8b,  0x47,  0xce,  0x75,  0x1a,  0xbe,  0x29,  0x42,  0xa1,  0x3d,
  0xac,  0xaa,  0xb8,  0xf4,  0x85,  0x14,  0x24,  0xb6,  0x9a,  0x5a,  0x76,  0x04,  0x4e,  0xef,  0xd9,  0x65,
  0xd2,  0xb2,  0x0b,  0x80,  0x09,  0xb6,  0xa4,  0x1e,  0xa7,  0xdf,  0xfe,  0xb4,  0xde,  0xf3,  0x91,  0x91,
  0xa7,  0x3a,  0x91,  0xb6,  0xd3,  0x35,  0xb9,  0x3c,  0x8e,  0x05,  0x7d,  0x72,  0x1b,  0x41,  0xba,  0xc1,
  0x49,  0x2a,  0xa1,  0x78,  0x1d,  0x0e,  0xea,  0x1e,  0x98,  0x04,  0x20,  0x3b,  0x80,  0x19,  0x2c,  0x41,
  0x26,  0x64,  0x05,  0x35,  0x3c,  0x53,  0x7c,  0xfe,  0x00,  0xb8,  0x59,  0x47,  0xb3,  0x8e,  0xbf,  0xb4,
  0xc8,  0x66,  0x85,  0xda,  0xc5,  0x8f,  0xcc,  0xfe,  0x94,  0xb6,  0x0e,  0x47,  0x73,  0xaf,  0xe4,  0x9d,
  0xf0,  0x9d,  0xf0,  0x61,  0x1f,  0xf1,  0x54,  0x57,  0x9a,  0x1d,  0xc0,  0x75,  0x09,  0x90,  0xff,  0x00,
  0x46,  0x48,  0x53,  0xd3,  0xde,  0xfb,  0x29,  0x0c,  0x47,  0x45,  0xcc,  0xc9,  0x7b,  0xa4,  0xa8,  0xef,
  0x94,  0x12,  0x39,  0xeb,  0x70,  0x9f,  0xe4,  0x29,  0x36,  0x6b,  0x29,  0x72,  0x46,  0x58,  0x32,  0xf6,
  0xba,  0x3e,  0x87,  0x14,  0x28,  0x65,  0xee,  0xed,  0xda,  0x24,  0xb1,  0x9e,  0xa5,  0x7f,  0xeb,  0x59,
  0x6c,  0x7b,  0x47,  0x23,  0x2b,  0x26,  0xc9,  0x25,  0x8b,  0xa3,  0x23,  0x11,  0xc4,  0x93,  0xe7,  0xf8,
  0xd6,  0x87,  0x57,  0xbe,  0x6e,  0xe2,  0x25,  0xc4,  0x82,  0x3b,  0xab,  0x40,  0x00,  0x3a,  0xc1,  0x5e,
  0x7e,  0x7d,  0x6b,  0x3d,  0x82,  0xa3,  0xbf,  0x2e,  0xd0,  0x5d,  0x47,  0x88,  0x0e,  0x4c,  0xf1,  0xe5,
  0xf3,  0xa7,  0xb1,  0xba,  0x0c,  0x2b,  0x84,  0xa8,  0xc4,  0x2e,  0xa3,  0x72,  0x5c,  0x16,  0x6c,  0x6b,
  0x51,  0x22,  0x7f,  0xf2,  0x8f,  0x97,  0xd9,  0x52,  0x72,  0x54,  0x2e,  0xa3,  0x60,  0x9f,  0x3b,  0x9e,
  0x95,  0x4e,  0xe3,  0x2b,  0x66,  0xb1,  0x54,  0xf7,  0x2d,  0xda,  0x49,  0x1f,  0xe8,  0xb6,  0x78,  0xfb,
  0xea,  0x7d,  0xf1,  0xfb,  0xee,  0x39,  0x33,  0x05,  0xf9,  0xe3,  0xed,  0xaa,  0x59,  0xdd,  0xfa,  0x14,
  0x0e,  0xaa,  0x05,  0x8d,  0x69,  0x80,  0x9e,  0x1d,  0xc7,  0x3c,  0x9e,  0x2e,  0x1a,  0xd0,  0xea,  0x2c,
  0x7f,  0x66,  0x68,  0xac,  0x7d,  0xcb,  0x59,  0xcd,  0xf6,  0x0e,  0x14,  0xd6,  0x73,  0x5e,  0x3b,  0x75,
  0xa6,  0x65,  0x90,  0xa6,  0xeb,  0xc0,  0x22,  0x23,  0xe9,  0x0d,  0x68,  0x75,  0x2b,  0xa5,  0xf4,  0x4c,
  0x25,  0xd9,  0x21,  0x6f,  0xb3,  0x83,  0xd0,  0x4f,  0x76,  0x28,  0x4e,  0xf5,  0x06,  0x03,  0x31,  0xae,
  0x5f,  0x8d,  0x4d,  0x49,  0x26,  0x76,  0x9e,  0xbf,  0x69,  0xab,  0xd8,  0x77,  0x59,  0xb4,  0x9b,  0x6b,
  0xd2,  0x49,  0x27,  0x77,  0x9f,  0xbb,  0x59,  0x1d,  0x72,  0xf1,  0x19,  0x96,  0xf8,  0xda,  0x76,  0x81,
  0xc7,  0x97,  0x5a,  0xd4,  0xe1,  0xdc,  0xb6,  0x34,  0xcc,  0x62,  0xc0,  0x1f,  0x08,  0x6e,  0x3a,  0xfc,
  0x3f,  0x97,  0xf3,  0xab,  0x5a,  0xc6,  0x90,  0x89,  0x98,  0xb6,  0x4f,  0x79,  0x63,  0x4b,  0xc6,  0x65,
  0x42,  0x49,  0x4e,  0xa7,  0xa4,  0x7f,  0x66,  0x83,  0x90,  0x3b,  0xbd,  0x0e,  0xca,  0x2b,  0x06,  0x0b,
  0x75,  0x89,  0x8f,  0x58,  0xa6,  0x73,  0x54,  0x5e,  0xd3,  0xb4,  0xe0,  0x18,  0xc8,  0x5d,  0xa4,  0x00,
  0x7f,  0x87,  0xf5,  0xa5,  0xf3,  0x6c,  0x9b,  0x7d,  0x9e,  0x57,  0xdd,  0x07,  0xbc,  0x61,  0xb4,  0x0f,
  0x3d,  0xdd,  0x69,  0x62,  0xf0,  0xe6,  0x57,  0xd2,  0x5c,  0xd3,  0x9b,  0x72,  0xdd,  0x6e,  0x76,  0x9b,
  0x40,  0x4a,  0x9e,  0x66,  0x07,  0x1f,  0xce,  0xa5,  0x6a,  0x2a,  0xf9,  0x1a,  0xc6,  0x45,  0xed,  0xa4,
  0x91,  0x69,  0x01,  0xf0,  0x8f,  0xf2,  0x55,  0x3d,  0x34,  0xc6,  0xd8,  0x54,  0x86,  0x55,  0x93,  0xf5,
  0x81,  0x81,  0x48,  0x64,  0x38,  0xb9,  0x9f,  0x92,  0xc0,  0x1b,  0x9b,  0xed,  0xaf,  0xbb,  0xd0,  0x78,
  0x78,  0x9a,  0x8c,  0x2e,  0x93,  0x62,  0xc3,  0x10,  0x98,  0x84,  0x5b,  0xd4,  0xf1,  0x1e,  0x09,  0xdc,
  0x2e,  0x93,  0xeb,  0xc8,  0xa3,  0x6b,  0x96,  0xcd,  0xbb,  0x9a,  0x49,  0x49,  0x04,  0xdb,  0xbc,  0x37,
  0x13,  0xd6,  0x18,  0xf3,  0x42,  0xc7,  0xc8,  0xf6,  0x7d,  0x43,  0x48,  0xe8,  0x41,  0x17,  0x37,  0x1d,
  0xa4,  0xcf,  0x80,  0x9f,  0x2f,  0xb2,  0x8d,  0xda,  0xb7,  0x36,  0xce,  0x9a,  0x00,  0xda,  0x57,  0xbe,
  0xf0,  0xf9,  0xf3,  0x1e,  0xb5,  0xaf,  0xfa,  0x91,  0x5c,  0xfb,  0x83,  0x22,  0x9e,  0x09,  0x1f,  0xec,
  0x8d,  0xf2,  0xc7,  0x69,  0xee,  0x99,  0x97,  0x98,  0x9f,  0x7f,  0xf4,  0x1f,  0x75,  0x40,  0xd3,  0xee,
  0x6d,  0xd0,  0x2c,  0xab,  0x30,  0xf1,  0x5f,  0x42,  0x06,  0xe8,  0xf4,  0xf2,  0xf9,  0x55,  0xab,  0x62,
  0x7b,  0x1d,  0xcd,  0xc2,  0xab,  0xec,  0xce,  0x60,  0xf9,  0xf2,  0xfd,  0x2a,  0x35,  0x84,  0xdd,  0xa1,
  0xe9,  0x8a,  0xa5,  0x4e,  0xeb,  0xc9,  0xb6,  0x7c,  0xba,  0x48,  0xa4,  0x87,  0xab,  0xfe,  0xc1,  0x89,
  0x1f,  0x1c,  0x2d,  0xbc,  0x8b,  0x10,  0xbc,  0x12,  0x24,  0x1f,  0x3f,  0x14,  0x55,  0x3b,  0x84,  0x15,
  0xc5,  0xdb,  0x05,  0x46,  0x58,  0x24,  0xfc,  0x76,  0xd0,  0xb1,  0xf0,  0xbb,  0xbd,  0x57,  0x1d,  0x08,
  0x95,  0x17,  0x44,  0xf9,  0x74,  0xb8,  0x29,  0xbb,  0x36,  0x4a,  0x63,  0x48,  0x50,  0x05,  0xbd,  0x43,
  0x68,  0xf5,  0xf7,  0x4f,  0xe9,  0x5d,  0x53,  0x92,  0x6e,  0xa6,  0x6c,  0xa7,  0x90,  0xc4,  0x6a,  0x3a,
  0xc8,  0x86,  0x67,  0xf6,  0x34,  0xf1,  0x13,  0x24,  0x18,  0x07,  0xcf,  0xad,  0x4a,  0xd0,  0xd9,  0xec,
  0xda,  0xc8,  0x92,  0x27,  0xb8,  0x00,  0x1f,  0x84,  0x11,  0x55,  0x5d,  0x77,  0xe5,  0xea,  0xc4,  0xb7,
  0x87,  0xd9,  0x80,  0x33,  0xc0,  0xe0,  0x40,  0xfc,  0x6a,  0x2e,  0x91,  0x79,  0xb6,  0xdf,  0x0f,  0x0b,
  0x36,  0xb6,  0x8e,  0x7a,  0xc5,  0x73,  0xc1,  0x6e,  0x35,  0xc8,  0x6f,  0x48,  0x8e,  0x1a,  0xcd,  0xdc,
  0x21,  0x25,  0x58,  0x25,  0xb2,  0x41,  0xf5,  0xfa,  0x43,  0x56,  0x9a,  0xdf,  0x79,  0xa9,  0x9e,  0xec,
  0x99,  0x4b,  0x60,  0x88,  0x99,  0x3f,  0x4a,  0xd5,  0x2c,  0xb0,  0x17,  0x74,  0x88,  0x30,  0x5e,  0xc5,
  0x89,  0x93,  0xf1,  0xb8,  0x2a,  0xa5,  0xaf,  0xfe,  0xe1,  0x6c,  0x82,  0xac,  0xa6,  0xda,  0xf2,  0x4c,
  0x71,  0xb8,  0x98,  0xab,  0x5a,  0x7b,  0x82,  0x19,  0x88,  0x5a,  0x75,  0xb5,  0x63,  0x71,  0x98,  0x4c,
  0xcb,  0x4f,  0x1f,  0x3a,  0x67,  0xb4,  0x60,  0xd9,  0xcc,  0xd4,  0x65,  0x02,  0xb1,  0xbf,  0x6f,  0x74,
  0x7c,  0x08,  0xa4,  0xaf,  0x30,  0xb7,  0xa7,  0x5f,  0x63,  0xd1,  0x2f,  0x23,  0x49,  0x1c,  0xc0,  0x07,
  0xf4,  0xa7,  0xbb,  0x4a,  0x56,  0xe5,  0xfc,  0xdb,  0x88,  0x0b,  0x23,  0x5c,  0xb6,  0xc1,  0x89,  0xe7,
  0x96,  0x1f,  0x7d,  0x6f,  0x5a,  0xf3,  0xd8,  0x40,  0xf7,  0x57,  0xbe,  0xcf,  0xc4,  0xe0,  0x1d,  0xd6,
  0xde,  0x4f,  0xfe,  0xd3,  0xd1,  0xb0,  0xdc,  0x59,  0xb9,  0x65,  0xb9,  0x95,  0x0e,  0xaa,  0x1c,  0x74,
  0x10,  0xf4,  0x1b,  0xc2,  0xd7,  0xb4,  0x69,  0xed,  0x68,  0x4e,  0xeb,  0x6e,  0x0f,  0x11,  0x27,  0xbb,
  0x69,  0x15,  0xd8,  0x45,  0xb1,  0x97,  0x6d,  0x1d,  0x18,  0x92,  0xb7,  0x9b,  0xbb,  0xf4,  0xf0,  0xb5,
  0x45,  0xde,  0xa9,  0xa7,  0xf4,  0x68,  0xf0,  0xb1,  0x34,  0x45,  0xf6,  0x9c,  0x87,  0x6e,  0x81,  0xad,
  0x6e,  0xe3,  0xc8,  0x15,  0x27,  0xf9,  0x57,  0xb7,  0xb1,  0x5a,  0xd1,  0xd2,  0x25,  0x77,  0x39,  0xc8,
  0xde,  0x5a,  0x78,  0xe7,  0x69,  0xe2,  0x99,  0xc9,  0xb1,  0xb7,  0x1f,  0x23,  0x68,  0x5d,  0xee,  0xf6,
  0xd4,  0x11,  0xf6,  0xc7,  0x1f,  0x2a,  0x6f,  0x22,  0xc2,  0x31,  0xc6,  0x32,  0x49,  0xb7,  0x70,  0x16,
  0x8f,  0x28,  0x2a,  0x28,  0xed,  0xd2,  0x9e,  0x64,  0x65,  0x72,  0x07,  0x64,  0x47,  0x67,  0xb3,  0x81,
  0x1b,  0x59,  0xc2,  0x85,  0x6e,  0x20,  0xf8,  0xc7,  0xe9,  0x5e,  0xe9,  0x68,  0x53,  0x16,  0xec,  0x3f,
  0x74,  0xc9,  0x93,  0x12,  0x79,  0x11,  0x0f,  0xe5,  0x5e,  0xe9,  0xce,  0xaf,  0xd9,  0x8d,  0x4c,  0x36,
  0xd3,  0x70,  0xed,  0xe3,  0x77,  0x22,  0x1c,  0xfe,  0x95,  0xd6,  0x9c,  0xcf,  0x19,  0x46,  0xda,  0x82,
  0x7d,  0xa6,  0x00,  0x20,  0x72,  0x4a,  0x9e,  0x2a,  0x4e,  0xb4,  0x92,  0xd7,  0xf8,  0x0f,  0x4b,  0x13,
  0xec,  0xcd,  0xd2,  0x75,  0x00,  0x18,  0x82,  0x4d,  0x90,  0x38,  0xe9,  0xe5,  0x48,  0xdb,  0xdc,  0x97,
  0xd8,  0x48,  0x6e,  0xf6,  0xfd,  0xae,  0x47,  0x1e,  0x4d,  0xc7,  0x5e,  0x3c,  0xe9,  0xbd,  0x1d,  0xfb,
  0x8c,  0xdb,  0x6c,  0x60,  0x6d,  0xb0,  0x06,  0xe3,  0xe5,  0xc0,  0xfe,  0xb4,  0xb6,  0x09,  0x37,  0x32,
  0x2d,  0xb9,  0x32,  0x0d,  0xe4,  0x22,  0x47,  0x58,  0x56,  0xe6,  0xba,  0x3d,  0x52,  0x7a,  0x23,  0x2e,
  0x12,  0x96,  0x5c,  0xfb,  0x1d,  0xc4,  0x69,  0x0c,  0x8d,  0x6d,  0x40,  0x6f,  0x4f,  0xec,  0x0a,  0x97,
  0x6e,  0xc9,  0xb3,  0x95,  0x97,  0xb1,  0x76,  0x2a,  0x5c,  0x00,  0x06,  0x12,  0x7a,  0x8f,  0xd2,  0xab,
  0x66,  0xc5,  0xcc,  0x7c,  0xd0,  0x1c,  0x97,  0x4b,  0x96,  0xe1,  0x62,  0x7c,  0x89,  0xeb,  0xf2,  0xa9,
  0x9d,  0xe3,  0x3e,  0x56,  0x6b,  0x30,  0x2e,  0x37,  0xa4,  0x98,  0x8f,  0x31,  0x4b,  0x67,  0x83,  0xf3,
  0xd8,  0x3e,  0x91,  0x9b,  0x48,  0x5f,  0x22,  0xeb,  0x15,  0x82,  0x1a,  0xda,  0xc4,  0xf1,  0xfe,  0x1d,
  0xb1,  0x53,  0xd8,  0x81,  0x7a,  0xcb,  0x9f,  0x27,  0x1e,  0x7f,  0x03,  0x54,  0x74,  0xfb,  0xad,  0x95,
  0x7b,  0x21,  0x88,  0x2a,  0x17,  0x20,  0x08,  0x51,  0xd0,  0x05,  0x0a,  0x27,  0xe4,  0x2a,  0x75,  0xd6,
  0xe2,  0xd0,  0xe6,  0x43,  0x02,  0x05,  0x34,  0x71,  0xa0,  0xa0,  0x3b,  0x42,  0x63,  0x57,  0x63,  0xce,
  0xde,  0xf5,  0xe0,  0x9f,  0xf5,  0x9a,  0xd0,  0xe5,  0x5a,  0xef,  0xb4,  0x4b,  0x6c,  0x3a,  0x00,  0x4f,
  0x07,  0x91,  0xf4,  0x42,  0xb3,  0x9d,  0xa4,  0x62,  0x73,  0x16,  0xe4,  0x46,  0xeb,  0x8f,  0xc7,  0x90,
  0xf1,  0x9a,  0xd0,  0x62,  0xe4,  0x77,  0xba,  0x5a,  0xaf,  0x93,  0x2c,  0x41,  0xe9,  0xfe,  0x1d,  0x69,
  0xd7,  0x62,  0x0c,  0x06,  0x76,  0xce,  0x97,  0x6f,  0x53,  0x1a,  0xa5,  0xc6,  0x46,  0x66,  0xc7,  0xc4,
  0xdd,  0x6c,  0x01,  0x30,  0xd3,  0x23,  0xf0,  0x52,  0x3e,  0x75,  0x57,  0x00,  0xb7,  0xb1,  0xe9,  0xc4,
  0xf0,  0x36,  0x75,  0x07,  0xed,  0xae,  0xfb,  0x21,  0x8c,  0xd9,  0x36,  0x35,  0x4d,  0x9b,  0x43,  0x5d,
  0x09,  0x68,  0x17,  0xe8,  0x38,  0x6f,  0x3f,  0xf9,  0xa8,  0x7a,  0x41,  0x53,  0x87,  0xa7,  0x82,  0x03,
  0x4a,  0xc1,  0x03,  0xaf,  0x34,  0xd3,  0x93,  0x6d,  0xc7,  0xda,  0x9f,  0x06,  0x0c,  0x6d,  0xb2,  0x69,
  0xd8,  0x0c,  0xac,  0x18,  0x1b,  0xc0,  0x91,  0xc4,  0x8f,  0x76,  0xa6,  0xea,  0x77,  0x23,  0xb3,  0xc8,
  0x81,  0xf7,  0x02,  0xec,  0x47,  0xc6,  0x5a,  0xaa,  0x8d,  0xb6,  0x70,  0x74,  0xdb,  0x97,  0x0c,  0xee,
  0xbf,  0xb4,  0x0f,  0x38,  0x00,  0x13,  0x51,  0xb5,  0x67,  0x66,  0xd2,  0xee,  0x18,  0x01,  0x45,  0xd8,
  0x88,  0x8e,  0x37,  0x50,  0xb3,  0xbe,  0x4b,  0x99,  0x5f,  0x49,  0xa5,  0xd0,  0xd0,  0x38,  0xb0,  0x24,
  0x2b,  0x11,  0xe6,  0x93,  0x30,  0x80,  0xd4,  0xcb,  0xd6,  0x7b,  0xcb,  0xd9,  0x4f,  0xc9,  0x43,  0x61,
  0x4c,  0x19,  0xe0,  0x85,  0x1f,  0xcf,  0x9a,  0xaf,  0xd9,  0x86,  0x4b,  0xb6,  0x94,  0xbb,  0x6d,  0xf0,
  0xed,  0x1c,  0xc7,  0xd4,  0xe9,  0xf3,  0x34,  0x8d,  0xab,  0x57,  0x0d,  0xcb,  0x90,  0xa4,  0x83,  0x6e,
  0x54,  0xf0,  0x38,  0x92,  0x39,  0x1f,  0x2a,  0x82,  0x74,  0x94,  0x85,  0x86,  0x20,  0xb6,  0xf7,  0x79,
  0xda,  0x3b,  0x2a,  0xef,  0x93,  0x77,  0x6a,  0xf4,  0x26,  0x51,  0xab,  0xae,  0xd9,  0xa9,  0x09,  0x63,
  0x7a,  0xc3,  0x5b,  0xbe,  0xe9,  0x33,  0x26,  0x08,  0x32,  0x0f,  0xcc,  0x57,  0x78,  0xea,  0xb6,  0xf3,
  0x34,  0x27,  0x6e,  0x85,  0xee,  0x70,  0x39,  0xe7,  0x63,  0x8f,  0xca,  0xbd,  0xed,  0xb9,  0x9c,  0x4b,
  0x2a,  0x64,  0x91,  0x98,  0xca,  0x49,  0x3e,  0xf4,  0xa9,  0x33,  0x4d,  0x17,  0xf7,  0x63,  0xd7,  0xe5,
  0x8b,  0x5c,  0x82,  0xf7,  0xee,  0x7b,  0x29,  0x69,  0x5d,  0x44,  0x7b,  0x3b,  0xaa,  0x83,  0xeb,  0xb8,
  0xc9,  0x1f,  0xd6,  0x94,  0xc6,  0x73,  0x6b,  0x41,  0xc2,  0xef,  0x37,  0x31,  0x17,  0x10,  0x85,  0x07,
  0x88,  0xe3,  0xca,  0xbd,  0xcf,  0xbe,  0xd8,  0xfd,  0x99,  0xd3,  0x83,  0x10,  0x37,  0x25,  0xc8,  0x81,
  0xfc,  0x66,  0xb8,  0xb6,  0x0a,  0xe8,  0x78,  0xc0,  0x8d,  0xc0,  0xdc,  0x56,  0x1c,  0x1f,  0xc3,  0x8a,
  0x29,  0x5d,  0x5d,  0x4a,  0x47,  0x03,  0x9c,  0x92,  0xb6,  0x32,  0x5a,  0xea,  0xce,  0xd4,  0x0e,  0xdd,
  0x3a,  0xf3,  0x4b,  0xe8,  0xb7,  0x1f,  0x27,  0x43,  0x47,  0x76,  0x87,  0x1a,  0x97,  0xd2,  0x38,  0x1c,
  0x89,  0x53,  0xfa,  0x1a,  0x73,  0x59,  0x43,  0x69,  0x32,  0x00,  0x04,  0x18,  0x0a,  0x78,  0x88,  0x97,
  0xe6,  0x3e,  0x15,  0x13,  0x4a,  0xcf,  0x6b,  0x2c,  0xfa,  0x7a,  0xa4,  0xf7,  0xb9,  0xab,  0x73,  0x7c,
  0xf4,  0x89,  0x11,  0xff,  0x00,  0xca,  0xab,  0x15,  0xb5,  0x0a,  0xa2,  0x46,  0x9b,  0x24,  0xba,  0x63,
  0x6a,  0xa5,  0x7e,  0x92,  0xdf,  0xb2,  0xae,  0xe6,  0x03,  0x9e,  0xa6,  0x2a,  0x0e,  0x9a,  0xca,  0x92,
  0x01,  0x0e,  0x46,  0x39,  0x82,  0x4f,  0x33,  0x07,  0x9a,  0xbf,  0xa9,  0xfd,  0x1e,  0x3e,  0xa2,  0x4d,
  0xbe,  0xb8,  0xca,  0x27,  0xd3,  0xa9,  0xf2,  0xac,  0xbd,  0xa8,  0x5b,  0xf7,  0x24,  0x00,  0x1b,  0x15,
  0x98,  0x08,  0x9e,  0x9f,  0xf4,  0xa5,  0xb2,  0x55,  0x8b,  0xf3,  0x22,  0xbe,  0x91,  0xec,  0xf5,  0x41,
  0x93,  0xa5,  0x2d,  0xb8,  0x00,  0x26,  0x34,  0x00,  0x23,  0xa5,  0xcb,  0x9c,  0x53,  0x98,  0xac,  0x17,
  0x56,  0xb6,  0xae,  0x42,  0x4e,  0xd1,  0x00,  0xcc,  0xf5,  0x3f,  0x9d,  0x2b,  0x97,  0x27,  0x3f,  0x49,
  0xe1,  0xa5,  0x6d,  0x63,  0xf1,  0xff,  0x00,  0xba,  0xf4,  0xd7,  0x72,  0x5b,  0x52,  0xb4,  0xc5,  0x8a,
  0xdc,  0x56,  0x0d,  0x2d,  0x1f,  0x85,  0x19,  0x61,  0x46,  0x08,  0x66,  0x4e,  0xc9,  0xb6,  0x7f,  0x67,
  0xe5,  0xc8,  0x3c,  0xb7,  0x31,  0xd3,  0xdc,  0x35,  0x43,  0xb4,  0xb7,  0x03,  0x5b,  0xb8,  0xdb,  0x05,
  0xbd,  0xe2,  0xc1,  0x80,  0xd3,  0x1e,  0xe9,  0xfc,  0xe9,  0x4b,  0xca,  0x7d,  0x9b,  0x21,  0x7a,  0xf3,
  0x3b,  0x4f,  0xfc,  0x36,  0xa6,  0xf5,  0xe7,  0x7b,  0xba,  0x3e,  0x25,  0xf6,  0x75,  0xb9,  0xdf,  0x5b,
  0xc7,  0x2f,  0xb6,  0x39,  0x6d,  0xb6,  0xe7,  0xa7,  0x9c,  0xf5,  0xa3,  0xeb,  0x8f,  0x9e,  0xc2,  0x0d,
  0x38,  0x37,  0x5b,  0x48,  0x96,  0x68,  0x6b,  0x4e,  0x3a,  0x74,  0xfa,  0x26,  0x9f,  0x9d,  0x73,  0x9e,
  0xeb,  0x6b,  0x52,  0xc7,  0x23,  0x72,  0xee,  0x43,  0xcb,  0xf5,  0x1c,  0x1e,  0x62,  0xba,  0xef,  0x0d,
  0xd1,  0xa2,  0xed,  0x24,  0x38,  0xde,  0xa6,  0x44,  0x98,  0xd8,  0xd3,  0xf2,  0x8a,  0x57,  0x5b,  0x4e,
  0xf4,  0x96,  0x51,  0x26,  0xd9,  0x2a,  0xa4,  0x88,  0xe9,  0x03,  0xf0,  0xa8,  0xc5,  0x6f,  0x24,  0xf5,
  0xf9,  0x63,  0xc3,  0x02,  0x8e,  0x7b,  0xdb,  0x4b,  0x24,  0xac,  0x15,  0x19,  0x89,  0xd6,  0x60,  0xfb,
  0xe6,  0x23,  0xe5,  0x46,  0xb4,  0x00,  0xd1,  0x6c,  0x5f,  0xee,  0xb9,  0x76,  0x24,  0x91,  0xd4,  0x78,
  0xd4,  0x8e,  0x3a,  0xfc,  0x3e,  0x54,  0x90,  0xb6,  0xd9,  0x1a,  0x7e,  0x2c,  0x96,  0x2c,  0xf9,  0x60,
  0x00,  0x78,  0x1e,  0xe3,  0x7e,  0xb5,  0x43,  0x26,  0x5f,  0x46,  0x7d,  0xc1,  0x6d,  0xa5,  0xa8,  0x0b,
  0x1c,  0x93,  0xe3,  0x5a,  0x93,  0xba,  0x8b,  0x51,  0x58,  0x8e,  0x94,  0x48,  0xd0,  0xf5,  0x32,  0x49,
  0x22,  0x0f,  0x80,  0x7a,  0x6e,  0x27,  0xf2,  0x35,  0xee,  0x09,  0xd9,  0x8a,  0xea,  0xcc,  0x49,  0x39,
  0x8b,  0x26,  0x36,  0x92,  0x62,  0x39,  0xf9,  0x4d,  0x73,  0xa3,  0x18,  0xd0,  0x75,  0x50,  0x24,  0xfc,
  0x38,  0xe9,  0xe3,  0xf5,  0xf9,  0x52,  0x78,  0x77,  0x45,  0xdd,  0x42,  0xce,  0x38,  0x2d,  0xb5,  0xef,
  0x2b,  0x44,  0x41,  0x63,  0xbc,  0x89,  0xfb,  0xaa,  0x8d,  0x55,  0xcb,  0x9f,  0xf0,  0x31,  0xe1,  0x61,
  0x6e,  0xda,  0xf6,  0x6f,  0x12,  0x89,  0x6e,  0xea,  0x01,  0x3f,  0x21,  0xc7,  0xdf,  0x4a,  0xe1,  0x3e,
  0xc7,  0xb2,  0xe7,  0xc8,  0x4f,  0x1d,  0x38,  0x91,  0xf9,  0xd3,  0x7a,  0x89,  0x6d,  0xcc,  0xc2,  0x55,
  0x37,  0x95,  0x11,  0xe4,  0x43,  0x2f,  0x49,  0xa4,  0xd9,  0x85,  0x84,  0xb3,  0xd4,  0x82,  0x84,  0xcf,
  0xcc,  0x9a,  0xa4,  0x6f,  0x89,  0x97,  0x09,  0x66,  0xdb,  0x0b,  0xba,  0x56,  0xa0,  0xc0,  0x0d,  0xc6,
  0xf5,  0x8f,  0x49,  0x8d,  0xad,  0xfa,  0x54,  0x57,  0xbe,  0x2d,  0x26,  0xa1,  0x74,  0xab,  0x81,  0x6c,
  0xa3,  0x95,  0xf9,  0xcc,  0x73,  0x55,  0x74,  0xf7,  0xdf,  0xa2,  0x5d,  0x61,  0x0d,  0xbb,  0x26,  0xc0,
  0xe7,  0xa0,  0xf0,  0xbf,  0x5a,  0x85,  0x96,  0xa1,  0x6c,  0xeb,  0x83,  0x93,  0xc7,  0x52,  0x3a,  0x10,
  0xdd,  0x28,  0x59,  0xad,  0xe6,  0x9f,  0xba,  0xec,  0x6c,  0x8b,  0x1a,  0x23,  0xa8,  0x6d,  0x43,  0xa6,
  0xd5,  0xbe,  0xec,  0x04,  0x74,  0x83,  0x1c,  0x7d,  0xd5,  0x26,  0xe3,  0xee,  0x16,  0xc9,  0xe4,  0xef,
  0xa7,  0xf4,  0x0b,  0xcb,  0x93,  0x81,  0x93,  0x75,  0x0e,  0xd5,  0xb9,  0x79,  0xee,  0x00,  0x4f,  0x50,
  0x4c,  0xf3,  0x48,  0x44,  0xe3,  0xa1,  0x03,  0x90,  0xfc,  0x4f,  0xca,  0x9e,  0x2a,  0x93,  0x62,  0x21,
  0x4e,  0xd0,  0x34,  0xd8,  0xb0,  0xf3,  0x32,  0xec,  0x7e,  0xf7,  0x35,  0x5b,  0x4e,  0xc9,  0x9c,  0x1c,
  0x65,  0x3c,  0xcc,  0xff,  0x00,  0xfc,  0x18,  0xa9,  0x3d,  0xa4,  0x05,  0x74,  0xcc,  0x53,  0xc0,  0xf1,
  0x1e,  0x9f,  0xea,  0x35,  0x4f,  0x44,  0x51,  0x73,  0x07,  0x14,  0x9d,  0xd3,  0x0e,  0xdd,  0x7d,  0x14,
  0xd5,  0x26,  0x97,  0xd2,  0x4f,  0x56,  0x60,  0xfd,  0x8f,  0xb6,  0xc3,  0x4f,  0xcb,  0xb8,  0x4c,  0x2b,
  0x31,  0xe0,  0xf9,  0x95,  0x51,  0xff,  0x00,  0xfa,  0xa0,  0x68,  0x04,  0x1c,  0x4c,  0x2d,  0xdd,  0x36,
  0x9e,  0x62,  0x9b,  0xec,  0x60,  0x5b,  0x9a,  0x63,  0x5a,  0x71,  0x33,  0x90,  0xc2,  0x79,  0xf3,  0x44,
  0x14,  0x8e,  0x84,  0x47,  0xec,  0xab,  0x04,  0xa9,  0x04,  0x5b,  0x24,  0x38,  0xa9,  0x4a,  0xf7,  0x3e,
  0x6b,  0xb8,  0x4a,  0x57,  0x91,  0xdb,  0x45,  0xd3,  0x51,  0x5b,  0x73,  0xf7,  0xbb,  0x80,  0x6f,  0x95,
  0x48,  0xd4,  0xed,  0xba,  0xe0,  0xe6,  0xa3,  0xff,  0x00,  0xe1,  0xbc,  0x44,  0xf0,  0x3c,  0xea,  0xee,
  0x9e,  0x37,  0xdb,  0xd1,  0xd9,  0x94,  0x04,  0x0e,  0xbc,  0x92,  0x79,  0x9f,  0x41,  0xf2,  0xa9,  0xdd,
  0xa2,  0x3f,  0xbb,  0xea,  0x47,  0x69,  0x80,  0xea,  0x24,  0xfd,  0x94,  0xb6,  0x72,  0xa4,  0xf6,  0x75,
  0xee,  0x53,  0xd2,  0x58,  0xec,  0x95,  0xa1,  0x73,  0x4f,  0xb6,  0x49,  0xe9,  0xe3,  0x00,  0x1f,  0x30,
  0xbc,  0x7f,  0xd2,  0x97,  0xcb,  0x46,  0x5b,  0x96,  0xc7,  0x1f,  0xe0,  0x99,  0xd9,  0xe7,  0xe3,  0x8e,
  0x27,  0xed,  0xae,  0xbb,  0x1f,  0x7c,  0x5a,  0xc4,  0xb6,  0x5d,  0x18,  0x8d,  0xbe,  0x12,  0xbe,  0xb1,
  0xf7,  0xd1,  0xb5,  0x11,  0xb7,  0x36,  0xd9,  0x86,  0xd9,  0xdc,  0xb9,  0x50,  0xd1,  0xd7,  0xbc,  0x8e,
  0x3e,  0x15,  0x07,  0x55,  0x6a,  0xc4,  0x87,  0x10,  0x89,  0xb6,  0xd6,  0xaf,  0xe8,  0x30,  0x24,  0x9b,
  0xa0,  0x81,  0x3c,  0xfd,  0x6e,  0xbe,  0x94,  0x2e,  0xd7,  0x02,  0x2c,  0xd9,  0xde,  0xcc,  0x5d,  0xb3,
  0x49,  0x20,  0xb4,  0xf9,  0x35,  0x13,  0x22,  0xe5,  0xc4,  0x1a,  0x23,  0x9e,  0x61,  0xd4,  0xaf,  0x97,
  0x9b,  0xf9,  0xd7,  0xbd,  0xaf,  0xd8,  0xd8,  0x6a,  0xc8,  0xdb,  0x88,  0xcd,  0x6e,  0x66,  0x67,  0x83,
  0x56,  0x8f,  0xe4,  0x8f,  0x5f,  0x96,  0x0c,  0xd8,  0x9e,  0xaf,  0x65,  0x97,  0xb3,  0xf8,  0x33,  0x05,
  0x4f,  0x79,  0xe2,  0xdc,  0x78,  0xe6,  0x9b,  0xb9,  0x6d,  0x8e,  0x8d,  0x86,  0x54,  0x8d,  0x89,  0x0c,
  0x47,  0xce,  0x28,  0x1a,  0xbb,  0x07,  0xd0,  0x31,  0x50,  0x32,  0x96,  0xf1,  0xf1,  0x10,  0x7a,  0xd5,
  0x1b,  0xb6,  0xd1,  0xf4,  0x1c,  0x75,  0x2e,  0x54,  0xaa,  0x89,  0x8e,  0x80,  0xf3,  0xd3,  0xee,  0xac,
  0xdd,  0x22,  0xb9,  0xb2,  0x91,  0xc0,  0x57,  0xb4,  0x6e,  0x11,  0xee,  0xac,  0xb2,  0xb3,  0xdd,  0xb6,
  0xa4,  0x13,  0xc7,  0x49,  0xe9,  0xe9,  0xc5,  0x40,  0xc3,  0xc4,  0x29,  0xaa,  0x96,  0xf2,  0x5b,  0xec,
  0x6a,  0x8f,  0x6a,  0x2e,  0x9b,  0x7a,  0x9b,  0x29,  0x72,  0xca,  0xb7,  0x13,  0x99,  0xfe,  0x0a,  0xe5,
  0x52,  0x2f,  0x5f,  0x75,  0x10,  0x45,  0xc6,  0x27,  0x98,  0xf3,  0x35,  0x5b,  0x3a,  0xc6,  0xcd,  0x6a,
  0x89,  0x22,  0xbe,  0xae,  0x21,  0x72,  0xda,  0x58,  0x4d,  0x9b,  0x6b,  0xc3,  0x75,  0x90,  0x6a,  0x11,
  0xb4,  0xa7,  0x0b,  0xbd,  0xdc,  0xc5,  0x93,  0x15,  0x87,  0x3d,  0x64,  0xcf,  0xeb,  0x57,  0xb5,  0xb8,
  0xf6,  0x6b,  0xe4,  0x6c,  0x51,  0xec,  0xf6,  0xcc,  0x01,  0xcf,  0x43,  0xfa,  0x0a,  0x95,  0x9b,  0x67,
  0xb8,  0xd2,  0xee,  0xb1,  0x1b,  0x89,  0xc6,  0x03,  0xa7,  0x42,  0x4f,  0xe9,  0x53,  0xb2,  0x77,  0x22,
  0xaf,  0x84,  0xe3,  0x55,  0xba,  0xd6,  0x2f,  0x59,  0xb9,  0x6e,  0x01,  0xb7,  0x6a,  0xcb,  0x80,  0x47,
  0x98,  0xb8,  0xe7,  0x9a,  0xb1,  0x6e,  0xc9,  0xbd,  0x9c,  0x76,  0xc1,  0xee,  0xca,  0x98,  0x32,  0x7d,
  0x49,  0x8e,  0x3e,  0x15,  0x1b,  0x54,  0x51,  0x76,  0xe5,  0xd3,  0x07,  0xfc,  0x3b,  0x40,  0x4f,  0xa1,
  0x66,  0xad,  0x1d,  0xdb,  0xab,  0x6b,  0x53,  0xbc,  0xc0,  0x77,  0x87,  0x6f,  0x41,  0xd0,  0x88,  0x3e,
  0x7e,  0xb4,  0x26,  0xe9,  0x15,  0x4f,  0x30,  0x04,  0x0c,  0xc9,  0x26,  0x4a,  0xcc,  0xc9,  0x72,  0x40,
  0xff,  0x00,  0x86,  0x6b,  0xe7,  0xc8,  0x5b,  0xbd,  0x99,  0xc5,  0x24,  0x00,  0xe5,  0xc5,  0xb0,  0x24,
  0xf5,  0x57,  0x5f,  0xc8,  0x57,  0xb6,  0x40,  0x6c,  0xd0,  0x08,  0x9f,  0x7b,  0xff,  0x00,  0xe6,  0xa6,
  0x2e,  0x62,  0x2e,  0x11,  0xc3,  0x26,  0x5d,  0x72,  0xf7,  0x40,  0xf4,  0x20,  0x73,  0xff,  0x00,  0xc4,
  0xfd,  0xe2,  0xba,  0x54,  0x76,  0xa9,  0xa5,  0x3b,  0x93,  0xcc,  0xd2,  0xa3,  0x2d,  0xbb,  0x7a,  0x39,
  0x66,  0xe0,  0x5c,  0x79,  0x86,  0x3f,  0xe4,  0x6f,  0xba,  0xbe,  0xba,  0xb6,  0xdb,  0x23,  0x28,  0x10,
  0x40,  0x57,  0x65,  0xda,  0x4c,  0xc7,  0x23,  0xa5,  0x0d,  0x91,  0x19,  0xf4,  0xc5,  0x77,  0xde,  0xbd,
  0xf1,  0x58,  0xf4,  0x94,  0x31,  0xfc,  0xe8,  0x7a,  0x95,  0xde,  0xe7,  0x31,  0xd4,  0xcf,  0x37,  0xe3,
  0x6f,  0x46,  0xfb,  0xeb,  0x9d,  0x2a,  0xbb,  0xbc,  0xbc,  0xa4,  0x33,  0x2b,  0x65,  0xba,  0x2d,  0xac,
  0x52,  0x87,  0x66,  0xdc,  0xd9,  0x07,  0xd3,  0xa8,  0xe9,  0x5c,  0xbd,  0xf3,  0x73,  0x4f,  0xc8,  0x1c,
  0xaa,  0x89,  0x82,  0x07,  0x13,  0xbe,  0x93,  0xd4,  0x32,  0xc3,  0x62,  0x6f,  0x4e,  0x8b,  0x94,  0x5b,
  0x8f,  0xb5,  0xab,  0xdb,  0x37,  0xfb,  0xdd,  0x19,  0x9b,  0x77,  0xbe,  0x7a,  0x15,  0xf8,  0x92,  0x6a,
  0x5b,  0x37,  0x27,  0xa9,  0x81,  0xe9,  0xca,  0x5b,  0x4b,  0xce,  0x5d,  0xaa,  0x58,  0x84,  0xda,  0xf3,
  0xd2,  0x49,  0xfd,  0x68,  0x78,  0x65,  0x5b,  0x3f,  0x4f,  0x79,  0x2c,  0xc6,  0xf6,  0xdf,  0xf2,  0xcf,
  0x24,  0xd7,  0x38,  0x4c,  0xf8,  0xfa,  0x5e,  0x79,  0x82,  0x0f,  0x77,  0x6c,  0xc9,  0x5e,  0x07,  0x22,
  0xbd,  0xb4,  0x16,  0xd5,  0xbc,  0x7b,  0xf0,  0x37,  0x5b,  0x75,  0x6d,  0xde,  0x64,  0x72,  0x4c,  0x55,
  0x9a,  0xe2,  0xf3,  0x23,  0x43,  0x01,  0xad,  0x58,  0xf7,  0x78,  0x65,  0x95,  0x17,  0x71,  0xba,  0xe0,
  0x00,  0x67,  0x9d,  0xe2,  0x29,  0x0d,  0x5c,  0x77,  0x38,  0xb8,  0x4d,  0x3b,  0x99,  0xec,  0x21,  0x63,
  0x1d,  0x24,  0x13,  0x1f,  0x8d,  0x35,  0xac,  0x5d,  0xee,  0xf4,  0xeb,  0x7c,  0x82,  0xc6,  0xf3,  0x74,
  0x1c,  0x8e,  0x41,  0xa5,  0xfb,  0x56,  0x0d,  0xad,  0x37,  0x4e,  0x24,  0xc4,  0xe3,  0xda,  0xfb,  0x4f,
  0x80,  0x73,  0xf8,  0xd6,  0xb3,  0xc6,  0x2b,  0x56,  0x2e,  0x45,  0x1d,  0x06,  0x2e,  0xe8,  0x37,  0x91,
  0xd0,  0x94,  0xef,  0xec,  0xf8,  0x81,  0xe8,  0x61,  0xb8,  0xa8,  0x59,  0xfc,  0xda,  0xd6,  0x36,  0xf8,
  0x54,  0x93,  0x0a,  0x44,  0x71,  0xbb,  0xd2,  0xa9,  0x69,  0x1d,  0xdf,  0xfb,  0x25,  0x97,  0x74,  0x42,
  0xde,  0x4b,  0xd6,  0x36,  0x9f,  0x38,  0x93,  0xf8,  0x54,  0x66,  0x6d,  0xd8,  0x39,  0xcc,  0xcd,  0xb8,
  0xb1,  0x02,  0x63,  0xce,  0x9e,  0x11,  0xdf,  0x93,  0xd7,  0xf8,  0x6f,  0x49,  0x47,  0xb3,  0x8a,  0xd6,
  0xb4,  0x35,  0x9b,  0x63,  0xbb,  0x60,  0xf2,  0xc4,  0x75,  0x82,  0x38,  0xfe,  0xfd,  0x68,  0x78,  0x91,
  0x73,  0x06,  0x7c,  0x85,  0xc3,  0xcc,  0xfc,  0x05,  0x31,  0xa5,  0x37,  0x73,  0xa2,  0xe3,  0xa8,  0x3c,
  0x96,  0xb8,  0x08,  0x93,  0xc7,  0x0b,  0xcc,  0x50,  0x34,  0xad,  0xa7,  0x47,  0xba,  0xc7,  0xc9,  0xd8,
  0x8f,  0x5e,  0x82,  0xb3,  0xc6,  0x4f,  0x51,  0x50,  0x97,  0x6a,  0x14,  0xae,  0x8d,  0x88,  0x79,  0xeb,
  0xd4,  0xd3,  0x9d,  0x9c,  0xdc,  0xfa,  0x6d,  0x92,  0x21,  0xa1,  0x5e,  0x41,  0xfb,  0x29,  0x5e,  0xd6,
  0xb2,  0x1d,  0x27,  0x1d,  0x54,  0x92,  0x15,  0xb6,  0xf5,  0x9f,  0x21,  0x46,  0xec,  0xab,  0x16,  0xd3,
  0x12,  0x14,  0x34,  0x12,  0x3a,  0xf4,  0xe2,  0xa8,  0xff,  0x00,  0x05,  0x75,  0x31,  0x67,  0xb0,  0xab,
  0xbb,  0x0a,  0xe2,  0xcc,  0x03,  0x90,  0x79,  0x8f,  0xe1,  0x5a,  0x47,  0xb3,  0xbe,  0x2d,  0x14,  0x0e,
  0x4f,  0xee,  0xf7,  0x1b,  0xec,  0x81,  0x54,  0xfb,  0x02,  0xcc,  0x96,  0x2e,  0x80,  0xa0,  0xee,  0xcb,
  0x2b,  0x07,  0xfd,  0x2b,  0x52,  0xbb,  0x30,  0x18,  0x69,  0x45,  0xa0,  0x91,  0xec,  0x97,  0x84,  0x47,
  0xc0,  0x57,  0x34,  0xb8,  0xa7,  0xcd,  0x77,  0x09,  0x47,  0x4b,  0xf0,  0x69,  0xfa,  0x55,  0xc7,  0x12,
  0x17,  0x22,  0xdc,  0x28,  0x3c,  0x99,  0x24,  0x52,  0xdd,  0xa7,  0xb9,  0x36,  0x75,  0xb5,  0x2b,  0xc7,
  0x7a,  0xa4,  0x03,  0xd7,  0xab,  0x75,  0xa2,  0x61,  0x1d,  0xba,  0x56,  0x91,  0x02,  0x63,  0x22,  0xd3,
  0x4f,  0xa1,  0xef,  0x0f,  0xeb,  0x41,  0xed,  0x2a,  0xdb,  0xb6,  0xba,  0xf7,  0x76,  0x60,  0x16,  0x48,
  0xe3,  0xc8,  0x93,  0x5a,  0x2b,  0xee,  0xf5,  0xee,  0x8a,  0x2c,  0x3a,  0x0c,  0xf6,  0x5a,  0xe9,  0xfd,
  0x9a,  0x92,  0x01,  0x40,  0xb3,  0x32,  0x38,  0xf8,  0x90,  0x6a,  0x9e,  0xa6,  0xe0,  0x5f,  0x01,  0xed,
  0x90,  0x5a,  0xcd,  0xc9,  0x0d,  0xe6,  0x7b,  0xd9,  0x10,  0x6a,  0x26,  0x81,  0x71,  0x53,  0x45,  0x45,
  0x80,  0x59,  0xa3,  0xf2,  0xfe,  0xfe,  0xea,  0x7f,  0x55,  0x0f,  0xde,  0x61,  0xab,  0x88,  0x1d,  0xc3,
  0x9d,  0xa4,  0xc0,  0x1e,  0x3a,  0x9c,  0xe3,  0xf7,  0x7a,  0x89,  0x1c,  0x45,  0x35,  0x54,  0x63,  0x87,
  0xa2,  0x10,  0xc6,  0xd0,  0x37,  0xac,  0x80,  0x54,  0x4c,  0x03,  0x71,  0xbc,  0xbe,  0xfa,  0x27,  0x6c,
  0x10,  0xad,  0x87,  0x6e,  0x76,  0x8c,  0xce,  0x9f,  0x6c,  0xf3,  0x15,  0xd6,  0x77,  0x76,  0xd8,  0x5a,
  0x39,  0xb7,  0x0c,  0xcb,  0x93,  0x60,  0x1f,  0x17,  0x9f,  0x78,  0xff,  0x00,  0x77,  0x95,  0x03,  0xb5,
  0x4c,  0xe7,  0x4f,  0x4d,  0xd0,  0x54,  0x5d,  0x07,  0x71,  0x1c,  0xcc,  0x9f,  0xca,  0x9e,  0x1c,  0x71,
  0xe6,  0xc1,  0x9b,  0x03,  0xa9,  0x01,  0x73,  0x42,  0xb6,  0x37,  0x16,  0x3b,  0xc8,  0x00,  0x8e,  0x92,
  0x3f,  0x0a,  0xa5,  0x6a,  0x6e,  0x68,  0xf0,  0x3c,  0x22,  0x6d,  0xa7,  0xa4,  0x18,  0x3f,  0x3f,  0x3a,
  0x95,  0x92,  0xdd,  0xee,  0x9c,  0x2d,  0x70,  0x54,  0x30,  0x33,  0x32,  0x7a,  0x1e,  0x9f,  0x3a,  0xb1,
  0x6c,  0x93,  0x8e,  0xe8,  0x01,  0x08,  0x6e,  0x5a,  0x00,  0x81,  0xcf,  0x3c,  0x7e,  0x75,  0xa7,  0x74,
  0x52,  0xd4,  0xa4,  0x70,  0x33,  0x3d,  0xad,  0xb8,  0x46,  0xab,  0x7a,  0x3c,  0x4d,  0xde,  0xa8,  0x81,
  0x3d,  0x76,  0x81,  0x4d,  0x5b,  0x65,  0x36,  0xb2,  0x4c,  0x06,  0x05,  0x81,  0x98,  0xfe,  0x23,  0x34,
  0x0d,  0x49,  0x53,  0x27,  0xb4,  0xeb,  0x6c,  0xc3,  0x2b,  0x5f,  0x53,  0xca,  0xf1,  0xee,  0x8f,  0x21,
  0x5c,  0xe3,  0xdc,  0x37,  0x30,  0xb7,  0x02,  0x0e,  0xe0,  0x0f,  0xff,  0x00,  0x2a,  0xea,  0xa6,  0xe4,
  0x57,  0x22,  0x45,  0xed,  0x74,  0x8f,  0x64,  0xb8,  0x4a,  0x8d,  0xcb,  0x8b,  0x6c,  0x82,  0x07,  0x4f,
  0x78,  0x7e,  0x54,  0xa5,  0xeb,  0x42,  0xee,  0x9f,  0x30,  0xdd,  0xdb,  0xda,  0x55,  0x22,  0x7a,  0xc9,
  0x1e,  0x7f,  0x3a,  0xef,  0x39,  0x03,  0xe2,  0xdd,  0x2c,  0xe4,  0xdd,  0xf6,  0x44,  0x20,  0x2f,  0x42,
  0x39,  0x3c,  0xc7,  0xa5,  0x16,  0xf6,  0xd3,  0xa6,  0x00,  0x00,  0x21,  0x5e,  0xda,  0x88,  0xfb,  0x7f,
  0xa5,  0x72,  0xc7,  0x75,  0x2e,  0x65,  0x32,  0x26,  0x6a,  0x56,  0xcd,  0xbb,  0x2d,  0xcf,  0x85,  0x16,
  0xd0,  0xe4,  0xff,  0x00,  0x1b,  0x56,  0x83,  0x26,  0xf9,  0x6c,  0x92,  0xa5,  0x82,  0x9d,  0xae,  0xdd,
  0x26,  0x3e,  0x8f,  0xca,  0xb3,  0x1a,  0xd5,  0xc2,  0xd8,  0x39,  0xfd,  0x7a,  0xa8,  0x6f,  0x87,  0x24,
  0x80,  0x7e,  0xfa,  0xbd,  0xab,  0x03,  0x6b,  0x29,  0x4a,  0xb4,  0x00,  0x18,  0x40,  0x1e,  0xb6,  0xe9,
  0xa6,  0xaa,  0x95,  0x75,  0xec,  0x68,  0x66,  0x4b,  0xc5,  0x44,  0x7d,  0x59,  0x96,  0x48,  0x5f,  0xa4,
  0xe7,  0xd3,  0x83,  0x59,  0x9b,  0xe9,  0x1a,  0xd6,  0xe3,  0xeb,  0x35,  0xac,  0xc0,  0xb6,  0xd7,  0xf5,
  0x76,  0x20,  0x19,  0x3d,  0xe4,  0x0e,  0x07,  0x31,  0x50,  0x33,  0x2c,  0x81,  0xac,  0xb0,  0xda,  0x40,
  0x06,  0x00,  0x35,  0xd5,  0x65,  0x2a,  0x49,  0xad,  0x09,  0xbc,  0x4d,  0x15,  0xff,  0x00,  0x77,  0x4d,
  0x20,  0x6d,  0x27,  0x28,  0x8d,  0xc4,  0x75,  0x81,  0x4b,  0x6b,  0x85,  0x17,  0x55,  0x00,  0x95,  0xdc,
  0xd7,  0x59,  0xb6,  0xc7,  0x4e,  0x68,  0xf9,  0x6a,  0xe9,  0xec,  0x04,  0x82,  0x40,  0xcb,  0x30,  0x27,
  0xe0,  0x6b,  0xed,  0x55,  0x85,  0xdc,  0xc3,  0x03,  0x69,  0xb6,  0xe4,  0x73,  0xc7,  0x04,  0x9a,  0xe6,
  0x8e,  0x2b,  0xa9,  0x58,  0x60,  0xc0,  0x66,  0x16,  0xf6,  0x0c,  0xee,  0x8c,  0x56,  0xf9,  0x69,  0xf9,
  0x8f,  0xd6,  0x8f,  0x89,  0x73,  0x6e,  0x86,  0x10,  0x41,  0x73,  0x70,  0x48,  0xf4,  0xe5,  0xa8,  0x19,
  0x08,  0xcf,  0x89,  0xa9,  0xc3,  0x16,  0x51,  0x73,  0x9f,  0x3f,  0x35,  0x35,  0xde,  0x0b,  0x96,  0xd2,
  0xac,  0x80,  0xaa,  0x18,  0xdc,  0x10,  0x40,  0x92,  0x7d,  0xef,  0xd2,  0x99,  0xad,  0xde,  0xa0,  0x3e,
  0x32,  0xba,  0x56,  0x58,  0x2a,  0x67,  0xd9,  0xed,  0x91,  0x06,  0x44,  0xca,  0xf5,  0xaf,  0xac,  0x93,
  0x67,  0x4d,  0x62,  0xe2,  0x48,  0xe2,  0x0c,  0xf0,  0x63,  0xad,  0x7d,  0xb1,  0xce,  0x97,  0x92,  0x61,
  0x67,  0xb9,  0x51,  0xea,  0x78,  0xdb,  0xd2,  0xbc,  0xcd,  0xb8,  0x6d,  0x60,  0x5a,  0x2c,  0x67,  0x86,
  0x9f,  0x39,  0xeb,  0x1f,  0x65,  0x65,  0x7d,  0xda,  0x86,  0x02,  0xb9,  0xd9,  0xa6,  0xf5,  0x9b,  0x2a,
  0x21,  0xfc,  0x4c,  0xcd,  0xe8,  0x3a,  0x51,  0x7b,  0x71,  0x96,  0x2e,  0xe9,  0xfa,  0x71,  0x0a,  0x57,
  0x6d,  0x9b,  0x49,  0xc9,  0xeb,  0x16,  0xd2,  0xa6,  0xd8,  0x0d,  0xb2,  0xe8,  0xb7,  0x3b,  0x41,  0x93,
  0xb7,  0x91,  0xd7,  0xa5,  0x50,  0xed,  0xba,  0x1c,  0x8b,  0x7a,  0x65,  0xa0,  0x59,  0x49,  0xb2,  0x9c,
  0xb8,  0x88,  0x84,  0x5f,  0xd2,  0xaa,  0xa2,  0x95,  0xa4,  0x17,  0x31,  0x64,  0x1f,  0x47,  0x2c,  0x3b,
  0x29,  0x98,  0x54,  0x6e,  0x97,  0xb2,  0x4f,  0x31,  0x1e,  0x36,  0xa9,  0xf9,  0x00,  0x0c,  0x2b,  0xe7,
  0x69,  0x13,  0x70,  0xfe,  0x75,  0x47,  0xb2,  0xe8,  0xb9,  0x3a,  0x06,  0x5d,  0xb8,  0x90,  0x4d,  0xad,
  0xc2,  0x63,  0xeb,  0x37,  0x3f,  0xca,  0x83,  0xaa,  0x62,  0xa2,  0x69,  0xd6,  0x9d,  0x58,  0x12,  0x58,
  0xee,  0x04,  0xf3,  0xf5,  0xa3,  0x8a,  0x44,  0xe9,  0x69,  0x25,  0xaf,  0x64,  0x15,  0xc2,  0x1d,  0x41,
  0xb3,  0xa6,  0x60,  0x28,  0x60,  0xc1,  0x9a,  0xef,  0x82,  0x3a,  0x70,  0x39,  0x9a,  0x0e,  0x84,  0x16,
  0xee,  0x8b,  0x94,  0x1b,  0xae,  0xe6,  0x8f,  0xb7,  0x6d,  0x3f,  0x93,  0x6d,  0x6d,  0xe9,  0x5a,  0x64,
  0x29,  0x2f,  0xf4,  0xb2,  0x4a,  0xc7,  0xf9,  0x78,  0xa9,  0x7d,  0x98,  0xb8,  0x1f,  0x4e,  0xc9,  0x56,
  0x24,  0x08,  0x73,  0xe1,  0xff,  0x00,  0x49,  0xa5,  0xc6,  0x0d,  0xeb,  0xdd,  0x93,  0x47,  0x9d,  0xa7,
  0xb6,  0x1f,  0x0f,  0x12,  0xd1,  0x00,  0x6e,  0xbd,  0x06,  0x3c,  0xf8,  0x5e,  0x6b,  0xde,  0xcc,  0xaf,
  0xb3,  0xda,  0xb8,  0x88,  0xbe,  0x15,  0xc8,  0x36,  0xf9,  0xea,  0x07,  0x35,  0xdf,  0x6b,  0x14,  0xf7,
  0x78,  0xd3,  0x12,  0xb7,  0x87,  0x20,  0xf9,  0xc2,  0xd7,  0xba,  0x2d,  0xa6,  0x5b,  0x99,  0xa9,  0xb8,
  0x78,  0x72,  0xe4,  0x93,  0xd0,  0xf2,  0x6a,  0x95,  0xad,  0x8d,  0x0c,  0x55,  0xec,  0x7f,  0xd1,  0x62,
  0xea,  0x17,  0x36,  0x07,  0xee,  0xee,  0xbb,  0x00,  0x7d,  0x42,  0x8f,  0x8f,  0xc2,  0x93,  0xec,  0xef,
  0xd1,  0xf6,  0x6a,  0xf3,  0xcc,  0x46,  0x35,  0xce,  0xbf,  0x12,  0xa3,  0xf3,  0xaf,  0xb4,  0x4c,  0x96,
  0xc5,  0xc3,  0xed,  0x16,  0xcb,  0x8a,  0x8f,  0x6c,  0x33,  0x00,  0xde,  0xbb,  0x4c,  0x7f,  0x2a,  0xeb,
  0x40,  0x40,  0x9d,  0x96,  0xc9,  0x3e,  0x2f,  0xf0,  0x0a,  0xf2,  0x78,  0xe5,  0xd7,  0xca,  0xa1,  0x25,
  0x47,  0x27,  0xaa,  0xf8,  0x30,  0x2b,  0x1b,  0x0e,  0x9d,  0xa5,  0xed,  0x20,  0x91,  0x7e,  0xdc,  0xac,
  0x73,  0xc3,  0xb7,  0x1f,  0xca,  0x8d,  0xda,  0x26,  0x2f,  0x8f,  0xac,  0xb3,  0x30,  0x62,  0xe6,  0xd8,
  0x24,  0x8f,  0x38,  0x9a,  0x15,  0x85,  0x54,  0xd3,  0xb4,  0xe2,  0x7f,  0xf3,  0xd4,  0xf1,  0xfe,  0xa3,
  0x47,  0xd5,  0x1a,  0xde,  0x46,  0x06,  0xb5,  0xcf,  0x85,  0x63,  0x69,  0x3c,  0xc9,  0x02,  0x3a,  0xd1,
  0xf5,  0xd7,  0x5e,  0xe8,  0xa6,  0x5d,  0x05,  0xf4,  0x26,  0xd9,  0xa3,  0x5a,  0x69,  0xe4,  0x14,  0xe3,
  0x89,  0xea,  0x6a,  0x96,  0xa6,  0xc2,  0xe6,  0xa3,  0x68,  0x33,  0xc5,  0xb1,  0x62,  0xe8,  0xeb,  0xc9,
  0xf1,  0x9f,  0xbb,  0xe5,  0x53,  0x3b,  0x3c,  0xa5,  0xf4,  0x13,  0xe4,  0x3c,  0x30,  0x48,  0x99,  0x32,
  0x6a,  0x9e,  0xaf,  0x69,  0x55,  0xb0,  0x89,  0x2a,  0x3b,  0xcb,  0x37,  0xad,  0x90,  0x13,  0x9f,  0x7a,
  0x66,  0x96,  0x74,  0xfa,  0x8f,  0xaf,  0xc0,  0xb1,  0x12,  0xd6,  0x1d,  0x1f,  0x44,  0xb2,  0xe1,  0x4c,
  0xad,  0xcb,  0x72,  0x44,  0xc7,  0x0f,  0x73,  0xa1,  0xae,  0xfb,  0x5a,  0x3f,  0xdd,  0x76,  0xe3,  0x71,
  0x20,  0xa9,  0x3f,  0xe5,  0x1c,  0xf4,  0xfc,  0x7f,  0x1a,  0x47,  0x54,  0xbe,  0x57,  0x45,  0xb9,  0x6c,
  0xb4,  0xed,  0xb9,  0x31,  0xb7,  0x98,  0x0f,  0x73,  0xf5,  0xab,  0x1d,  0xab,  0x68,  0xec,  0xde,  0xd5,
  0x02,  0x06,  0xdd,  0xc4,  0x75,  0xf7,  0x87,  0x5f,  0x9d,  0x15,  0xbb,  0x28,  0x73,  0x7d,  0x80,  0xf1,
  0x64,  0xbc,  0x76,  0x56,  0xc1,  0xcd,  0xb8,  0x06,  0xe7,  0xb4,  0x10,  0x81,  0xf0,  0x91,  0x5a,  0x0c,
  0x2b,  0xe0,  0x58,  0xc9,  0xb8,  0xca,  0x3f,  0xc4,  0xb2,  0xf3,  0xd4,  0x0e,  0x3c,  0x89,  0xfe,  0xf9,
  0xa8,  0x9a,  0x65,  0xb9,  0xd3,  0x75,  0x3d,  0x80,  0x33,  0xc2,  0x80,  0x0f,  0xda,  0x3a,  0x55,  0x3b,
  0x2a,  0x46,  0x06,  0x49,  0xb9,  0x0b,  0x3b,  0x08,  0x58,  0xeb,  0x1f,  0x0a,  0x4b,  0x5a,  0x3a,  0xad,
  0x7f,  0x85,  0x23,  0x81,  0x9c,  0x92,  0x3b,  0x59,  0x61,  0x96,  0x37,  0x1b,  0xb2,  0xa4,  0xf2,  0x27,
  0x6f,  0x06,  0xb8,  0xc3,  0x56,  0x18,  0xb7,  0x90,  0xca,  0xb2,  0x39,  0x04,  0x74,  0x32,  0x1c,  0xf1,
  0xf8,  0x57,  0xd9,  0x80,  0xda,  0xed,  0x36,  0x1f,  0x5e,  0x6f,  0x2f,  0x97,  0xc0,  0x0e,  0x94,  0x7b,
  0x27,  0x76,  0xa1,  0xa9,  0xaa,  0x88,  0x9c,  0x8b,  0x8d,  0x04,  0x74,  0x1b,  0x98,  0xf4,  0xae,  0xc7,
  0x82,  0x7a,  0x22,  0x43,  0x5a,  0x9d,  0xf6,  0xb7,  0x6d,  0xd7,  0xc5,  0x3e,  0xc9,  0x69,  0x26,  0x23,
  0xc8,  0xfe,  0xb4,  0xf3,  0x16,  0xbb,  0xa2,  0x0b,  0xea,  0x36,  0x8e,  0xfa,  0xdf,  0x84,  0xf9,  0x78,
  0xe9,  0x3d,  0x66,  0xc1,  0x37,  0x99,  0x54,  0xf7,  0xaa,  0x96,  0x6d,  0x00,  0x49,  0xe6,  0x76,  0x9f,
  0xd2,  0x9f,  0xb1,  0x6f,  0xbe,  0xd2,  0x5a,  0xd8,  0x70,  0x01,  0xc9,  0x45,  0xdc,  0xa2,  0x48,  0x9b,
  0xaa,  0x26,  0x2b,  0x95,  0xd3,  0x66,  0x2f,  0x54,  0x53,  0xd2,  0x67,  0x75,  0xab,  0x31,  0x63,  0x35,
  0x65,  0xb9,  0xbc,  0xbc,  0x9f,  0xb0,  0x56,  0x8b,  0x52,  0x0e,  0x2f,  0x40,  0x63,  0x05,  0x9f,  0x96,
  0x32,  0x07,  0x80,  0xf1,  0x59,  0xed,  0x6b,  0x74,  0x5f,  0x1e,  0xfb,  0x35,  0xe4,  0xe8,  0x3a,  0x92,
  0xab,  0xc0,  0xad,  0x26,  0xa4,  0x5d,  0xae,  0xed,  0x36,  0xd4,  0x45,  0xeb,  0x90,  0xc3,  0xa1,  0xf0,
  0x1f,  0xef,  0xe5,  0x4f,  0x37,  0x74,  0x7a,  0xfc,  0x20,  0x47,  0x11,  0x4c,  0x2b,  0x6c,  0xda,  0xce,
  0xd5,  0x69,  0x66,  0x77,  0x50,  0x49,  0xe6,  0x62,  0x2a,  0x46,  0x65,  0xa0,  0xda,  0xab,  0x9f,  0x74,
  0x86,  0xf7,  0x4f,  0x95,  0x5c,  0xb6,  0x05,  0x9d,  0x4c,  0x33,  0xa9,  0x7f,  0xde,  0x08,  0x03,  0xcc,
  0xc9,  0xa9,  0xd9,  0x36,  0xc3,  0xea,  0x4e,  0xea,  0x3a,  0xde,  0x61,  0xd3,  0xd0,  0xd6,  0x84,  0xaf,
  0xae,  0x82,  0x0d,  0xe5,  0xa0,  0x37,  0x34,  0xf6,  0x50,  0x59,  0xce,  0x51,  0x91,  0xf0,  0x86,  0xfe,
  0xfe,  0xea,  0x43,  0x38,  0x6f,  0xd4,  0x32,  0x80,  0x88,  0x52,  0xdb,  0x79,  0x96,  0xf3,  0xab,  0x39,
  0x56,  0x89,  0xb9,  0xa5,  0xc7,  0x0a,  0xd9,  0x0e,  0x44,  0x7f,  0xce,  0x27,  0xf0,  0xa8,  0xb9,  0xf7,
  0x0f,  0xb6,  0xe4,  0x75,  0x1b,  0x43,  0xc4,  0xf3,  0x07,  0x73,  0x7e,  0x34,  0x2c,  0xdd,  0x5f,  0x9e,
  0xe5,  0x21,  0x83,  0x09,  0x93,  0x69,  0x4e,  0x36,  0xa5,  0xc3,  0x48,  0x60,  0x78,  0x3e,  0x7b,  0x50,
  0x9f,  0xce,  0x8f,  0x82,  0x0a,  0x61,  0x62,  0x0e,  0x4c,  0xdd,  0x42,  0x47,  0xc9,  0xbf,  0xbf,  0x9d,
  0x07,  0x52,  0x3d,  0xda,  0x6a,  0x4a,  0x78,  0x3b,  0x90,  0xf0,  0x67,  0xff,  0x00,  0x0d,  0x4d,  0x33,
  0xa4,  0xe3,  0xb5,  0xcb,  0x18,  0x8a,  0x5c,  0x73,  0x79,  0x09,  0x58,  0x93,  0xc8,  0xe2,  0x8b,  0x7b,
  0x95,  0x7e,  0x5c,  0x05,  0x83,  0x3d,  0xdb,  0xbf,  0x05,  0xca,  0xf0,  0x3b,  0xb9,  0x33,  0xf0,  0x55,
  0x9a,  0x53,  0x2e,  0xcb,  0xe4,  0x59,  0x08,  0x85,  0x3c,  0x16,  0x6e,  0x3c,  0xf5,  0x1f,  0xdf,  0x34,
  0xcb,  0x31,  0xb5,  0xa7,  0x3f,  0x06,  0x36,  0x10,  0x49,  0xf4,  0xda,  0x95,  0xf6,  0x01,  0x2f,  0x93,
  0x91,  0xd0,  0xee,  0xc3,  0x72,  0x03,  0x74,  0x23,  0xfb,  0x06,  0x82,  0x6d,  0x5e,  0x18,  0x91,  0xb1,
  0xb1,  0x9d,  0x94,  0xdb,  0x04,  0xad,  0xce,  0x58,  0xc0,  0x8e,  0x20,  0x1f,  0xc2,  0xab,  0x6a,  0xea,
  0x8f,  0x9d,  0x8e,  0x2e,  0x29,  0xb8,  0x89,  0x63,  0x74,  0xf9,  0x0e,  0x54,  0x7d,  0xd0,  0x63,  0xe7,
  0x45,  0xd3,  0x2d,  0x2d,  0xbd,  0x5a,  0xed,  0xc6,  0x20,  0x32,  0x00,  0x44,  0x89,  0x11,  0xb4,  0x7a,
  0xd0,  0x32,  0x77,  0xdd,  0xc9,  0x05,  0xd4,  0xed,  0xf6,  0x30,  0x86,  0x0c,  0x89,  0x17,  0x10,  0x7e,
  0x47,  0xee,  0xa6,  0x72,  0xac,  0xd7,  0x98,  0x82,  0x4e,  0xb4,  0x3c,  0xec,  0x6d,  0xdd,  0x9a,  0x5e,
  0x4a,  0xc7,  0x27,  0xb8,  0x92,  0x44,  0x88,  0xdc,  0xd5,  0xc6,  0x65,  0xc4,  0xb9,  0x8a,  0x55,  0x23,
  0x68,  0xba,  0x47,  0x1f,  0xfb,  0x95,  0xd7,  0x63,  0x98,  0x0d,  0x37,  0x25,  0x0f,  0x3b,  0x96,  0xc4,
  0x09,  0x89,  0xe5,  0xe8,  0x57,  0x11,  0x4e,  0x31,  0x70,  0x36,  0x91,  0x7c,  0xf1,  0xeb,  0x21,  0xbf,
  0xad,  0x17,  0xf9,  0x65,  0xcf,  0xb0,  0x16,  0x05,  0x5d,  0x4e,  0xc0,  0xb7,  0xa6,  0xe9,  0xd7,  0x0e,
  0xe9,  0x8b,  0x9c,  0x1f,  0x3e,  0x17,  0xa5,  0x67,  0xfb,  0x28,  0xe4,  0x2d,  0xf5,  0xdb,  0xba,  0x55,
  0xc1,  0xe9,  0xc7,  0x06,  0xb4,  0xba,  0xf6,  0xcf,  0x62,  0xc1,  0x45,  0x3e,  0x21,  0x3b,  0xa3,  0xec,
  0x1c,  0x56,  0x5b,  0xb3,  0x04,  0x2d,  0xdb,  0xca,  0xdd,  0x36,  0x3f,  0x1f,  0x23,  0x42,  0xca,  0xfb,
  0x19,  0x57,  0xcb,  0xd8,  0x85,  0x2e,  0xd4,  0xaf,  0x76,  0xd6,  0x52,  0x18,  0x46,  0x42,  0xc2,  0x98,
  0x3c,  0x78,  0x6b,  0xcd,  0x3e,  0xd3,  0x5b,  0xcd,  0xd4,  0x6d,  0x98,  0x5f,  0xde,  0x64,  0xf1,  0x22,
  0x3a,  0xd7,  0xbd,  0xb4,  0x67,  0xc7,  0xc3,  0x5b,  0x80,  0x96,  0x2b,  0x7b,  0x72,  0x96,  0xf8,  0x45,
  0x12,  0xc1,  0xdd,  0xab,  0xea,  0xca,  0x63,  0x71,  0xba,  0x0f,  0x4e,  0x87,  0x68,  0xa3,  0x17,  0xf6,
  0x97,  0x99,  0xa0,  0x90,  0xb2,  0x35,  0x43,  0x85,  0x97,  0xab,  0x62,  0xaa,  0x87,  0x19,  0x70,  0x81,
  0xa3,  0xdd,  0x86,  0xeb,  0xf7,  0x4d,  0x69,  0xb4,  0xdb,  0x37,  0x1b,  0xb2,  0xa4,  0xc4,  0x21,  0x58,
  0xf5,  0xe7,  0x72,  0xff,  0x00,  0x4a,  0xc9,  0xe6,  0x59,  0xef,  0x35,  0xab,  0xd2,  0x07,  0x17,  0x0f,
  0x00,  0x7c,  0x6b,  0x63,  0x8c,  0x1a,  0xdf,  0x67,  0xac,  0xaa,  0x83,  0x0e,  0xe0,  0x0e,  0x3e,  0x0b,
  0x3c,  0xd3,  0xdb,  0xd1,  0x46,  0x34,  0xd0,  0xc8,  0x9e,  0xe4,  0xa6,  0x06,  0x10,  0x26,  0x54,  0x5d,
  0xf7,  0x47,  0x1f,  0x5e,  0x9a,  0xba,  0x82,  0xee,  0x9d,  0xaf,  0x92,  0x0e,  0xe9,  0x72,  0x3c,  0xa2,
  0x27,  0x8a,  0x4a,  0xf3,  0x94,  0xd3,  0x91,  0xcb,  0x6e,  0x2b,  0x75,  0xce,  0xd0,  0x39,  0xe1,  0xdf,
  0xf4,  0xa6,  0xf0,  0xd5,  0xaf,  0xe9,  0x3a,  0xe5,  0xc6,  0x00,  0x2a,  0x8b,  0x84,  0x02,  0x7d,  0x54,
  0xf9,  0x54,  0x5d,  0xca,  0xba,  0xf7,  0x2b,  0x90,  0xb7,  0x66,  0xe5,  0xb4,  0x5b,  0x6b,  0xb8,  0xa7,
  0x88,  0xc8,  0x07,  0xaf,  0x27,  0x9a,  0xb1,  0xad,  0xb1,  0x4b,  0x5a,  0x69,  0x17,  0x14,  0x90,  0x32,
  0x0c,  0x8f,  0xb7,  0xa7,  0xdb,  0x50,  0xfb,  0x36,  0x27,  0x4a,  0xb4,  0x7a,  0x0d,  0xf0,  0x18,  0x00,
  0x4f,  0x53,  0xc5,  0x59,  0xed,  0x1d,  0xb5,  0xb5,  0x6b,  0x08,  0x1f,  0x01,  0x2b,  0x77,  0x98,  0xf5,
  0x9f,  0xd2,  0x96,  0xd1,  0x7d,  0xee,  0xaf,  0xe0,  0x9c,  0x71,  0x22,  0xeb,  0x08,  0x1b,  0x0f,  0x2c,
  0xed,  0x86,  0x37,  0x1b,  0x9e,  0x7f,  0xcc,  0x7f,  0x5a,  0xbd,  0xda,  0xfb,  0x26,  0xdf,  0x65,  0x50,
  0x92,  0xad,  0xee,  0x2c,  0x83,  0xe5,  0xb8,  0x79,  0x7d,  0xb5,  0x17,  0x55,  0x8b,  0x78,  0x17,  0xed,
  0xcb,  0x16,  0x62,  0xec,  0x4b,  0x79,  0xf8,  0xaa,  0xdf,  0x68,  0x0b,  0x5f,  0xec,  0x12,  0xdf,  0x70,
  0xbb,  0x99,  0xad,  0x29,  0x6d,  0xd2,  0x49,  0x9f,  0x3f,  0x8d,  0x69,  0x3b,  0xec,  0xde,  0xa6,  0x78,
  0x93,  0x34,  0x46,  0x3f,  0xb3,  0x75,  0x12,  0x24,  0x3b,  0x6d,  0x5d,  0xcb,  0xd3,  0xde,  0x07,  0x9f,
  0xbb,  0xf1,  0xa7,  0x72,  0xee,  0xed,  0xb1,  0x79,  0x91,  0x37,  0x37,  0x1b,  0x76,  0xf0,  0x07,  0x3c,
  0x83,  0xf7,  0xd2,  0x3a,  0x40,  0x56,  0xd0,  0xb5,  0x45,  0x76,  0x2a,  0x4b,  0x20,  0xf0,  0x9e,  0x7d,
  0xf1,  0x35,  0x5f,  0x32,  0xc8,  0x18,  0xb7,  0x2d,  0xa4,  0xd9,  0x4e,  0xe2,  0x49,  0x07,  0xaf,  0x89,
  0x47,  0xf7,  0xf6,  0xd2,  0xcd,  0xad,  0xb7,  0xcf,  0xf8,  0x52,  0x18,  0x19,  0x6d,  0x59,  0x42,  0x76,
  0x8b,  0x15,  0xd4,  0x91,  0x17,  0xd5,  0xa4,  0x73,  0xf5,  0x85,  0x31,  0x87,  0x6d,  0xc7,  0x68,  0x33,
  0x95,  0xb8,  0x76,  0xb8,  0xe4,  0xc7,  0x30,  0x4f,  0x3f,  0x9d,  0x79,  0xae,  0x27,  0x75,  0xda,  0x1c,
  0x43,  0xba,  0x00,  0xbc,  0xa4,  0x33,  0x73,  0xf5,  0xc5,  0x12,  0xc4,  0x8e,  0xd7,  0x66,  0xac,  0xc4,
  0x5c,  0x32,  0x4f,  0x1e,  0x42,  0xba,  0x6b,  0x58,  0x74,  0x26,  0x7f,  0xff,  0xd9,  0xd9,
};

wxImage GetImage_Wood27()
{
	static wxMemoryInputStream is(image_Wood27, sizeof(image_Wood27));
	static wxImage image(is, wxBITMAP_TYPE_ANY, -1);
	return image;
}
