#include <wx/image.h>
#include <wx/mstream.h>
static const unsigned char image_Wood43[] = {
  0xff,  0xd8,  0xff,  0xe0,  0x00,  0x10,  0x4a,  0x46,  0x49,  0x46,  0x00,  0x01,  0x02,  0x02,  0x00,  0x4e,
  0x00,  0x4e,  0x00,  0x00,  0xff,  0xe2,  0x1c,  0x6d,  0x49,  0x43,  0x43,  0x5f,  0x50,  0x52,  0x4f,  0x46,
  0x49,  0x4c,  0x45,  0x00,  0x01,  0x01,  0x00,  0x00,  0x1c,  0x5d,  0x4c,  0x69,  0x6e,  0x6f,  0x02,  0x10,
  0x00,  0x00,  0x6d,  0x6e,  0x74,  0x72,  0x52,  0x47,  0x42,  0x20,  0x58,  0x59,  0x5a,  0x20,  0x07,  0xce,
  0x00,  0x02,  0x00,  0x09,  0x00,  0x06,  0x00,  0x31,  0x00,  0x00,  0x61,  0x63,  0x73,  0x70,  0x4d,  0x53,
  0x46,  0x54,  0x00,  0x00,  0x00,  0x00,  0x49,  0x45,  0x43,  0x20,  0x73,  0x52,  0x47,  0x42,  0x00,  0x00,
  0x00,  0x00,  0x00,  0x00,  0x00,  0x00,  0x00,  0x00,  0x00,  0x00,  0x00,  0x00,  0xf6,  0xd6,  0x00,  0x01,
  0x00,  0x00,  0x00,  0x00,  0xd3,  0x2d,  0x48,  0x50,  0x20,  0x20,  0x00,  0x00,  0x00,  0x00,  0x00,  0x00,
  0x00,  0x00,  0x00,  0x00,  0x00,  0x00,  0x00,  0x00,  0x00,  0x00,  0x00,  0x00,  0x00,  0x00,  0x00,  0x00,
  0x00,  0x00,  0x00,  0x00,  0x00,  0x00,  0x00,  0x00,  0x00,  0x00,  0x00,  0x00,  0x00,  0x00,  0x00,  0x00,
  0x00,  0x00,  0x00,  0x00,  0x00,  0x00,  0x00,  0x00,  0x00,  0x11,  0x63,  0x70,  0x72,  0x74,  0x00,  0x00,
  0x01,  0x50,  0x00,  0x00,  0x00,  0x33,  0x64,  0x65,  0x73,  0x63,  0x00,  0x00,  0x01,  0x83,  0x00,  0x00,
  0x00,  0x6c,  0x77,  0x74,  0x70,  0x74,  0x00,  0x00,  0x01,  0xef,  0x00,  0x00,  0x00,  0x14,  0x62,  0x6b,
  0x70,  0x74,  0x00,  0x00,  0x02,  0x03,  0x00,  0x00,  0x00,  0x14,  0x72,  0x58,  0x59,  0x5a,  0x00,  0x00,
  0x02,  0x17,  0x00,  0x00,  0x00,  0x14,  0x67,  0x58,  0x59,  0x5a,  0x00,  0x00,  0x02,  0x2b,  0x00,  0x00,
  0x00,  0x14,  0x62,  0x58,  0x59,  0x5a,  0x00,  0x00,  0x02,  0x3f,  0x00,  0x00,  0x00,  0x14,  0x64,  0x6d,
  0x6e,  0x64,  0x00,  0x00,  0x02,  0x53,  0x00,  0x00,  0x00,  0x70,  0x64,  0x6d,  0x64,  0x64,  0x00,  0x00,
  0x02,  0xc3,  0x00,  0x00,  0x00,  0x88,  0x76,  0x75,  0x65,  0x64,  0x00,  0x00,  0x03,  0x4b,  0x00,  0x00,
  0x00,  0x86,  0x76,  0x69,  0x65,  0x77,  0x00,  0x00,  0x03,  0xd1,  0x00,  0x00,  0x00,  0x24,  0x6c,  0x75,
  0x6d,  0x69,  0x00,  0x00,  0x03,  0xf5,  0x00,  0x00,  0x00,  0x14,  0x6d,  0x65,  0x61,  0x73,  0x00,  0x00,
  0x04,  0x09,  0x00,  0x00,  0x00,  0x24,  0x74,  0x65,  0x63,  0x68,  0x00,  0x00,  0x04,  0x2d,  0x00,  0x00,
  0x00,  0x0c,  0x72,  0x54,  0x52,  0x43,  0x00,  0x00,  0x04,  0x39,  0x00,  0x00,  0x08,  0x0c,  0x67,  0x54,
  0x52,  0x43,  0x00,  0x00,  0x0c,  0x45,  0x00,  0x00,  0x08,  0x0c,  0x62,  0x54,  0x52,  0x43,  0x00,  0x00,
  0x14,  0x51,  0x00,  0x00,  0x08,  0x0c,  0x74,  0x65,  0x78,  0x74,  0x00,  0x00,  0x00,  0x00,  0x43,  0x6f,
  0x70,  0x79,  0x72,  0x69,  0x67,  0x68,  0x74,  0x20,  0x28,  0x63,  0x29,  0x20,  0x31,  0x39,  0x39,  0x38,
  0x20,  0x48,  0x65,  0x77,  0x6c,  0x65,  0x74,  0x74,  0x2d,  0x50,  0x61,  0x63,  0x6b,  0x61,  0x72,  0x64,
  0x20,  0x43,  0x6f,  0x6d,  0x70,  0x61,  0x6e,  0x79,  0x00,  0x64,  0x65,  0x73,  0x63,  0x00,  0x00,  0x00,
  0x00,  0x00,  0x00,  0x00,  0x12,  0x73,  0x52,  0x47,  0x42,  0x20,  0x49,  0x45,  0x43,  0x36,  0x31,  0x39,
  0x36,  0x36,  0x2d,  0x32,  0x2e,  0x31,  0x00,  0x00,  0x00,  0x00,  0x00,  0x00,  0x00,  0x00,  0x00,  0x00,
  0x00,  0x12,  0x73,  0x52,  0x47,  0x42,  0x20,  0x49,  0x45,  0x43,  0x36,  0x31,  0x39,  0x36,  0x36,  0x2d,
  0x32,  0x2e,  0x31,  0x00,  0x00,  0x00,  0x00,  0x00,  0x00,  0x00,  0x00,  0x00,  0x00,  0x00,  0x00,  0x00,
  0x00,  0x00,  0x00,  0x00,  0x00,  0x00,  0x00,  0x00,  0x00,  0x00,  0x00,  0x00,  0x00,  0x00,  0x00,  0x00,
  0x00,  0x00,  0x00,  0x00,  0x00,  0x00,  0x00,  0x00,  0x00,  0x00,  0x00,  0x00,  0x00,  0x00,  0x00,  0x00,
  0x00,  0x00,  0x00,  0x00,  0x00,  0x58,  0x59,  0x5a,  0x20,  0x00,  0x00,  0x00,  0x00,  0x00,  0x00,  0xf3,
  0x51,  0x00,  0x01,  0x00,  0x00,  0x00,  0x01,  0x16,  0xcc,  0x58,  0x59,  0x5a,  0x20,  0x00,  0x00,  0x00,
  0x00,  0x00,  0x00,  0x00,  0x00,  0x00,  0x00,  0x00,  0x00,  0x00,  0x00,  0x00,  0x00,  0x58,  0x59,  0x5a,
  0x20,  0x00,  0x00,  0x00,  0x00,  0x00,  0x00,  0x6f,  0xa2,  0x00,  0x00,  0x38,  0xf5,  0x00,  0x00,  0x03,
  0x90,  0x58,  0x59,  0x5a,  0x20,  0x00,  0x00,  0x00,  0x00,  0x00,  0x00,  0x62,  0x99,  0x00,  0x00,  0xb7,
  0x85,  0x00,  0x00,  0x18,  0xda,  0x58,  0x59,  0x5a,  0x20,  0x00,  0x00,  0x00,  0x00,  0x00,  0x00,  0x24,
  0xa0,  0x00,  0x00,  0x0f,  0x84,  0x00,  0x00,  0xb6,  0xcf,  0x64,  0x65,  0x73,  0x63,  0x00,  0x00,  0x00,
  0x00,  0x00,  0x00,  0x00,  0x16,  0x49,  0x45,  0x43,  0x20,  0x68,  0x74,  0x74,  0x70,  0x3a,  0x2f,  0x2f,
  0x77,  0x77,  0x77,  0x2e,  0x69,  0x65,  0x63,  0x2e,  0x63,  0x68,  0x00,  0x00,  0x00,  0x00,  0x00,  0x00,
  0x00,  0x00,  0x00,  0x00,  0x00,  0x16,  0x49,  0x45,  0x43,  0x20,  0x68,  0x74,  0x74,  0x70,  0x3a,  0x2f,
  0x2f,  0x77,  0x77,  0x77,  0x2e,  0x69,  0x65,  0x63,  0x2e,  0x63,  0x68,  0x00,  0x00,  0x00,  0x00,  0x00,
  0x00,  0x00,  0x00,  0x00,  0x00,  0x00,  0x00,  0x00,  0x00,  0x00,  0x00,  0x00,  0x00,  0x00,  0x00,  0x00,
  0x00,  0x00,  0x00,  0x00,  0x00,  0x00,  0x00,  0x00,  0x00,  0x00,  0x00,  0x00,  0x00,  0x00,  0x00,  0x00,
  0x00,  0x00,  0x00,  0x00,  0x00,  0x00,  0x00,  0x00,  0x00,  0x64,  0x65,  0x73,  0x63,  0x00,  0x00,  0x00,
  0x00,  0x00,  0x00,  0x00,  0x2e,  0x49,  0x45,  0x43,  0x20,  0x36,  0x31,  0x39,  0x36,  0x36,  0x2d,  0x32,
  0x2e,  0x31,  0x20,  0x44,  0x65,  0x66,  0x61,  0x75,  0x6c,  0x74,  0x20,  0x52,  0x47,  0x42,  0x20,  0x63,
  0x6f,  0x6c,  0x6f,  0x75,  0x72,  0x20,  0x73,  0x70,  0x61,  0x63,  0x65,  0x20,  0x2d,  0x20,  0x73,  0x52,
  0x47,  0x42,  0x00,  0x00,  0x00,  0x00,  0x00,  0x00,  0x00,  0x00,  0x00,  0x00,  0x00,  0x2e,  0x49,  0x45,
  0x43,  0x20,  0x36,  0x31,  0x39,  0x36,  0x36,  0x2d,  0x32,  0x2e,  0x31,  0x20,  0x44,  0x65,  0x66,  0x61,
  0x75,  0x6c,  0x74,  0x20,  0x52,  0x47,  0x42,  0x20,  0x63,  0x6f,  0x6c,  0x6f,  0x75,  0x72,  0x20,  0x73,
  0x70,  0x61,  0x63,  0x65,  0x20,  0x2d,  0x20,  0x73,  0x52,  0x47,  0x42,  0x00,  0x00,  0x00,  0x00,  0x00,
  0x00,  0x00,  0x00,  0x00,  0x00,  0x00,  0x00,  0x00,  0x00,  0x00,  0x00,  0x00,  0x00,  0x00,  0x00,  0x00,
  0x00,  0x64,  0x65,  0x73,  0x63,  0x00,  0x00,  0x00,  0x00,  0x00,  0x00,  0x00,  0x2c,  0x52,  0x65,  0x66,
  0x65,  0x72,  0x65,  0x6e,  0x63,  0x65,  0x20,  0x56,  0x69,  0x65,  0x77,  0x69,  0x6e,  0x67,  0x20,  0x43,
  0x6f,  0x6e,  0x64,  0x69,  0x74,  0x69,  0x6f,  0x6e,  0x20,  0x69,  0x6e,  0x20,  0x49,  0x45,  0x43,  0x36,
  0x31,  0x39,  0x36,  0x36,  0x2d,  0x32,  0x2e,  0x31,  0x00,  0x00,  0x00,  0x00,  0x00,  0x00,  0x00,  0x00,
  0x00,  0x00,  0x00,  0x2c,  0x52,  0x65,  0x66,  0x65,  0x72,  0x65,  0x6e,  0x63,  0x65,  0x20,  0x56,  0x69,
  0x65,  0x77,  0x69,  0x6e,  0x67,  0x20,  0x43,  0x6f,  0x6e,  0x64,  0x69,  0x74,  0x69,  0x6f,  0x6e,  0x20,
  0x69,  0x6e,  0x20,  0x49,  0x45,  0x43,  0x36,  0x31,  0x39,  0x36,  0x36,  0x2d,  0x32,  0x2e,  0x31,  0x00,
  0x00,  0x00,  0x00,  0x00,  0x00,  0x00,  0x00,  0x00,  0x00,  0x00,  0x00,  0x00,  0x00,  0x00,  0x00,  0x00,
  0x00,  0x00,  0x00,  0x00,  0x00,  0x00,  0x00,  0x76,  0x69,  0x65,  0x77,  0x00,  0x00,  0x00,  0x00,  0x00,
  0x13,  0xa4,  0xfe,  0x00,  0x14,  0x5f,  0x2e,  0x00,  0x10,  0xcf,  0x14,  0x00,  0x03,  0xed,  0xcc,  0x00,
  0x04,  0x13,  0x0b,  0x00,  0x03,  0x5c,  0x9e,  0x00,  0x00,  0x00,  0x01,  0x58,  0x59,  0x5a,  0x20,  0x00,
  0x00,  0x00,  0x00,  0x00,  0x4c,  0x09,  0x56,  0x00,  0x50,  0x00,  0x00,  0x00,  0x57,  0x1f,  0xe7,  0x6d,
  0x65,  0x61,  0x73,  0x00,  0x00,  0x00,  0x00,  0x00,  0x00,  0x00,  0x01,  0x00,  0x00,  0x00,  0x00,  0x00,
  0x00,  0x02,  0x8f,  0x00,  0x00,  0x00,  0x02,  0x00,  0x00,  0x00,  0x00,  0x00,  0x00,  0x00,  0x00,  0x00,
  0x00,  0x00,  0x00,  0x73,  0x69,  0x67,  0x20,  0x00,  0x00,  0x00,  0x00,  0x43,  0x52,  0x54,  0x20,  0x63,
  0x75,  0x72,  0x76,  0x00,  0x00,  0x00,  0x00,  0x00,  0x00,  0x04,  0x00,  0x00,  0x00,  0x00,  0x05,  0x00,
  0x0a,  0x00,  0x0f,  0x00,  0x14,  0x00,  0x19,  0x00,  0x1e,  0x00,  0x23,  0x00,  0x28,  0x00,  0x2d,  0x00,
  0x32,  0x00,  0x37,  0x00,  0x3b,  0x00,  0x40,  0x00,  0x45,  0x00,  0x4a,  0x00,  0x4f,  0x00,  0x54,  0x00,
  0x59,  0x00,  0x5e,  0x00,  0x63,  0x00,  0x68,  0x00,  0x6d,  0x00,  0x72,  0x00,  0x77,  0x00,  0x7c,  0x00,
  0x81,  0x00,  0x86,  0x00,  0x8b,  0x00,  0x90,  0x00,  0x95,  0x00,  0x9a,  0x00,  0x9f,  0x00,  0xa4,  0x00,
  0xa9,  0x00,  0xae,  0x00,  0xb2,  0x00,  0xb7,  0x00,  0xbc,  0x00,  0xc1,  0x00,  0xc6,  0x00,  0xcb,  0x00,
  0xd0,  0x00,  0xd5,  0x00,  0xdb,  0x00,  0xe0,  0x00,  0xe5,  0x00,  0xeb,  0x00,  0xf0,  0x00,  0xf6,  0x00,
  0xfb,  0x01,  0x01,  0x01,  0x07,  0x01,  0x0d,  0x01,  0x13,  0x01,  0x19,  0x01,  0x1f,  0x01,  0x25,  0x01,
  0x2b,  0x01,  0x32,  0x01,  0x38,  0x01,  0x3e,  0x01,  0x45,  0x01,  0x4c,  0x01,  0x52,  0x01,  0x59,  0x01,
  0x60,  0x01,  0x67,  0x01,  0x6e,  0x01,  0x75,  0x01,  0x7c,  0x01,  0x83,  0x01,  0x8b,  0x01,  0x92,  0x01,
  0x9a,  0x01,  0xa1,  0x01,  0xa9,  0x01,  0xb1,  0x01,  0xb9,  0x01,  0xc1,  0x01,  0xc9,  0x01,  0xd1,  0x01,
  0xd9,  0x01,  0xe1,  0x01,  0xe9,  0x01,  0xf2,  0x01,  0xfa,  0x02,  0x03,  0x02,  0x0c,  0x02,  0x14,  0x02,
  0x1d,  0x02,  0x26,  0x02,  0x2f,  0x02,  0x38,  0x02,  0x41,  0x02,  0x4b,  0x02,  0x54,  0x02,  0x5d,  0x02,
  0x67,  0x02,  0x71,  0x02,  0x7a,  0x02,  0x84,  0x02,  0x8e,  0x02,  0x98,  0x02,  0xa2,  0x02,  0xac,  0x02,
  0xb6,  0x02,  0xc1,  0x02,  0xcb,  0x02,  0xd5,  0x02,  0xe0,  0x02,  0xeb,  0x02,  0xf5,  0x03,  0x00,  0x03,
  0x0b,  0x03,  0x16,  0x03,  0x21,  0x03,  0x2d,  0x03,  0x38,  0x03,  0x43,  0x03,  0x4f,  0x03,  0x5a,  0x03,
  0x66,  0x03,  0x72,  0x03,  0x7e,  0x03,  0x8a,  0x03,  0x96,  0x03,  0xa2,  0x03,  0xae,  0x03,  0xba,  0x03,
  0xc7,  0x03,  0xd3,  0x03,  0xe0,  0x03,  0xec,  0x03,  0xf9,  0x04,  0x06,  0x04,  0x13,  0x04,  0x20,  0x04,
  0x2d,  0x04,  0x3b,  0x04,  0x48,  0x04,  0x55,  0x04,  0x63,  0x04,  0x71,  0x04,  0x7e,  0x04,  0x8c,  0x04,
  0x9a,  0x04,  0xa8,  0x04,  0xb6,  0x04,  0xc4,  0x04,  0xd3,  0x04,  0xe1,  0x04,  0xf0,  0x04,  0xfe,  0x05,
  0x0d,  0x05,  0x1c,  0x05,  0x2b,  0x05,  0x3a,  0x05,  0x49,  0x05,  0x58,  0x05,  0x67,  0x05,  0x77,  0x05,
  0x86,  0x05,  0x96,  0x05,  0xa6,  0x05,  0xb5,  0x05,  0xc5,  0x05,  0xd5,  0x05,  0xe5,  0x05,  0xf6,  0x06,
  0x06,  0x06,  0x16,  0x06,  0x27,  0x06,  0x37,  0x06,  0x48,  0x06,  0x59,  0x06,  0x6a,  0x06,  0x7b,  0x06,
  0x8c,  0x06,  0x9d,  0x06,  0xaf,  0x06,  0xc0,  0x06,  0xd1,  0x06,  0xe3,  0x06,  0xf5,  0x07,  0x07,  0x07,
  0x19,  0x07,  0x2b,  0x07,  0x3d,  0x07,  0x4f,  0x07,  0x61,  0x07,  0x74,  0x07,  0x86,  0x07,  0x99,  0x07,
  0xac,  0x07,  0xbf,  0x07,  0xd2,  0x07,  0xe5,  0x07,  0xf8,  0x08,  0x0b,  0x08,  0x1f,  0x08,  0x32,  0x08,
  0x46,  0x08,  0x5a,  0x08,  0x6e,  0x08,  0x82,  0x08,  0x96,  0x08,  0xaa,  0x08,  0xbe,  0x08,  0xd2,  0x08,
  0xe7,  0x08,  0xfb,  0x09,  0x10,  0x09,  0x25,  0x09,  0x3a,  0x09,  0x4f,  0x09,  0x64,  0x09,  0x79,  0x09,
  0x8f,  0x09,  0xa4,  0x09,  0xba,  0x09,  0xcf,  0x09,  0xe5,  0x09,  0xfb,  0x0a,  0x11,  0x0a,  0x27,  0x0a,
  0x3d,  0x0a,  0x54,  0x0a,  0x6a,  0x0a,  0x81,  0x0a,  0x98,  0x0a,  0xae,  0x0a,  0xc5,  0x0a,  0xdc,  0x0a,
  0xf3,  0x0b,  0x0b,  0x0b,  0x22,  0x0b,  0x39,  0x0b,  0x51,  0x0b,  0x69,  0x0b,  0x80,  0x0b,  0x98,  0x0b,
  0xb0,  0x0b,  0xc8,  0x0b,  0xe1,  0x0b,  0xf9,  0x0c,  0x12,  0x0c,  0x2a,  0x0c,  0x43,  0x0c,  0x5c,  0x0c,
  0x75,  0x0c,  0x8e,  0x0c,  0xa7,  0x0c,  0xc0,  0x0c,  0xd9,  0x0c,  0xf3,  0x0d,  0x0d,  0x0d,  0x26,  0x0d,
  0x40,  0x0d,  0x5a,  0x0d,  0x74,  0x0d,  0x8e,  0x0d,  0xa9,  0x0d,  0xc3,  0x0d,  0xde,  0x0d,  0xf8,  0x0e,
  0x13,  0x0e,  0x2e,  0x0e,  0x49,  0x0e,  0x64,  0x0e,  0x7f,  0x0e,  0x9b,  0x0e,  0xb6,  0x0e,  0xd2,  0x0e,
  0xee,  0x0f,  0x09,  0x0f,  0x25,  0x0f,  0x41,  0x0f,  0x5e,  0x0f,  0x7a,  0x0f,  0x96,  0x0f,  0xb3,  0x0f,
  0xcf,  0x0f,  0xec,  0x10,  0x09,  0x10,  0x26,  0x10,  0x43,  0x10,  0x61,  0x10,  0x7e,  0x10,  0x9b,  0x10,
  0xb9,  0x10,  0xd7,  0x10,  0xf5,  0x11,  0x13,  0x11,  0x31,  0x11,  0x4f,  0x11,  0x6d,  0x11,  0x8c,  0x11,
  0xaa,  0x11,  0xc9,  0x11,  0xe8,  0x12,  0x07,  0x12,  0x26,  0x12,  0x45,  0x12,  0x64,  0x12,  0x84,  0x12,
  0xa3,  0x12,  0xc3,  0x12,  0xe3,  0x13,  0x03,  0x13,  0x23,  0x13,  0x43,  0x13,  0x63,  0x13,  0x83,  0x13,
  0xa4,  0x13,  0xc5,  0x13,  0xe5,  0x14,  0x06,  0x14,  0x27,  0x14,  0x49,  0x14,  0x6a,  0x14,  0x8b,  0x14,
  0xad,  0x14,  0xce,  0x14,  0xf0,  0x15,  0x12,  0x15,  0x34,  0x15,  0x56,  0x15,  0x78,  0x15,  0x9b,  0x15,
  0xbd,  0x15,  0xe0,  0x16,  0x03,  0x16,  0x26,  0x16,  0x49,  0x16,  0x6c,  0x16,  0x8f,  0x16,  0xb2,  0x16,
  0xd6,  0x16,  0xfa,  0x17,  0x1d,  0x17,  0x41,  0x17,  0x65,  0x17,  0x89,  0x17,  0xae,  0x17,  0xd2,  0x17,
  0xf7,  0x18,  0x1b,  0x18,  0x40,  0x18,  0x65,  0x18,  0x8a,  0x18,  0xaf,  0x18,  0xd5,  0x18,  0xfa,  0x19,
  0x20,  0x19,  0x45,  0x19,  0x6b,  0x19,  0x91,  0x19,  0xb7,  0x19,  0xdd,  0x1a,  0x04,  0x1a,  0x2a,  0x1a,
  0x51,  0x1a,  0x77,  0x1a,  0x9e,  0x1a,  0xc5,  0x1a,  0xec,  0x1b,  0x14,  0x1b,  0x3b,  0x1b,  0x63,  0x1b,
  0x8a,  0x1b,  0xb2,  0x1b,  0xda,  0x1c,  0x02,  0x1c,  0x2a,  0x1c,  0x52,  0x1c,  0x7b,  0x1c,  0xa3,  0x1c,
  0xcc,  0x1c,  0xf5,  0x1d,  0x1e,  0x1d,  0x47,  0x1d,  0x70,  0x1d,  0x99,  0x1d,  0xc3,  0x1d,  0xec,  0x1e,
  0x16,  0x1e,  0x40,  0x1e,  0x6a,  0x1e,  0x94,  0x1e,  0xbe,  0x1e,  0xe9,  0x1f,  0x13,  0x1f,  0x3e,  0x1f,
  0x69,  0x1f,  0x94,  0x1f,  0xbf,  0x1f,  0xea,  0x20,  0x15,  0x20,  0x41,  0x20,  0x6c,  0x20,  0x98,  0x20,
  0xc4,  0x20,  0xf0,  0x21,  0x1c,  0x21,  0x48,  0x21,  0x75,  0x21,  0xa1,  0x21,  0xce,  0x21,  0xfb,  0x22,
  0x27,  0x22,  0x55,  0x22,  0x82,  0x22,  0xaf,  0x22,  0xdd,  0x23,  0x0a,  0x23,  0x38,  0x23,  0x66,  0x23,
  0x94,  0x23,  0xc2,  0x23,  0xf0,  0x24,  0x1f,  0x24,  0x4d,  0x24,  0x7c,  0x24,  0xab,  0x24,  0xda,  0x25,
  0x09,  0x25,  0x38,  0x25,  0x68,  0x25,  0x97,  0x25,  0xc7,  0x25,  0xf7,  0x26,  0x27,  0x26,  0x57,  0x26,
  0x87,  0x26,  0xb7,  0x26,  0xe8,  0x27,  0x18,  0x27,  0x49,  0x27,  0x7a,  0x27,  0xab,  0x27,  0xdc,  0x28,
  0x0d,  0x28,  0x3f,  0x28,  0x71,  0x28,  0xa2,  0x28,  0xd4,  0x29,  0x06,  0x29,  0x38,  0x29,  0x6b,  0x29,
  0x9d,  0x29,  0xd0,  0x2a,  0x02,  0x2a,  0x35,  0x2a,  0x68,  0x2a,  0x9b,  0x2a,  0xcf,  0x2b,  0x02,  0x2b,
  0x36,  0x2b,  0x69,  0x2b,  0x9d,  0x2b,  0xd1,  0x2c,  0x05,  0x2c,  0x39,  0x2c,  0x6e,  0x2c,  0xa2,  0x2c,
  0xd7,  0x2d,  0x0c,  0x2d,  0x41,  0x2d,  0x76,  0x2d,  0xab,  0x2d,  0xe1,  0x2e,  0x16,  0x2e,  0x4c,  0x2e,
  0x82,  0x2e,  0xb7,  0x2e,  0xee,  0x2f,  0x24,  0x2f,  0x5a,  0x2f,  0x91,  0x2f,  0xc7,  0x2f,  0xfe,  0x30,
  0x35,  0x30,  0x6c,  0x30,  0xa4,  0x30,  0xdb,  0x31,  0x12,  0x31,  0x4a,  0x31,  0x82,  0x31,  0xba,  0x31,
  0xf2,  0x32,  0x2a,  0x32,  0x63,  0x32,  0x9b,  0x32,  0xd4,  0x33,  0x0d,  0x33,  0x46,  0x33,  0x7f,  0x33,
  0xb8,  0x33,  0xf1,  0x34,  0x2b,  0x34,  0x65,  0x34,  0x9e,  0x34,  0xd8,  0x35,  0x13,  0x35,  0x4d,  0x35,
  0x87,  0x35,  0xc2,  0x35,  0xfd,  0x36,  0x37,  0x36,  0x72,  0x36,  0xae,  0x36,  0xe9,  0x37,  0x24,  0x37,
  0x60,  0x37,  0x9c,  0x37,  0xd7,  0x38,  0x14,  0x38,  0x50,  0x38,  0x8c,  0x38,  0xc8,  0x39,  0x05,  0x39,
  0x42,  0x39,  0x7f,  0x39,  0xbc,  0x39,  0xf9,  0x3a,  0x36,  0x3a,  0x74,  0x3a,  0xb2,  0x3a,  0xef,  0x3b,
  0x2d,  0x3b,  0x6b,  0x3b,  0xaa,  0x3b,  0xe8,  0x3c,  0x27,  0x3c,  0x65,  0x3c,  0xa4,  0x3c,  0xe3,  0x3d,
  0x22,  0x3d,  0x61,  0x3d,  0xa1,  0x3d,  0xe0,  0x3e,  0x20,  0x3e,  0x60,  0x3e,  0xa0,  0x3e,  0xe0,  0x3f,
  0x21,  0x3f,  0x61,  0x3f,  0xa2,  0x3f,  0xe2,  0x40,  0x23,  0x40,  0x64,  0x40,  0xa6,  0x40,  0xe7,  0x41,
  0x29,  0x41,  0x6a,  0x41,  0xac,  0x41,  0xee,  0x42,  0x30,  0x42,  0x72,  0x42,  0xb5,  0x42,  0xf7,  0x43,
  0x3a,  0x43,  0x7d,  0x43,  0xc0,  0x44,  0x03,  0x44,  0x47,  0x44,  0x8a,  0x44,  0xce,  0x45,  0x12,  0x45,
  0x55,  0x45,  0x9a,  0x45,  0xde,  0x46,  0x22,  0x46,  0x67,  0x46,  0xab,  0x46,  0xf0,  0x47,  0x35,  0x47,
  0x7b,  0x47,  0xc0,  0x48,  0x05,  0x48,  0x4b,  0x48,  0x91,  0x48,  0xd7,  0x49,  0x1d,  0x49,  0x63,  0x49,
  0xa9,  0x49,  0xf0,  0x4a,  0x37,  0x4a,  0x7d,  0x4a,  0xc4,  0x4b,  0x0c,  0x4b,  0x53,  0x4b,  0x9a,  0x4b,
  0xe2,  0x4c,  0x2a,  0x4c,  0x72,  0x4c,  0xba,  0x4d,  0x02,  0x4d,  0x4a,  0x4d,  0x93,  0x4d,  0xdc,  0x4e,
  0x25,  0x4e,  0x6e,  0x4e,  0xb7,  0x4f,  0x00,  0x4f,  0x49,  0x4f,  0x93,  0x4f,  0xdd,  0x50,  0x27,  0x50,
  0x71,  0x50,  0xbb,  0x51,  0x06,  0x51,  0x50,  0x51,  0x9b,  0x51,  0xe6,  0x52,  0x31,  0x52,  0x7c,  0x52,
  0xc7,  0x53,  0x13,  0x53,  0x5f,  0x53,  0xaa,  0x53,  0xf6,  0x54,  0x42,  0x54,  0x8f,  0x54,  0xdb,  0x55,
  0x28,  0x55,  0x75,  0x55,  0xc2,  0x56,  0x0f,  0x56,  0x5c,  0x56,  0xa9,  0x56,  0xf7,  0x57,  0x44,  0x57,
  0x92,  0x57,  0xe0,  0x58,  0x2f,  0x58,  0x7d,  0x58,  0xcb,  0x59,  0x1a,  0x59,  0x69,  0x59,  0xb8,  0x5a,
  0x07,  0x5a,  0x56,  0x5a,  0xa6,  0x5a,  0xf5,  0x5b,  0x45,  0x5b,  0x95,  0x5b,  0xe5,  0x5c,  0x35,  0x5c,
  0x86,  0x5c,  0xd6,  0x5d,  0x27,  0x5d,  0x78,  0x5d,  0xc9,  0x5e,  0x1a,  0x5e,  0x6c,  0x5e,  0xbd,  0x5f,
  0x0f,  0x5f,  0x61,  0x5f,  0xb3,  0x60,  0x05,  0x60,  0x57,  0x60,  0xaa,  0x60,  0xfc,  0x61,  0x4f,  0x61,
  0xa2,  0x61,  0xf5,  0x62,  0x49,  0x62,  0x9c,  0x62,  0xf0,  0x63,  0x43,  0x63,  0x97,  0x63,  0xeb,  0x64,
  0x40,  0x64,  0x94,  0x64,  0xe9,  0x65,  0x3d,  0x65,  0x92,  0x65,  0xe7,  0x66,  0x3d,  0x66,  0x92,  0x66,
  0xe8,  0x67,  0x3d,  0x67,  0x93,  0x67,  0xe9,  0x68,  0x3f,  0x68,  0x96,  0x68,  0xec,  0x69,  0x43,  0x69,
  0x9a,  0x69,  0xf1,  0x6a,  0x48,  0x6a,  0x9f,  0x6a,  0xf7,  0x6b,  0x4f,  0x6b,  0xa7,  0x6b,  0xff,  0x6c,
  0x57,  0x6c,  0xaf,  0x6d,  0x08,  0x6d,  0x60,  0x6d,  0xb9,  0x6e,  0x12,  0x6e,  0x6b,  0x6e,  0xc4,  0x6f,
  0x1e,  0x6f,  0x78,  0x6f,  0xd1,  0x70,  0x2b,  0x70,  0x86,  0x70,  0xe0,  0x71,  0x3a,  0x71,  0x95,  0x71,
  0xf0,  0x72,  0x4b,  0x72,  0xa6,  0x73,  0x01,  0x73,  0x5d,  0x73,  0xb8,  0x74,  0x14,  0x74,  0x70,  0x74,
  0xcc,  0x75,  0x28,  0x75,  0x85,  0x75,  0xe1,  0x76,  0x3e,  0x76,  0x9b,  0x76,  0xf8,  0x77,  0x56,  0x77,
  0xb3,  0x78,  0x11,  0x78,  0x6e,  0x78,  0xcc,  0x79,  0x2a,  0x79,  0x89,  0x79,  0xe7,  0x7a,  0x46,  0x7a,
  0xa5,  0x7b,  0x04,  0x7b,  0x63,  0x7b,  0xc2,  0x7c,  0x21,  0x7c,  0x81,  0x7c,  0xe1,  0x7d,  0x41,  0x7d,
  0xa1,  0x7e,  0x01,  0x7e,  0x62,  0x7e,  0xc2,  0x7f,  0x23,  0x7f,  0x84,  0x7f,  0xe5,  0x80,  0x47,  0x80,
  0xa8,  0x81,  0x0a,  0x81,  0x6b,  0x81,  0xcd,  0x82,  0x30,  0x82,  0x92,  0x82,  0xf4,  0x83,  0x57,  0x83,
  0xba,  0x84,  0x1d,  0x84,  0x80,  0x84,  0xe3,  0x85,  0x47,  0x85,  0xab,  0x86,  0x0e,  0x86,  0x72,  0x86,
  0xd7,  0x87,  0x3b,  0x87,  0x9f,  0x88,  0x04,  0x88,  0x69,  0x88,  0xce,  0x89,  0x33,  0x89,  0x99,  0x89,
  0xfe,  0x8a,  0x64,  0x8a,  0xca,  0x8b,  0x30,  0x8b,  0x96,  0x8b,  0xfc,  0x8c,  0x63,  0x8c,  0xca,  0x8d,
  0x31,  0x8d,  0x98,  0x8d,  0xff,  0x8e,  0x66,  0x8e,  0xce,  0x8f,  0x36,  0x8f,  0x9e,  0x90,  0x06,  0x90,
  0x6e,  0x90,  0xd6,  0x91,  0x3f,  0x91,  0xa8,  0x92,  0x11,  0x92,  0x7a,  0x92,  0xe3,  0x93,  0x4d,  0x93,
  0xb6,  0x94,  0x20,  0x94,  0x8a,  0x94,  0xf4,  0x95,  0x5f,  0x95,  0xc9,  0x96,  0x34,  0x96,  0x9f,  0x97,
  0x0a,  0x97,  0x75,  0x97,  0xe0,  0x98,  0x4c,  0x98,  0xb8,  0x99,  0x24,  0x99,  0x90,  0x99,  0xfc,  0x9a,
  0x68,  0x9a,  0xd5,  0x9b,  0x42,  0x9b,  0xaf,  0x9c,  0x1c,  0x9c,  0x89,  0x9c,  0xf7,  0x9d,  0x64,  0x9d,
  0xd2,  0x9e,  0x40,  0x9e,  0xae,  0x9f,  0x1d,  0x9f,  0x8b,  0x9f,  0xfa,  0xa0,  0x69,  0xa0,  0xd8,  0xa1,
  0x47,  0xa1,  0xb6,  0xa2,  0x26,  0xa2,  0x96,  0xa3,  0x06,  0xa3,  0x76,  0xa3,  0xe6,  0xa4,  0x56,  0xa4,
  0xc7,  0xa5,  0x38,  0xa5,  0xa9,  0xa6,  0x1a,  0xa6,  0x8b,  0xa6,  0xfd,  0xa7,  0x6e,  0xa7,  0xe0,  0xa8,
  0x52,  0xa8,  0xc4,  0xa9,  0x37,  0xa9,  0xa9,  0xaa,  0x1c,  0xaa,  0x8f,  0xab,  0x02,  0xab,  0x75,  0xab,
  0xe9,  0xac,  0x5c,  0xac,  0xd0,  0xad,  0x44,  0xad,  0xb8,  0xae,  0x2d,  0xae,  0xa1,  0xaf,  0x16,  0xaf,
  0x8b,  0xb0,  0x00,  0xb0,  0x75,  0xb0,  0xea,  0xb1,  0x60,  0xb1,  0xd6,  0xb2,  0x4b,  0xb2,  0xc2,  0xb3,
  0x38,  0xb3,  0xae,  0xb4,  0x25,  0xb4,  0x9c,  0xb5,  0x13,  0xb5,  0x8a,  0xb6,  0x01,  0xb6,  0x79,  0xb6,
  0xf0,  0xb7,  0x68,  0xb7,  0xe0,  0xb8,  0x59,  0xb8,  0xd1,  0xb9,  0x4a,  0xb9,  0xc2,  0xba,  0x3b,  0xba,
  0xb5,  0xbb,  0x2e,  0xbb,  0xa7,  0xbc,  0x21,  0xbc,  0x9b,  0xbd,  0x15,  0xbd,  0x8f,  0xbe,  0x0a,  0xbe,
  0x84,  0xbe,  0xff,  0xbf,  0x7a,  0xbf,  0xf5,  0xc0,  0x70,  0xc0,  0xec,  0xc1,  0x67,  0xc1,  0xe3,  0xc2,
  0x5f,  0xc2,  0xdb,  0xc3,  0x58,  0xc3,  0xd4,  0xc4,  0x51,  0xc4,  0xce,  0xc5,  0x4b,  0xc5,  0xc8,  0xc6,
  0x46,  0xc6,  0xc3,  0xc7,  0x41,  0xc7,  0xbf,  0xc8,  0x3d,  0xc8,  0xbc,  0xc9,  0x3a,  0xc9,  0xb9,  0xca,
  0x38,  0xca,  0xb7,  0xcb,  0x36,  0xcb,  0xb6,  0xcc,  0x35,  0xcc,  0xb5,  0xcd,  0x35,  0xcd,  0xb5,  0xce,
  0x36,  0xce,  0xb6,  0xcf,  0x37,  0xcf,  0xb8,  0xd0,  0x39,  0xd0,  0xba,  0xd1,  0x3c,  0xd1,  0xbe,  0xd2,
  0x3f,  0xd2,  0xc1,  0xd3,  0x44,  0xd3,  0xc6,  0xd4,  0x49,  0xd4,  0xcb,  0xd5,  0x4e,  0xd5,  0xd1,  0xd6,
  0x55,  0xd6,  0xd8,  0xd7,  0x5c,  0xd7,  0xe0,  0xd8,  0x64,  0xd8,  0xe8,  0xd9,  0x6c,  0xd9,  0xf1,  0xda,
  0x76,  0xda,  0xfb,  0xdb,  0x80,  0xdc,  0x05,  0xdc,  0x8a,  0xdd,  0x10,  0xdd,  0x96,  0xde,  0x1c,  0xde,
  0xa2,  0xdf,  0x29,  0xdf,  0xaf,  0xe0,  0x36,  0xe0,  0xbd,  0xe1,  0x44,  0xe1,  0xcc,  0xe2,  0x53,  0xe2,
  0xdb,  0xe3,  0x63,  0xe3,  0xeb,  0xe4,  0x73,  0xe4,  0xfc,  0xe5,  0x84,  0xe6,  0x0d,  0xe6,  0x96,  0xe7,
  0x1f,  0xe7,  0xa9,  0xe8,  0x32,  0xe8,  0xbc,  0xe9,  0x46,  0xe9,  0xd0,  0xea,  0x5b,  0xea,  0xe5,  0xeb,
  0x70,  0xeb,  0xfb,  0xec,  0x86,  0xed,  0x11,  0xed,  0x9c,  0xee,  0x28,  0xee,  0xb4,  0xef,  0x40,  0xef,
  0xcc,  0xf0,  0x58,  0xf0,  0xe5,  0xf1,  0x72,  0xf1,  0xff,  0xf2,  0x8c,  0xf3,  0x19,  0xf3,  0xa7,  0xf4,
  0x34,  0xf4,  0xc2,  0xf5,  0x50,  0xf5,  0xde,  0xf6,  0x6d,  0xf6,  0xfb,  0xf7,  0x8a,  0xf8,  0x19,  0xf8,
  0xa8,  0xf9,  0x38,  0xf9,  0xc7,  0xfa,  0x57,  0xfa,  0xe7,  0xfb,  0x77,  0xfc,  0x07,  0xfc,  0x98,  0xfd,
  0x29,  0xfd,  0xba,  0xfe,  0x4b,  0xfe,  0xdc,  0xff,  0x6d,  0xff,  0xff,  0x63,  0x75,  0x72,  0x76,  0x00,
  0x00,  0x00,  0x00,  0x00,  0x00,  0x04,  0x00,  0x00,  0x00,  0x00,  0x05,  0x00,  0x0a,  0x00,  0x0f,  0x00,
  0x14,  0x00,  0x19,  0x00,  0x1e,  0x00,  0x23,  0x00,  0x28,  0x00,  0x2d,  0x00,  0x32,  0x00,  0x37,  0x00,
  0x3b,  0x00,  0x40,  0x00,  0x45,  0x00,  0x4a,  0x00,  0x4f,  0x00,  0x54,  0x00,  0x59,  0x00,  0x5e,  0x00,
  0x63,  0x00,  0x68,  0x00,  0x6d,  0x00,  0x72,  0x00,  0x77,  0x00,  0x7c,  0x00,  0x81,  0x00,  0x86,  0x00,
  0x8b,  0x00,  0x90,  0x00,  0x95,  0x00,  0x9a,  0x00,  0x9f,  0x00,  0xa4,  0x00,  0xa9,  0x00,  0xae,  0x00,
  0xb2,  0x00,  0xb7,  0x00,  0xbc,  0x00,  0xc1,  0x00,  0xc6,  0x00,  0xcb,  0x00,  0xd0,  0x00,  0xd5,  0x00,
  0xdb,  0x00,  0xe0,  0x00,  0xe5,  0x00,  0xeb,  0x00,  0xf0,  0x00,  0xf6,  0x00,  0xfb,  0x01,  0x01,  0x01,
  0x07,  0x01,  0x0d,  0x01,  0x13,  0x01,  0x19,  0x01,  0x1f,  0x01,  0x25,  0x01,  0x2b,  0x01,  0x32,  0x01,
  0x38,  0x01,  0x3e,  0x01,  0x45,  0x01,  0x4c,  0x01,  0x52,  0x01,  0x59,  0x01,  0x60,  0x01,  0x67,  0x01,
  0x6e,  0x01,  0x75,  0x01,  0x7c,  0x01,  0x83,  0x01,  0x8b,  0x01,  0x92,  0x01,  0x9a,  0x01,  0xa1,  0x01,
  0xa9,  0x01,  0xb1,  0x01,  0xb9,  0x01,  0xc1,  0x01,  0xc9,  0x01,  0xd1,  0x01,  0xd9,  0x01,  0xe1,  0x01,
  0xe9,  0x01,  0xf2,  0x01,  0xfa,  0x02,  0x03,  0x02,  0x0c,  0x02,  0x14,  0x02,  0x1d,  0x02,  0x26,  0x02,
  0x2f,  0x02,  0x38,  0x02,  0x41,  0x02,  0x4b,  0x02,  0x54,  0x02,  0x5d,  0x02,  0x67,  0x02,  0x71,  0x02,
  0x7a,  0x02,  0x84,  0x02,  0x8e,  0x02,  0x98,  0x02,  0xa2,  0x02,  0xac,  0x02,  0xb6,  0x02,  0xc1,  0x02,
  0xcb,  0x02,  0xd5,  0x02,  0xe0,  0x02,  0xeb,  0x02,  0xf5,  0x03,  0x00,  0x03,  0x0b,  0x03,  0x16,  0x03,
  0x21,  0x03,  0x2d,  0x03,  0x38,  0x03,  0x43,  0x03,  0x4f,  0x03,  0x5a,  0x03,  0x66,  0x03,  0x72,  0x03,
  0x7e,  0x03,  0x8a,  0x03,  0x96,  0x03,  0xa2,  0x03,  0xae,  0x03,  0xba,  0x03,  0xc7,  0x03,  0xd3,  0x03,
  0xe0,  0x03,  0xec,  0x03,  0xf9,  0x04,  0x06,  0x04,  0x13,  0x04,  0x20,  0x04,  0x2d,  0x04,  0x3b,  0x04,
  0x48,  0x04,  0x55,  0x04,  0x63,  0x04,  0x71,  0x04,  0x7e,  0x04,  0x8c,  0x04,  0x9a,  0x04,  0xa8,  0x04,
  0xb6,  0x04,  0xc4,  0x04,  0xd3,  0x04,  0xe1,  0x04,  0xf0,  0x04,  0xfe,  0x05,  0x0d,  0x05,  0x1c,  0x05,
  0x2b,  0x05,  0x3a,  0x05,  0x49,  0x05,  0x58,  0x05,  0x67,  0x05,  0x77,  0x05,  0x86,  0x05,  0x96,  0x05,
  0xa6,  0x05,  0xb5,  0x05,  0xc5,  0x05,  0xd5,  0x05,  0xe5,  0x05,  0xf6,  0x06,  0x06,  0x06,  0x16,  0x06,
  0x27,  0x06,  0x37,  0x06,  0x48,  0x06,  0x59,  0x06,  0x6a,  0x06,  0x7b,  0x06,  0x8c,  0x06,  0x9d,  0x06,
  0xaf,  0x06,  0xc0,  0x06,  0xd1,  0x06,  0xe3,  0x06,  0xf5,  0x07,  0x07,  0x07,  0x19,  0x07,  0x2b,  0x07,
  0x3d,  0x07,  0x4f,  0x07,  0x61,  0x07,  0x74,  0x07,  0x86,  0x07,  0x99,  0x07,  0xac,  0x07,  0xbf,  0x07,
  0xd2,  0x07,  0xe5,  0x07,  0xf8,  0x08,  0x0b,  0x08,  0x1f,  0x08,  0x32,  0x08,  0x46,  0x08,  0x5a,  0x08,
  0x6e,  0x08,  0x82,  0x08,  0x96,  0x08,  0xaa,  0x08,  0xbe,  0x08,  0xd2,  0x08,  0xe7,  0x08,  0xfb,  0x09,
  0x10,  0x09,  0x25,  0x09,  0x3a,  0x09,  0x4f,  0x09,  0x64,  0x09,  0x79,  0x09,  0x8f,  0x09,  0xa4,  0x09,
  0xba,  0x09,  0xcf,  0x09,  0xe5,  0x09,  0xfb,  0x0a,  0x11,  0x0a,  0x27,  0x0a,  0x3d,  0x0a,  0x54,  0x0a,
  0x6a,  0x0a,  0x81,  0x0a,  0x98,  0x0a,  0xae,  0x0a,  0xc5,  0x0a,  0xdc,  0x0a,  0xf3,  0x0b,  0x0b,  0x0b,
  0x22,  0x0b,  0x39,  0x0b,  0x51,  0x0b,  0x69,  0x0b,  0x80,  0x0b,  0x98,  0x0b,  0xb0,  0x0b,  0xc8,  0x0b,
  0xe1,  0x0b,  0xf9,  0x0c,  0x12,  0x0c,  0x2a,  0x0c,  0x43,  0x0c,  0x5c,  0x0c,  0x75,  0x0c,  0x8e,  0x0c,
  0xa7,  0x0c,  0xc0,  0x0c,  0xd9,  0x0c,  0xf3,  0x0d,  0x0d,  0x0d,  0x26,  0x0d,  0x40,  0x0d,  0x5a,  0x0d,
  0x74,  0x0d,  0x8e,  0x0d,  0xa9,  0x0d,  0xc3,  0x0d,  0xde,  0x0d,  0xf8,  0x0e,  0x13,  0x0e,  0x2e,  0x0e,
  0x49,  0x0e,  0x64,  0x0e,  0x7f,  0x0e,  0x9b,  0x0e,  0xb6,  0x0e,  0xd2,  0x0e,  0xee,  0x0f,  0x09,  0x0f,
  0x25,  0x0f,  0x41,  0x0f,  0x5e,  0x0f,  0x7a,  0x0f,  0x96,  0x0f,  0xb3,  0x0f,  0xcf,  0x0f,  0xec,  0x10,
  0x09,  0x10,  0x26,  0x10,  0x43,  0x10,  0x61,  0x10,  0x7e,  0x10,  0x9b,  0x10,  0xb9,  0x10,  0xd7,  0x10,
  0xf5,  0x11,  0x13,  0x11,  0x31,  0x11,  0x4f,  0x11,  0x6d,  0x11,  0x8c,  0x11,  0xaa,  0x11,  0xc9,  0x11,
  0xe8,  0x12,  0x07,  0x12,  0x26,  0x12,  0x45,  0x12,  0x64,  0x12,  0x84,  0x12,  0xa3,  0x12,  0xc3,  0x12,
  0xe3,  0x13,  0x03,  0x13,  0x23,  0x13,  0x43,  0x13,  0x63,  0x13,  0x83,  0x13,  0xa4,  0x13,  0xc5,  0x13,
  0xe5,  0x14,  0x06,  0x14,  0x27,  0x14,  0x49,  0x14,  0x6a,  0x14,  0x8b,  0x14,  0xad,  0x14,  0xce,  0x14,
  0xf0,  0x15,  0x12,  0x15,  0x34,  0x15,  0x56,  0x15,  0x78,  0x15,  0x9b,  0x15,  0xbd,  0x15,  0xe0,  0x16,
  0x03,  0x16,  0x26,  0x16,  0x49,  0x16,  0x6c,  0x16,  0x8f,  0x16,  0xb2,  0x16,  0xd6,  0x16,  0xfa,  0x17,
  0x1d,  0x17,  0x41,  0x17,  0x65,  0x17,  0x89,  0x17,  0xae,  0x17,  0xd2,  0x17,  0xf7,  0x18,  0x1b,  0x18,
  0x40,  0x18,  0x65,  0x18,  0x8a,  0x18,  0xaf,  0x18,  0xd5,  0x18,  0xfa,  0x19,  0x20,  0x19,  0x45,  0x19,
  0x6b,  0x19,  0x91,  0x19,  0xb7,  0x19,  0xdd,  0x1a,  0x04,  0x1a,  0x2a,  0x1a,  0x51,  0x1a,  0x77,  0x1a,
  0x9e,  0x1a,  0xc5,  0x1a,  0xec,  0x1b,  0x14,  0x1b,  0x3b,  0x1b,  0x63,  0x1b,  0x8a,  0x1b,  0xb2,  0x1b,
  0xda,  0x1c,  0x02,  0x1c,  0x2a,  0x1c,  0x52,  0x1c,  0x7b,  0x1c,  0xa3,  0x1c,  0xcc,  0x1c,  0xf5,  0x1d,
  0x1e,  0x1d,  0x47,  0x1d,  0x70,  0x1d,  0x99,  0x1d,  0xc3,  0x1d,  0xec,  0x1e,  0x16,  0x1e,  0x40,  0x1e,
  0x6a,  0x1e,  0x94,  0x1e,  0xbe,  0x1e,  0xe9,  0x1f,  0x13,  0x1f,  0x3e,  0x1f,  0x69,  0x1f,  0x94,  0x1f,
  0xbf,  0x1f,  0xea,  0x20,  0x15,  0x20,  0x41,  0x20,  0x6c,  0x20,  0x98,  0x20,  0xc4,  0x20,  0xf0,  0x21,
  0x1c,  0x21,  0x48,  0x21,  0x75,  0x21,  0xa1,  0x21,  0xce,  0x21,  0xfb,  0x22,  0x27,  0x22,  0x55,  0x22,
  0x82,  0x22,  0xaf,  0x22,  0xdd,  0x23,  0x0a,  0x23,  0x38,  0x23,  0x66,  0x23,  0x94,  0x23,  0xc2,  0x23,
  0xf0,  0x24,  0x1f,  0x24,  0x4d,  0x24,  0x7c,  0x24,  0xab,  0x24,  0xda,  0x25,  0x09,  0x25,  0x38,  0x25,
  0x68,  0x25,  0x97,  0x25,  0xc7,  0x25,  0xf7,  0x26,  0x27,  0x26,  0x57,  0x26,  0x87,  0x26,  0xb7,  0x26,
  0xe8,  0x27,  0x18,  0x27,  0x49,  0x27,  0x7a,  0x27,  0xab,  0x27,  0xdc,  0x28,  0x0d,  0x28,  0x3f,  0x28,
  0x71,  0x28,  0xa2,  0x28,  0xd4,  0x29,  0x06,  0x29,  0x38,  0x29,  0x6b,  0x29,  0x9d,  0x29,  0xd0,  0x2a,
  0x02,  0x2a,  0x35,  0x2a,  0x68,  0x2a,  0x9b,  0x2a,  0xcf,  0x2b,  0x02,  0x2b,  0x36,  0x2b,  0x69,  0x2b,
  0x9d,  0x2b,  0xd1,  0x2c,  0x05,  0x2c,  0x39,  0x2c,  0x6e,  0x2c,  0xa2,  0x2c,  0xd7,  0x2d,  0x0c,  0x2d,
  0x41,  0x2d,  0x76,  0x2d,  0xab,  0x2d,  0xe1,  0x2e,  0x16,  0x2e,  0x4c,  0x2e,  0x82,  0x2e,  0xb7,  0x2e,
  0xee,  0x2f,  0x24,  0x2f,  0x5a,  0x2f,  0x91,  0x2f,  0xc7,  0x2f,  0xfe,  0x30,  0x35,  0x30,  0x6c,  0x30,
  0xa4,  0x30,  0xdb,  0x31,  0x12,  0x31,  0x4a,  0x31,  0x82,  0x31,  0xba,  0x31,  0xf2,  0x32,  0x2a,  0x32,
  0x63,  0x32,  0x9b,  0x32,  0xd4,  0x33,  0x0d,  0x33,  0x46,  0x33,  0x7f,  0x33,  0xb8,  0x33,  0xf1,  0x34,
  0x2b,  0x34,  0x65,  0x34,  0x9e,  0x34,  0xd8,  0x35,  0x13,  0x35,  0x4d,  0x35,  0x87,  0x35,  0xc2,  0x35,
  0xfd,  0x36,  0x37,  0x36,  0x72,  0x36,  0xae,  0x36,  0xe9,  0x37,  0x24,  0x37,  0x60,  0x37,  0x9c,  0x37,
  0xd7,  0x38,  0x14,  0x38,  0x50,  0x38,  0x8c,  0x38,  0xc8,  0x39,  0x05,  0x39,  0x42,  0x39,  0x7f,  0x39,
  0xbc,  0x39,  0xf9,  0x3a,  0x36,  0x3a,  0x74,  0x3a,  0xb2,  0x3a,  0xef,  0x3b,  0x2d,  0x3b,  0x6b,  0x3b,
  0xaa,  0x3b,  0xe8,  0x3c,  0x27,  0x3c,  0x65,  0x3c,  0xa4,  0x3c,  0xe3,  0x3d,  0x22,  0x3d,  0x61,  0x3d,
  0xa1,  0x3d,  0xe0,  0x3e,  0x20,  0x3e,  0x60,  0x3e,  0xa0,  0x3e,  0xe0,  0x3f,  0x21,  0x3f,  0x61,  0x3f,
  0xa2,  0x3f,  0xe2,  0x40,  0x23,  0x40,  0x64,  0x40,  0xa6,  0x40,  0xe7,  0x41,  0x29,  0x41,  0x6a,  0x41,
  0xac,  0x41,  0xee,  0x42,  0x30,  0x42,  0x72,  0x42,  0xb5,  0x42,  0xf7,  0x43,  0x3a,  0x43,  0x7d,  0x43,
  0xc0,  0x44,  0x03,  0x44,  0x47,  0x44,  0x8a,  0x44,  0xce,  0x45,  0x12,  0x45,  0x55,  0x45,  0x9a,  0x45,
  0xde,  0x46,  0x22,  0x46,  0x67,  0x46,  0xab,  0x46,  0xf0,  0x47,  0x35,  0x47,  0x7b,  0x47,  0xc0,  0x48,
  0x05,  0x48,  0x4b,  0x48,  0x91,  0x48,  0xd7,  0x49,  0x1d,  0x49,  0x63,  0x49,  0xa9,  0x49,  0xf0,  0x4a,
  0x37,  0x4a,  0x7d,  0x4a,  0xc4,  0x4b,  0x0c,  0x4b,  0x53,  0x4b,  0x9a,  0x4b,  0xe2,  0x4c,  0x2a,  0x4c,
  0x72,  0x4c,  0xba,  0x4d,  0x02,  0x4d,  0x4a,  0x4d,  0x93,  0x4d,  0xdc,  0x4e,  0x25,  0x4e,  0x6e,  0x4e,
  0xb7,  0x4f,  0x00,  0x4f,  0x49,  0x4f,  0x93,  0x4f,  0xdd,  0x50,  0x27,  0x50,  0x71,  0x50,  0xbb,  0x51,
  0x06,  0x51,  0x50,  0x51,  0x9b,  0x51,  0xe6,  0x52,  0x31,  0x52,  0x7c,  0x52,  0xc7,  0x53,  0x13,  0x53,
  0x5f,  0x53,  0xaa,  0x53,  0xf6,  0x54,  0x42,  0x54,  0x8f,  0x54,  0xdb,  0x55,  0x28,  0x55,  0x75,  0x55,
  0xc2,  0x56,  0x0f,  0x56,  0x5c,  0x56,  0xa9,  0x56,  0xf7,  0x57,  0x44,  0x57,  0x92,  0x57,  0xe0,  0x58,
  0x2f,  0x58,  0x7d,  0x58,  0xcb,  0x59,  0x1a,  0x59,  0x69,  0x59,  0xb8,  0x5a,  0x07,  0x5a,  0x56,  0x5a,
  0xa6,  0x5a,  0xf5,  0x5b,  0x45,  0x5b,  0x95,  0x5b,  0xe5,  0x5c,  0x35,  0x5c,  0x86,  0x5c,  0xd6,  0x5d,
  0x27,  0x5d,  0x78,  0x5d,  0xc9,  0x5e,  0x1a,  0x5e,  0x6c,  0x5e,  0xbd,  0x5f,  0x0f,  0x5f,  0x61,  0x5f,
  0xb3,  0x60,  0x05,  0x60,  0x57,  0x60,  0xaa,  0x60,  0xfc,  0x61,  0x4f,  0x61,  0xa2,  0x61,  0xf5,  0x62,
  0x49,  0x62,  0x9c,  0x62,  0xf0,  0x63,  0x43,  0x63,  0x97,  0x63,  0xeb,  0x64,  0x40,  0x64,  0x94,  0x64,
  0xe9,  0x65,  0x3d,  0x65,  0x92,  0x65,  0xe7,  0x66,  0x3d,  0x66,  0x92,  0x66,  0xe8,  0x67,  0x3d,  0x67,
  0x93,  0x67,  0xe9,  0x68,  0x3f,  0x68,  0x96,  0x68,  0xec,  0x69,  0x43,  0x69,  0x9a,  0x69,  0xf1,  0x6a,
  0x48,  0x6a,  0x9f,  0x6a,  0xf7,  0x6b,  0x4f,  0x6b,  0xa7,  0x6b,  0xff,  0x6c,  0x57,  0x6c,  0xaf,  0x6d,
  0x08,  0x6d,  0x60,  0x6d,  0xb9,  0x6e,  0x12,  0x6e,  0x6b,  0x6e,  0xc4,  0x6f,  0x1e,  0x6f,  0x78,  0x6f,
  0xd1,  0x70,  0x2b,  0x70,  0x86,  0x70,  0xe0,  0x71,  0x3a,  0x71,  0x95,  0x71,  0xf0,  0x72,  0x4b,  0x72,
  0xa6,  0x73,  0x01,  0x73,  0x5d,  0x73,  0xb8,  0x74,  0x14,  0x74,  0x70,  0x74,  0xcc,  0x75,  0x28,  0x75,
  0x85,  0x75,  0xe1,  0x76,  0x3e,  0x76,  0x9b,  0x76,  0xf8,  0x77,  0x56,  0x77,  0xb3,  0x78,  0x11,  0x78,
  0x6e,  0x78,  0xcc,  0x79,  0x2a,  0x79,  0x89,  0x79,  0xe7,  0x7a,  0x46,  0x7a,  0xa5,  0x7b,  0x04,  0x7b,
  0x63,  0x7b,  0xc2,  0x7c,  0x21,  0x7c,  0x81,  0x7c,  0xe1,  0x7d,  0x41,  0x7d,  0xa1,  0x7e,  0x01,  0x7e,
  0x62,  0x7e,  0xc2,  0x7f,  0x23,  0x7f,  0x84,  0x7f,  0xe5,  0x80,  0x47,  0x80,  0xa8,  0x81,  0x0a,  0x81,
  0x6b,  0x81,  0xcd,  0x82,  0x30,  0x82,  0x92,  0x82,  0xf4,  0x83,  0x57,  0x83,  0xba,  0x84,  0x1d,  0x84,
  0x80,  0x84,  0xe3,  0x85,  0x47,  0x85,  0xab,  0x86,  0x0e,  0x86,  0x72,  0x86,  0xd7,  0x87,  0x3b,  0x87,
  0x9f,  0x88,  0x04,  0x88,  0x69,  0x88,  0xce,  0x89,  0x33,  0x89,  0x99,  0x89,  0xfe,  0x8a,  0x64,  0x8a,
  0xca,  0x8b,  0x30,  0x8b,  0x96,  0x8b,  0xfc,  0x8c,  0x63,  0x8c,  0xca,  0x8d,  0x31,  0x8d,  0x98,  0x8d,
  0xff,  0x8e,  0x66,  0x8e,  0xce,  0x8f,  0x36,  0x8f,  0x9e,  0x90,  0x06,  0x90,  0x6e,  0x90,  0xd6,  0x91,
  0x3f,  0x91,  0xa8,  0x92,  0x11,  0x92,  0x7a,  0x92,  0xe3,  0x93,  0x4d,  0x93,  0xb6,  0x94,  0x20,  0x94,
  0x8a,  0x94,  0xf4,  0x95,  0x5f,  0x95,  0xc9,  0x96,  0x34,  0x96,  0x9f,  0x97,  0x0a,  0x97,  0x75,  0x97,
  0xe0,  0x98,  0x4c,  0x98,  0xb8,  0x99,  0x24,  0x99,  0x90,  0x99,  0xfc,  0x9a,  0x68,  0x9a,  0xd5,  0x9b,
  0x42,  0x9b,  0xaf,  0x9c,  0x1c,  0x9c,  0x89,  0x9c,  0xf7,  0x9d,  0x64,  0x9d,  0xd2,  0x9e,  0x40,  0x9e,
  0xae,  0x9f,  0x1d,  0x9f,  0x8b,  0x9f,  0xfa,  0xa0,  0x69,  0xa0,  0xd8,  0xa1,  0x47,  0xa1,  0xb6,  0xa2,
  0x26,  0xa2,  0x96,  0xa3,  0x06,  0xa3,  0x76,  0xa3,  0xe6,  0xa4,  0x56,  0xa4,  0xc7,  0xa5,  0x38,  0xa5,
  0xa9,  0xa6,  0x1a,  0xa6,  0x8b,  0xa6,  0xfd,  0xa7,  0x6e,  0xa7,  0xe0,  0xa8,  0x52,  0xa8,  0xc4,  0xa9,
  0x37,  0xa9,  0xa9,  0xaa,  0x1c,  0xaa,  0x8f,  0xab,  0x02,  0xab,  0x75,  0xab,  0xe9,  0xac,  0x5c,  0xac,
  0xd0,  0xad,  0x44,  0xad,  0xb8,  0xae,  0x2d,  0xae,  0xa1,  0xaf,  0x16,  0xaf,  0x8b,  0xb0,  0x00,  0xb0,
  0x75,  0xb0,  0xea,  0xb1,  0x60,  0xb1,  0xd6,  0xb2,  0x4b,  0xb2,  0xc2,  0xb3,  0x38,  0xb3,  0xae,  0xb4,
  0x25,  0xb4,  0x9c,  0xb5,  0x13,  0xb5,  0x8a,  0xb6,  0x01,  0xb6,  0x79,  0xb6,  0xf0,  0xb7,  0x68,  0xb7,
  0xe0,  0xb8,  0x59,  0xb8,  0xd1,  0xb9,  0x4a,  0xb9,  0xc2,  0xba,  0x3b,  0xba,  0xb5,  0xbb,  0x2e,  0xbb,
  0xa7,  0xbc,  0x21,  0xbc,  0x9b,  0xbd,  0x15,  0xbd,  0x8f,  0xbe,  0x0a,  0xbe,  0x84,  0xbe,  0xff,  0xbf,
  0x7a,  0xbf,  0xf5,  0xc0,  0x70,  0xc0,  0xec,  0xc1,  0x67,  0xc1,  0xe3,  0xc2,  0x5f,  0xc2,  0xdb,  0xc3,
  0x58,  0xc3,  0xd4,  0xc4,  0x51,  0xc4,  0xce,  0xc5,  0x4b,  0xc5,  0xc8,  0xc6,  0x46,  0xc6,  0xc3,  0xc7,
  0x41,  0xc7,  0xbf,  0xc8,  0x3d,  0xc8,  0xbc,  0xc9,  0x3a,  0xc9,  0xb9,  0xca,  0x38,  0xca,  0xb7,  0xcb,
  0x36,  0xcb,  0xb6,  0xcc,  0x35,  0xcc,  0xb5,  0xcd,  0x35,  0xcd,  0xb5,  0xce,  0x36,  0xce,  0xb6,  0xcf,
  0x37,  0xcf,  0xb8,  0xd0,  0x39,  0xd0,  0xba,  0xd1,  0x3c,  0xd1,  0xbe,  0xd2,  0x3f,  0xd2,  0xc1,  0xd3,
  0x44,  0xd3,  0xc6,  0xd4,  0x49,  0xd4,  0xcb,  0xd5,  0x4e,  0xd5,  0xd1,  0xd6,  0x55,  0xd6,  0xd8,  0xd7,
  0x5c,  0xd7,  0xe0,  0xd8,  0x64,  0xd8,  0xe8,  0xd9,  0x6c,  0xd9,  0xf1,  0xda,  0x76,  0xda,  0xfb,  0xdb,
  0x80,  0xdc,  0x05,  0xdc,  0x8a,  0xdd,  0x10,  0xdd,  0x96,  0xde,  0x1c,  0xde,  0xa2,  0xdf,  0x29,  0xdf,
  0xaf,  0xe0,  0x36,  0xe0,  0xbd,  0xe1,  0x44,  0xe1,  0xcc,  0xe2,  0x53,  0xe2,  0xdb,  0xe3,  0x63,  0xe3,
  0xeb,  0xe4,  0x73,  0xe4,  0xfc,  0xe5,  0x84,  0xe6,  0x0d,  0xe6,  0x96,  0xe7,  0x1f,  0xe7,  0xa9,  0xe8,
  0x32,  0xe8,  0xbc,  0xe9,  0x46,  0xe9,  0xd0,  0xea,  0x5b,  0xea,  0xe5,  0xeb,  0x70,  0xeb,  0xfb,  0xec,
  0x86,  0xed,  0x11,  0xed,  0x9c,  0xee,  0x28,  0xee,  0xb4,  0xef,  0x40,  0xef,  0xcc,  0xf0,  0x58,  0xf0,
  0xe5,  0xf1,  0x72,  0xf1,  0xff,  0xf2,  0x8c,  0xf3,  0x19,  0xf3,  0xa7,  0xf4,  0x34,  0xf4,  0xc2,  0xf5,
  0x50,  0xf5,  0xde,  0xf6,  0x6d,  0xf6,  0xfb,  0xf7,  0x8a,  0xf8,  0x19,  0xf8,  0xa8,  0xf9,  0x38,  0xf9,
  0xc7,  0xfa,  0x57,  0xfa,  0xe7,  0xfb,  0x77,  0xfc,  0x07,  0xfc,  0x98,  0xfd,  0x29,  0xfd,  0xba,  0xfe,
  0x4b,  0xfe,  0xdc,  0xff,  0x6d,  0xff,  0xff,  0x63,  0x75,  0x72,  0x76,  0x00,  0x00,  0x00,  0x00,  0x00,
  0x00,  0x04,  0x00,  0x00,  0x00,  0x00,  0x05,  0x00,  0x0a,  0x00,  0x0f,  0x00,  0x14,  0x00,  0x19,  0x00,
  0x1e,  0x00,  0x23,  0x00,  0x28,  0x00,  0x2d,  0x00,  0x32,  0x00,  0x37,  0x00,  0x3b,  0x00,  0x40,  0x00,
  0x45,  0x00,  0x4a,  0x00,  0x4f,  0x00,  0x54,  0x00,  0x59,  0x00,  0x5e,  0x00,  0x63,  0x00,  0x68,  0x00,
  0x6d,  0x00,  0x72,  0x00,  0x77,  0x00,  0x7c,  0x00,  0x81,  0x00,  0x86,  0x00,  0x8b,  0x00,  0x90,  0x00,
  0x95,  0x00,  0x9a,  0x00,  0x9f,  0x00,  0xa4,  0x00,  0xa9,  0x00,  0xae,  0x00,  0xb2,  0x00,  0xb7,  0x00,
  0xbc,  0x00,  0xc1,  0x00,  0xc6,  0x00,  0xcb,  0x00,  0xd0,  0x00,  0xd5,  0x00,  0xdb,  0x00,  0xe0,  0x00,
  0xe5,  0x00,  0xeb,  0x00,  0xf0,  0x00,  0xf6,  0x00,  0xfb,  0x01,  0x01,  0x01,  0x07,  0x01,  0x0d,  0x01,
  0x13,  0x01,  0x19,  0x01,  0x1f,  0x01,  0x25,  0x01,  0x2b,  0x01,  0x32,  0x01,  0x38,  0x01,  0x3e,  0x01,
  0x45,  0x01,  0x4c,  0x01,  0x52,  0x01,  0x59,  0x01,  0x60,  0x01,  0x67,  0x01,  0x6e,  0x01,  0x75,  0x01,
  0x7c,  0x01,  0x83,  0x01,  0x8b,  0x01,  0x92,  0x01,  0x9a,  0x01,  0xa1,  0x01,  0xa9,  0x01,  0xb1,  0x01,
  0xb9,  0x01,  0xc1,  0x01,  0xc9,  0x01,  0xd1,  0x01,  0xd9,  0x01,  0xe1,  0x01,  0xe9,  0x01,  0xf2,  0x01,
  0xfa,  0x02,  0x03,  0x02,  0x0c,  0x02,  0x14,  0x02,  0x1d,  0x02,  0x26,  0x02,  0x2f,  0x02,  0x38,  0x02,
  0x41,  0x02,  0x4b,  0x02,  0x54,  0x02,  0x5d,  0x02,  0x67,  0x02,  0x71,  0x02,  0x7a,  0x02,  0x84,  0x02,
  0x8e,  0x02,  0x98,  0x02,  0xa2,  0x02,  0xac,  0x02,  0xb6,  0x02,  0xc1,  0x02,  0xcb,  0x02,  0xd5,  0x02,
  0xe0,  0x02,  0xeb,  0x02,  0xf5,  0x03,  0x00,  0x03,  0x0b,  0x03,  0x16,  0x03,  0x21,  0x03,  0x2d,  0x03,
  0x38,  0x03,  0x43,  0x03,  0x4f,  0x03,  0x5a,  0x03,  0x66,  0x03,  0x72,  0x03,  0x7e,  0x03,  0x8a,  0x03,
  0x96,  0x03,  0xa2,  0x03,  0xae,  0x03,  0xba,  0x03,  0xc7,  0x03,  0xd3,  0x03,  0xe0,  0x03,  0xec,  0x03,
  0xf9,  0x04,  0x06,  0x04,  0x13,  0x04,  0x20,  0x04,  0x2d,  0x04,  0x3b,  0x04,  0x48,  0x04,  0x55,  0x04,
  0x63,  0x04,  0x71,  0x04,  0x7e,  0x04,  0x8c,  0x04,  0x9a,  0x04,  0xa8,  0x04,  0xb6,  0x04,  0xc4,  0x04,
  0xd3,  0x04,  0xe1,  0x04,  0xf0,  0x04,  0xfe,  0x05,  0x0d,  0x05,  0x1c,  0x05,  0x2b,  0x05,  0x3a,  0x05,
  0x49,  0x05,  0x58,  0x05,  0x67,  0x05,  0x77,  0x05,  0x86,  0x05,  0x96,  0x05,  0xa6,  0x05,  0xb5,  0x05,
  0xc5,  0x05,  0xd5,  0x05,  0xe5,  0x05,  0xf6,  0x06,  0x06,  0x06,  0x16,  0x06,  0x27,  0x06,  0x37,  0x06,
  0x48,  0x06,  0x59,  0x06,  0x6a,  0x06,  0x7b,  0x06,  0x8c,  0x06,  0x9d,  0x06,  0xaf,  0x06,  0xc0,  0x06,
  0xd1,  0x06,  0xe3,  0x06,  0xf5,  0x07,  0x07,  0x07,  0x19,  0x07,  0x2b,  0x07,  0x3d,  0x07,  0x4f,  0x07,
  0x61,  0x07,  0x74,  0x07,  0x86,  0x07,  0x99,  0x07,  0xac,  0x07,  0xbf,  0x07,  0xd2,  0x07,  0xe5,  0x07,
  0xf8,  0x08,  0x0b,  0x08,  0x1f,  0x08,  0x32,  0x08,  0x46,  0x08,  0x5a,  0x08,  0x6e,  0x08,  0x82,  0x08,
  0x96,  0x08,  0xaa,  0x08,  0xbe,  0x08,  0xd2,  0x08,  0xe7,  0x08,  0xfb,  0x09,  0x10,  0x09,  0x25,  0x09,
  0x3a,  0x09,  0x4f,  0x09,  0x64,  0x09,  0x79,  0x09,  0x8f,  0x09,  0xa4,  0x09,  0xba,  0x09,  0xcf,  0x09,
  0xe5,  0x09,  0xfb,  0x0a,  0x11,  0x0a,  0x27,  0x0a,  0x3d,  0x0a,  0x54,  0x0a,  0x6a,  0x0a,  0x81,  0x0a,
  0x98,  0x0a,  0xae,  0x0a,  0xc5,  0x0a,  0xdc,  0x0a,  0xf3,  0x0b,  0x0b,  0x0b,  0x22,  0x0b,  0x39,  0x0b,
  0x51,  0x0b,  0x69,  0x0b,  0x80,  0x0b,  0x98,  0x0b,  0xb0,  0x0b,  0xc8,  0x0b,  0xe1,  0x0b,  0xf9,  0x0c,
  0x12,  0x0c,  0x2a,  0x0c,  0x43,  0x0c,  0x5c,  0x0c,  0x75,  0x0c,  0x8e,  0x0c,  0xa7,  0x0c,  0xc0,  0x0c,
  0xd9,  0x0c,  0xf3,  0x0d,  0x0d,  0x0d,  0x26,  0x0d,  0x40,  0x0d,  0x5a,  0x0d,  0x74,  0x0d,  0x8e,  0x0d,
  0xa9,  0x0d,  0xc3,  0x0d,  0xde,  0x0d,  0xf8,  0x0e,  0x13,  0x0e,  0x2e,  0x0e,  0x49,  0x0e,  0x64,  0x0e,
  0x7f,  0x0e,  0x9b,  0x0e,  0xb6,  0x0e,  0xd2,  0x0e,  0xee,  0x0f,  0x09,  0x0f,  0x25,  0x0f,  0x41,  0x0f,
  0x5e,  0x0f,  0x7a,  0x0f,  0x96,  0x0f,  0xb3,  0x0f,  0xcf,  0x0f,  0xec,  0x10,  0x09,  0x10,  0x26,  0x10,
  0x43,  0x10,  0x61,  0x10,  0x7e,  0x10,  0x9b,  0x10,  0xb9,  0x10,  0xd7,  0x10,  0xf5,  0x11,  0x13,  0x11,
  0x31,  0x11,  0x4f,  0x11,  0x6d,  0x11,  0x8c,  0x11,  0xaa,  0x11,  0xc9,  0x11,  0xe8,  0x12,  0x07,  0x12,
  0x26,  0x12,  0x45,  0x12,  0x64,  0x12,  0x84,  0x12,  0xa3,  0x12,  0xc3,  0x12,  0xe3,  0x13,  0x03,  0x13,
  0x23,  0x13,  0x43,  0x13,  0x63,  0x13,  0x83,  0x13,  0xa4,  0x13,  0xc5,  0x13,  0xe5,  0x14,  0x06,  0x14,
  0x27,  0x14,  0x49,  0x14,  0x6a,  0x14,  0x8b,  0x14,  0xad,  0x14,  0xce,  0x14,  0xf0,  0x15,  0x12,  0x15,
  0x34,  0x15,  0x56,  0x15,  0x78,  0x15,  0x9b,  0x15,  0xbd,  0x15,  0xe0,  0x16,  0x03,  0x16,  0x26,  0x16,
  0x49,  0x16,  0x6c,  0x16,  0x8f,  0x16,  0xb2,  0x16,  0xd6,  0x16,  0xfa,  0x17,  0x1d,  0x17,  0x41,  0x17,
  0x65,  0x17,  0x89,  0x17,  0xae,  0x17,  0xd2,  0x17,  0xf7,  0x18,  0x1b,  0x18,  0x40,  0x18,  0x65,  0x18,
  0x8a,  0x18,  0xaf,  0x18,  0xd5,  0x18,  0xfa,  0x19,  0x20,  0x19,  0x45,  0x19,  0x6b,  0x19,  0x91,  0x19,
  0xb7,  0x19,  0xdd,  0x1a,  0x04,  0x1a,  0x2a,  0x1a,  0x51,  0x1a,  0x77,  0x1a,  0x9e,  0x1a,  0xc5,  0x1a,
  0xec,  0x1b,  0x14,  0x1b,  0x3b,  0x1b,  0x63,  0x1b,  0x8a,  0x1b,  0xb2,  0x1b,  0xda,  0x1c,  0x02,  0x1c,
  0x2a,  0x1c,  0x52,  0x1c,  0x7b,  0x1c,  0xa3,  0x1c,  0xcc,  0x1c,  0xf5,  0x1d,  0x1e,  0x1d,  0x47,  0x1d,
  0x70,  0x1d,  0x99,  0x1d,  0xc3,  0x1d,  0xec,  0x1e,  0x16,  0x1e,  0x40,  0x1e,  0x6a,  0x1e,  0x94,  0x1e,
  0xbe,  0x1e,  0xe9,  0x1f,  0x13,  0x1f,  0x3e,  0x1f,  0x69,  0x1f,  0x94,  0x1f,  0xbf,  0x1f,  0xea,  0x20,
  0x15,  0x20,  0x41,  0x20,  0x6c,  0x20,  0x98,  0x20,  0xc4,  0x20,  0xf0,  0x21,  0x1c,  0x21,  0x48,  0x21,
  0x75,  0x21,  0xa1,  0x21,  0xce,  0x21,  0xfb,  0x22,  0x27,  0x22,  0x55,  0x22,  0x82,  0x22,  0xaf,  0x22,
  0xdd,  0x23,  0x0a,  0x23,  0x38,  0x23,  0x66,  0x23,  0x94,  0x23,  0xc2,  0x23,  0xf0,  0x24,  0x1f,  0x24,
  0x4d,  0x24,  0x7c,  0x24,  0xab,  0x24,  0xda,  0x25,  0x09,  0x25,  0x38,  0x25,  0x68,  0x25,  0x97,  0x25,
  0xc7,  0x25,  0xf7,  0x26,  0x27,  0x26,  0x57,  0x26,  0x87,  0x26,  0xb7,  0x26,  0xe8,  0x27,  0x18,  0x27,
  0x49,  0x27,  0x7a,  0x27,  0xab,  0x27,  0xdc,  0x28,  0x0d,  0x28,  0x3f,  0x28,  0x71,  0x28,  0xa2,  0x28,
  0xd4,  0x29,  0x06,  0x29,  0x38,  0x29,  0x6b,  0x29,  0x9d,  0x29,  0xd0,  0x2a,  0x02,  0x2a,  0x35,  0x2a,
  0x68,  0x2a,  0x9b,  0x2a,  0xcf,  0x2b,  0x02,  0x2b,  0x36,  0x2b,  0x69,  0x2b,  0x9d,  0x2b,  0xd1,  0x2c,
  0x05,  0x2c,  0x39,  0x2c,  0x6e,  0x2c,  0xa2,  0x2c,  0xd7,  0x2d,  0x0c,  0x2d,  0x41,  0x2d,  0x76,  0x2d,
  0xab,  0x2d,  0xe1,  0x2e,  0x16,  0x2e,  0x4c,  0x2e,  0x82,  0x2e,  0xb7,  0x2e,  0xee,  0x2f,  0x24,  0x2f,
  0x5a,  0x2f,  0x91,  0x2f,  0xc7,  0x2f,  0xfe,  0x30,  0x35,  0x30,  0x6c,  0x30,  0xa4,  0x30,  0xdb,  0x31,
  0x12,  0x31,  0x4a,  0x31,  0x82,  0x31,  0xba,  0x31,  0xf2,  0x32,  0x2a,  0x32,  0x63,  0x32,  0x9b,  0x32,
  0xd4,  0x33,  0x0d,  0x33,  0x46,  0x33,  0x7f,  0x33,  0xb8,  0x33,  0xf1,  0x34,  0x2b,  0x34,  0x65,  0x34,
  0x9e,  0x34,  0xd8,  0x35,  0x13,  0x35,  0x4d,  0x35,  0x87,  0x35,  0xc2,  0x35,  0xfd,  0x36,  0x37,  0x36,
  0x72,  0x36,  0xae,  0x36,  0xe9,  0x37,  0x24,  0x37,  0x60,  0x37,  0x9c,  0x37,  0xd7,  0x38,  0x14,  0x38,
  0x50,  0x38,  0x8c,  0x38,  0xc8,  0x39,  0x05,  0x39,  0x42,  0x39,  0x7f,  0x39,  0xbc,  0x39,  0xf9,  0x3a,
  0x36,  0x3a,  0x74,  0x3a,  0xb2,  0x3a,  0xef,  0x3b,  0x2d,  0x3b,  0x6b,  0x3b,  0xaa,  0x3b,  0xe8,  0x3c,
  0x27,  0x3c,  0x65,  0x3c,  0xa4,  0x3c,  0xe3,  0x3d,  0x22,  0x3d,  0x61,  0x3d,  0xa1,  0x3d,  0xe0,  0x3e,
  0x20,  0x3e,  0x60,  0x3e,  0xa0,  0x3e,  0xe0,  0x3f,  0x21,  0x3f,  0x61,  0x3f,  0xa2,  0x3f,  0xe2,  0x40,
  0x23,  0x40,  0x64,  0x40,  0xa6,  0x40,  0xe7,  0x41,  0x29,  0x41,  0x6a,  0x41,  0xac,  0x41,  0xee,  0x42,
  0x30,  0x42,  0x72,  0x42,  0xb5,  0x42,  0xf7,  0x43,  0x3a,  0x43,  0x7d,  0x43,  0xc0,  0x44,  0x03,  0x44,
  0x47,  0x44,  0x8a,  0x44,  0xce,  0x45,  0x12,  0x45,  0x55,  0x45,  0x9a,  0x45,  0xde,  0x46,  0x22,  0x46,
  0x67,  0x46,  0xab,  0x46,  0xf0,  0x47,  0x35,  0x47,  0x7b,  0x47,  0xc0,  0x48,  0x05,  0x48,  0x4b,  0x48,
  0x91,  0x48,  0xd7,  0x49,  0x1d,  0x49,  0x63,  0x49,  0xa9,  0x49,  0xf0,  0x4a,  0x37,  0x4a,  0x7d,  0x4a,
  0xc4,  0x4b,  0x0c,  0x4b,  0x53,  0x4b,  0x9a,  0x4b,  0xe2,  0x4c,  0x2a,  0x4c,  0x72,  0x4c,  0xba,  0x4d,
  0x02,  0x4d,  0x4a,  0x4d,  0x93,  0x4d,  0xdc,  0x4e,  0x25,  0x4e,  0x6e,  0x4e,  0xb7,  0x4f,  0x00,  0x4f,
  0x49,  0x4f,  0x93,  0x4f,  0xdd,  0x50,  0x27,  0x50,  0x71,  0x50,  0xbb,  0x51,  0x06,  0x51,  0x50,  0x51,
  0x9b,  0x51,  0xe6,  0x52,  0x31,  0x52,  0x7c,  0x52,  0xc7,  0x53,  0x13,  0x53,  0x5f,  0x53,  0xaa,  0x53,
  0xf6,  0x54,  0x42,  0x54,  0x8f,  0x54,  0xdb,  0x55,  0x28,  0x55,  0x75,  0x55,  0xc2,  0x56,  0x0f,  0x56,
  0x5c,  0x56,  0xa9,  0x56,  0xf7,  0x57,  0x44,  0x57,  0x92,  0x57,  0xe0,  0x58,  0x2f,  0x58,  0x7d,  0x58,
  0xcb,  0x59,  0x1a,  0x59,  0x69,  0x59,  0xb8,  0x5a,  0x07,  0x5a,  0x56,  0x5a,  0xa6,  0x5a,  0xf5,  0x5b,
  0x45,  0x5b,  0x95,  0x5b,  0xe5,  0x5c,  0x35,  0x5c,  0x86,  0x5c,  0xd6,  0x5d,  0x27,  0x5d,  0x78,  0x5d,
  0xc9,  0x5e,  0x1a,  0x5e,  0x6c,  0x5e,  0xbd,  0x5f,  0x0f,  0x5f,  0x61,  0x5f,  0xb3,  0x60,  0x05,  0x60,
  0x57,  0x60,  0xaa,  0x60,  0xfc,  0x61,  0x4f,  0x61,  0xa2,  0x61,  0xf5,  0x62,  0x49,  0x62,  0x9c,  0x62,
  0xf0,  0x63,  0x43,  0x63,  0x97,  0x63,  0xeb,  0x64,  0x40,  0x64,  0x94,  0x64,  0xe9,  0x65,  0x3d,  0x65,
  0x92,  0x65,  0xe7,  0x66,  0x3d,  0x66,  0x92,  0x66,  0xe8,  0x67,  0x3d,  0x67,  0x93,  0x67,  0xe9,  0x68,
  0x3f,  0x68,  0x96,  0x68,  0xec,  0x69,  0x43,  0x69,  0x9a,  0x69,  0xf1,  0x6a,  0x48,  0x6a,  0x9f,  0x6a,
  0xf7,  0x6b,  0x4f,  0x6b,  0xa7,  0x6b,  0xff,  0x6c,  0x57,  0x6c,  0xaf,  0x6d,  0x08,  0x6d,  0x60,  0x6d,
  0xb9,  0x6e,  0x12,  0x6e,  0x6b,  0x6e,  0xc4,  0x6f,  0x1e,  0x6f,  0x78,  0x6f,  0xd1,  0x70,  0x2b,  0x70,
  0x86,  0x70,  0xe0,  0x71,  0x3a,  0x71,  0x95,  0x71,  0xf0,  0x72,  0x4b,  0x72,  0xa6,  0x73,  0x01,  0x73,
  0x5d,  0x73,  0xb8,  0x74,  0x14,  0x74,  0x70,  0x74,  0xcc,  0x75,  0x28,  0x75,  0x85,  0x75,  0xe1,  0x76,
  0x3e,  0x76,  0x9b,  0x76,  0xf8,  0x77,  0x56,  0x77,  0xb3,  0x78,  0x11,  0x78,  0x6e,  0x78,  0xcc,  0x79,
  0x2a,  0x79,  0x89,  0x79,  0xe7,  0x7a,  0x46,  0x7a,  0xa5,  0x7b,  0x04,  0x7b,  0x63,  0x7b,  0xc2,  0x7c,
  0x21,  0x7c,  0x81,  0x7c,  0xe1,  0x7d,  0x41,  0x7d,  0xa1,  0x7e,  0x01,  0x7e,  0x62,  0x7e,  0xc2,  0x7f,
  0x23,  0x7f,  0x84,  0x7f,  0xe5,  0x80,  0x47,  0x80,  0xa8,  0x81,  0x0a,  0x81,  0x6b,  0x81,  0xcd,  0x82,
  0x30,  0x82,  0x92,  0x82,  0xf4,  0x83,  0x57,  0x83,  0xba,  0x84,  0x1d,  0x84,  0x80,  0x84,  0xe3,  0x85,
  0x47,  0x85,  0xab,  0x86,  0x0e,  0x86,  0x72,  0x86,  0xd7,  0x87,  0x3b,  0x87,  0x9f,  0x88,  0x04,  0x88,
  0x69,  0x88,  0xce,  0x89,  0x33,  0x89,  0x99,  0x89,  0xfe,  0x8a,  0x64,  0x8a,  0xca,  0x8b,  0x30,  0x8b,
  0x96,  0x8b,  0xfc,  0x8c,  0x63,  0x8c,  0xca,  0x8d,  0x31,  0x8d,  0x98,  0x8d,  0xff,  0x8e,  0x66,  0x8e,
  0xce,  0x8f,  0x36,  0x8f,  0x9e,  0x90,  0x06,  0x90,  0x6e,  0x90,  0xd6,  0x91,  0x3f,  0x91,  0xa8,  0x92,
  0x11,  0x92,  0x7a,  0x92,  0xe3,  0x93,  0x4d,  0x93,  0xb6,  0x94,  0x20,  0x94,  0x8a,  0x94,  0xf4,  0x95,
  0x5f,  0x95,  0xc9,  0x96,  0x34,  0x96,  0x9f,  0x97,  0x0a,  0x97,  0x75,  0x97,  0xe0,  0x98,  0x4c,  0x98,
  0xb8,  0x99,  0x24,  0x99,  0x90,  0x99,  0xfc,  0x9a,  0x68,  0x9a,  0xd5,  0x9b,  0x42,  0x9b,  0xaf,  0x9c,
  0x1c,  0x9c,  0x89,  0x9c,  0xf7,  0x9d,  0x64,  0x9d,  0xd2,  0x9e,  0x40,  0x9e,  0xae,  0x9f,  0x1d,  0x9f,
  0x8b,  0x9f,  0xfa,  0xa0,  0x69,  0xa0,  0xd8,  0xa1,  0x47,  0xa1,  0xb6,  0xa2,  0x26,  0xa2,  0x96,  0xa3,
  0x06,  0xa3,  0x76,  0xa3,  0xe6,  0xa4,  0x56,  0xa4,  0xc7,  0xa5,  0x38,  0xa5,  0xa9,  0xa6,  0x1a,  0xa6,
  0x8b,  0xa6,  0xfd,  0xa7,  0x6e,  0xa7,  0xe0,  0xa8,  0x52,  0xa8,  0xc4,  0xa9,  0x37,  0xa9,  0xa9,  0xaa,
  0x1c,  0xaa,  0x8f,  0xab,  0x02,  0xab,  0x75,  0xab,  0xe9,  0xac,  0x5c,  0xac,  0xd0,  0xad,  0x44,  0xad,
  0xb8,  0xae,  0x2d,  0xae,  0xa1,  0xaf,  0x16,  0xaf,  0x8b,  0xb0,  0x00,  0xb0,  0x75,  0xb0,  0xea,  0xb1,
  0x60,  0xb1,  0xd6,  0xb2,  0x4b,  0xb2,  0xc2,  0xb3,  0x38,  0xb3,  0xae,  0xb4,  0x25,  0xb4,  0x9c,  0xb5,
  0x13,  0xb5,  0x8a,  0xb6,  0x01,  0xb6,  0x79,  0xb6,  0xf0,  0xb7,  0x68,  0xb7,  0xe0,  0xb8,  0x59,  0xb8,
  0xd1,  0xb9,  0x4a,  0xb9,  0xc2,  0xba,  0x3b,  0xba,  0xb5,  0xbb,  0x2e,  0xbb,  0xa7,  0xbc,  0x21,  0xbc,
  0x9b,  0xbd,  0x15,  0xbd,  0x8f,  0xbe,  0x0a,  0xbe,  0x84,  0xbe,  0xff,  0xbf,  0x7a,  0xbf,  0xf5,  0xc0,
  0x70,  0xc0,  0xec,  0xc1,  0x67,  0xc1,  0xe3,  0xc2,  0x5f,  0xc2,  0xdb,  0xc3,  0x58,  0xc3,  0xd4,  0xc4,
  0x51,  0xc4,  0xce,  0xc5,  0x4b,  0xc5,  0xc8,  0xc6,  0x46,  0xc6,  0xc3,  0xc7,  0x41,  0xc7,  0xbf,  0xc8,
  0x3d,  0xc8,  0xbc,  0xc9,  0x3a,  0xc9,  0xb9,  0xca,  0x38,  0xca,  0xb7,  0xcb,  0x36,  0xcb,  0xb6,  0xcc,
  0x35,  0xcc,  0xb5,  0xcd,  0x35,  0xcd,  0xb5,  0xce,  0x36,  0xce,  0xb6,  0xcf,  0x37,  0xcf,  0xb8,  0xd0,
  0x39,  0xd0,  0xba,  0xd1,  0x3c,  0xd1,  0xbe,  0xd2,  0x3f,  0xd2,  0xc1,  0xd3,  0x44,  0xd3,  0xc6,  0xd4,
  0x49,  0xd4,  0xcb,  0xd5,  0x4e,  0xd5,  0xd1,  0xd6,  0x55,  0xd6,  0xd8,  0xd7,  0x5c,  0xd7,  0xe0,  0xd8,
  0x64,  0xd8,  0xe8,  0xd9,  0x6c,  0xd9,  0xf1,  0xda,  0x76,  0xda,  0xfb,  0xdb,  0x80,  0xdc,  0x05,  0xdc,
  0x8a,  0xdd,  0x10,  0xdd,  0x96,  0xde,  0x1c,  0xde,  0xa2,  0xdf,  0x29,  0xdf,  0xaf,  0xe0,  0x36,  0xe0,
  0xbd,  0xe1,  0x44,  0xe1,  0xcc,  0xe2,  0x53,  0xe2,  0xdb,  0xe3,  0x63,  0xe3,  0xeb,  0xe4,  0x73,  0xe4,
  0xfc,  0xe5,  0x84,  0xe6,  0x0d,  0xe6,  0x96,  0xe7,  0x1f,  0xe7,  0xa9,  0xe8,  0x32,  0xe8,  0xbc,  0xe9,
  0x46,  0xe9,  0xd0,  0xea,  0x5b,  0xea,  0xe5,  0xeb,  0x70,  0xeb,  0xfb,  0xec,  0x86,  0xed,  0x11,  0xed,
  0x9c,  0xee,  0x28,  0xee,  0xb4,  0xef,  0x40,  0xef,  0xcc,  0xf0,  0x58,  0xf0,  0xe5,  0xf1,  0x72,  0xf1,
  0xff,  0xf2,  0x8c,  0xf3,  0x19,  0xf3,  0xa7,  0xf4,  0x34,  0xf4,  0xc2,  0xf5,  0x50,  0xf5,  0xde,  0xf6,
  0x6d,  0xf6,  0xfb,  0xf7,  0x8a,  0xf8,  0x19,  0xf8,  0xa8,  0xf9,  0x38,  0xf9,  0xc7,  0xfa,  0x57,  0xfa,
  0xe7,  0xfb,  0x77,  0xfc,  0x07,  0xfc,  0x98,  0xfd,  0x29,  0xfd,  0xba,  0xfe,  0x4b,  0xfe,  0xdc,  0xff,
  0x6d,  0xff,  0xff,  0xff,  0xfe,  0x00,  0x28,  0x56,  0x54,  0x2d,  0x43,  0x6f,  0x6d,  0x70,  0x72,  0x65,
  0x73,  0x73,  0x20,  0x28,  0x74,  0x6d,  0x29,  0x20,  0x58,  0x69,  0x6e,  0x67,  0x20,  0x54,  0x65,  0x63,
  0x68,  0x6e,  0x6f,  0x6c,  0x6f,  0x67,  0x79,  0x20,  0x43,  0x6f,  0x72,  0x70,  0x2e,  0xff,  0xc0,  0x00,
  0x11,  0x08,  0x01,  0x00,  0x01,  0x00,  0x03,  0x01,  0x11,  0x00,  0x02,  0x11,  0x01,  0x03,  0x11,  0x01,
  0xff,  0xdb,  0x00,  0x84,  0x00,  0x06,  0x04,  0x05,  0x06,  0x05,  0x04,  0x06,  0x06,  0x05,  0x06,  0x07,
  0x07,  0x06,  0x08,  0x0a,  0x11,  0x0b,  0x0a,  0x09,  0x09,  0x0a,  0x15,  0x0f,  0x10,  0x0c,  0x11,  0x19,
  0x16,  0x1a,  0x1a,  0x18,  0x16,  0x18,  0x17,  0x1b,  0x1f,  0x28,  0x21,  0x1b,  0x1d,  0x25,  0x1e,  0x17,
  0x18,  0x22,  0x2f,  0x23,  0x25,  0x29,  0x2a,  0x2c,  0x2d,  0x2c,  0x1b,  0x21,  0x31,  0x34,  0x30,  0x2b,
  0x34,  0x28,  0x2b,  0x2c,  0x2b,  0x01,  0x07,  0x07,  0x07,  0x0a,  0x09,  0x0a,  0x14,  0x0b,  0x0b,  0x14,
  0x2b,  0x1c,  0x18,  0x1c,  0x1c,  0x2b,  0x2b,  0x2b,  0x2b,  0x2b,  0x2b,  0x2b,  0x2b,  0x2b,  0x2b,  0x2b,
  0x2b,  0x2b,  0x2b,  0x2b,  0x2b,  0x2b,  0x2b,  0x2b,  0x2b,  0x2b,  0x2b,  0x2b,  0x2b,  0x2b,  0x2b,  0x2b,
  0x2b,  0x2b,  0x2b,  0x2b,  0x2b,  0x2b,  0x2b,  0x2b,  0x2b,  0x2b,  0x2b,  0x2b,  0x2b,  0x2b,  0x2b,  0x2b,
  0x2b,  0x2b,  0x2b,  0x2b,  0x2b,  0x2b,  0xff,  0xc4,  0x01,  0xa2,  0x00,  0x00,  0x01,  0x05,  0x01,  0x01,
  0x01,  0x01,  0x01,  0x01,  0x00,  0x00,  0x00,  0x00,  0x00,  0x00,  0x00,  0x00,  0x01,  0x02,  0x03,  0x04,
  0x05,  0x06,  0x07,  0x08,  0x09,  0x0a,  0x0b,  0x10,  0x00,  0x02,  0x01,  0x03,  0x03,  0x02,  0x04,  0x03,
  0x05,  0x05,  0x04,  0x04,  0x00,  0x00,  0x01,  0x7d,  0x01,  0x02,  0x03,  0x00,  0x04,  0x11,  0x05,  0x12,
  0x21,  0x31,  0x41,  0x06,  0x13,  0x51,  0x61,  0x07,  0x22,  0x71,  0x14,  0x32,  0x81,  0x91,  0xa1,  0x08,
  0x23,  0x42,  0xb1,  0xc1,  0x15,  0x52,  0xd1,  0xf0,  0x24,  0x33,  0x62,  0x72,  0x82,  0x09,  0x0a,  0x16,
  0x17,  0x18,  0x19,  0x1a,  0x25,  0x26,  0x27,  0x28,  0x29,  0x2a,  0x34,  0x35,  0x36,  0x37,  0x38,  0x39,
  0x3a,  0x43,  0x44,  0x45,  0x46,  0x47,  0x48,  0x49,  0x4a,  0x53,  0x54,  0x55,  0x56,  0x57,  0x58,  0x59,
  0x5a,  0x63,  0x64,  0x65,  0x66,  0x67,  0x68,  0x69,  0x6a,  0x73,  0x74,  0x75,  0x76,  0x77,  0x78,  0x79,
  0x7a,  0x83,  0x84,  0x85,  0x86,  0x87,  0x88,  0x89,  0x8a,  0x92,  0x93,  0x94,  0x95,  0x96,  0x97,  0x98,
  0x99,  0x9a,  0xa2,  0xa3,  0xa4,  0xa5,  0xa6,  0xa7,  0xa8,  0xa9,  0xaa,  0xb2,  0xb3,  0xb4,  0xb5,  0xb6,
  0xb7,  0xb8,  0xb9,  0xba,  0xc2,  0xc3,  0xc4,  0xc5,  0xc6,  0xc7,  0xc8,  0xc9,  0xca,  0xd2,  0xd3,  0xd4,
  0xd5,  0xd6,  0xd7,  0xd8,  0xd9,  0xda,  0xe1,  0xe2,  0xe3,  0xe4,  0xe5,  0xe6,  0xe7,  0xe8,  0xe9,  0xea,
  0xf1,  0xf2,  0xf3,  0xf4,  0xf5,  0xf6,  0xf7,  0xf8,  0xf9,  0xfa,  0x01,  0x00,  0x03,  0x01,  0x01,  0x01,
  0x01,  0x01,  0x01,  0x01,  0x01,  0x01,  0x00,  0x00,  0x00,  0x00,  0x00,  0x00,  0x01,  0x02,  0x03,  0x04,
  0x05,  0x06,  0x07,  0x08,  0x09,  0x0a,  0x0b,  0x11,  0x00,  0x02,  0x01,  0x02,  0x04,  0x04,  0x03,  0x04,
  0x07,  0x05,  0x04,  0x04,  0x00,  0x01,  0x02,  0x77,  0x00,  0x01,  0x02,  0x03,  0x11,  0x04,  0x05,  0x21,
  0x31,  0x06,  0x12,  0x41,  0x51,  0x07,  0x61,  0x71,  0x13,  0x22,  0x32,  0x81,  0x08,  0x14,  0x42,  0x91,
  0xa1,  0xb1,  0xc1,  0x09,  0x23,  0x33,  0x52,  0xf0,  0x15,  0x62,  0x72,  0xd1,  0x0a,  0x16,  0x24,  0x34,
  0xe1,  0x25,  0xf1,  0x17,  0x18,  0x19,  0x1a,  0x26,  0x27,  0x28,  0x29,  0x2a,  0x35,  0x36,  0x37,  0x38,
  0x39,  0x3a,  0x43,  0x44,  0x45,  0x46,  0x47,  0x48,  0x49,  0x4a,  0x53,  0x54,  0x55,  0x56,  0x57,  0x58,
  0x59,  0x5a,  0x63,  0x64,  0x65,  0x66,  0x67,  0x68,  0x69,  0x6a,  0x73,  0x74,  0x75,  0x76,  0x77,  0x78,
  0x79,  0x7a,  0x82,  0x83,  0x84,  0x85,  0x86,  0x87,  0x88,  0x89,  0x8a,  0x92,  0x93,  0x94,  0x95,  0x96,
  0x97,  0x98,  0x99,  0x9a,  0xa2,  0xa3,  0xa4,  0xa5,  0xa6,  0xa7,  0xa8,  0xa9,  0xaa,  0xb2,  0xb3,  0xb4,
  0xb5,  0xb6,  0xb7,  0xb8,  0xb9,  0xba,  0xc2,  0xc3,  0xc4,  0xc5,  0xc6,  0xc7,  0xc8,  0xc9,  0xca,  0xd2,
  0xd3,  0xd4,  0xd5,  0xd6,  0xd7,  0xd8,  0xd9,  0xda,  0xe2,  0xe3,  0xe4,  0xe5,  0xe6,  0xe7,  0xe8,  0xe9,
  0xea,  0xf2,  0xf3,  0xf4,  0xf5,  0xf6,  0xf7,  0xf8,  0xf9,  0xfa,  0xff,  0xda,  0x00,  0x0c,  0x03,  0x01,
  0x00,  0x02,  0x11,  0x03,  0x11,  0x00,  0x3f,  0x00,  0xf1,  0xa9,  0x15,  0xa4,  0x38,  0x50,  0x18,  0xb3,
  0x74,  0xfc,  0xab,  0xc8,  0x4f,  0x95,  0x6a,  0x7d,  0x5d,  0x48,  0xf3,  0xcb,  0x40,  0xb7,  0xc9,  0x89,
  0x14,  0x9c,  0x00,  0x3d,  0x28,  0xa8,  0xd5,  0xdb,  0x2a,  0x82,  0x7c,  0x89,  0x08,  0x50,  0xb3,  0xb2,
  0xf5,  0x19,  0x07,  0xf2,  0xa4,  0xa5,  0x65,  0x72,  0xdc,  0x13,  0x9f,  0x29,  0x14,  0xec,  0x04,  0xa0,
  0x02,  0x01,  0xd9,  0xeb,  0x9a,  0xb8,  0x6a,  0xbf,  0xed,  0xe3,  0x1a,  0x9a,  0x4b,  0xe4,  0x47,  0x20,
  0x1b,  0x18,  0x80,  0x31,  0xb4,  0xf5,  0x63,  0x56,  0x9b,  0x22,  0x76,  0xe5,  0xd8,  0xb7,  0x20,  0x06,
  0x40,  0x19,  0x72,  0x36,  0x9e,  0x87,  0x04,  0x71,  0x58,  0x47,  0x63,  0xa6,  0xa2,  0x6d,  0xea,  0x11,
  0x31,  0xf2,  0x5f,  0x0c,  0x14,  0x0c,  0xe1,  0x41,  0xc9,  0x20,  0x11,  0x5a,  0x3d,  0xd5,  0xce,  0x65,
  0xf0,  0xca,  0xc4,  0xd2,  0x60,  0x3e,  0xee,  0xb8,  0x3f,  0xd2,  0xa1,  0x6a,  0x8d,  0x1b,  0xb1,  0x0c,
  0x98,  0xda,  0xad,  0x8c,  0x30,  0x6c,  0x1f,  0xc4,  0x53,  0x57,  0xd8,  0x53,  0xe5,  0x5a,  0xa2,  0x39,
  0xff,  0x00,  0xd7,  0x39,  0xef,  0x8c,  0xf5,  0xfa,  0xd5,  0x45,  0x5e,  0x1a,  0x8a,  0xa3,  0x6a,  0xa3,
  0xb0,  0xc3,  0xb9,  0x95,  0x02,  0xe0,  0xf1,  0xce,  0x6a,  0x95,  0xb5,  0x32,  0x91,  0x66,  0x46,  0x2a,
  0xa8,  0x7b,  0x80,  0x41,  0x38,  0xf6,  0xac,  0xad,  0x73,  0xab,  0x68,  0xe8,  0x11,  0xb1,  0x65,  0x73,
  0x93,  0x9c,  0x01,  0xd3,  0xda,  0x8b,  0x58,  0x37,  0x5a,  0x95,  0xbe,  0x65,  0x57,  0x0d,  0x81,  0xc7,
  0x18,  0xad,  0x9d,  0xb4,  0x39,  0x63,  0x7d,  0xc7,  0xc2,  0x7f,  0x7c,  0xa7,  0x1c,  0xe3,  0x3f,  0xca,
  0xa2,  0x4b,  0xdc,  0x34,  0xa6,  0xdb,  0xa8,  0x89,  0x23,  0xe5,  0x59,  0x80,  0xcb,  0x96,  0xc0,  0xfc,
  0x05,  0x4b,  0xbe,  0xc5,  0x47,  0x95,  0xea,  0x12,  0x63,  0x6a,  0xb6,  0x30,  0xc1,  0xb0,  0x7f,  0x11,
  0x42,  0xbe,  0xc1,  0x2e,  0x55,  0xaa,  0x23,  0x9f,  0xfd,  0x73,  0x9e,  0x73,  0x8c,  0xf5,  0xfa,  0xd5,
  0x45,  0x5e,  0x02,  0xa8,  0xda,  0xa8,  0xec,  0x30,  0xee,  0x65,  0x40,  0xb8,  0x3c,  0x73,  0x9a,  0xb5,
  0x6d,  0x4c,  0xa4,  0x59,  0x91,  0x8a,  0xaa,  0x1c,  0x9c,  0x80,  0x41,  0x38,  0xf6,  0xac,  0x6d,  0x73,
  0xab,  0x68,  0xe8,  0x08,  0xc5,  0x95,  0xce,  0x4e,  0x48,  0x03,  0xa7,  0xb5,  0x16,  0xb0,  0x6f,  0x1d,
  0x4a,  0xdf,  0x32,  0xab,  0x86,  0xc0,  0xe3,  0x8c,  0x56,  0xce,  0xda,  0x1c,  0xb1,  0xbe,  0xe3,  0xe1,
  0x3f,  0xbe,  0x53,  0x8e,  0x71,  0x9f,  0xe5,  0x51,  0x25,  0xee,  0x1a,  0x53,  0x6d,  0xd4,  0x44,  0x91,
  0xf2,  0xac,  0xd8,  0xcb,  0x16,  0xc0,  0xfc,  0x05,  0x4b,  0xba,  0xd0,  0xa8,  0xf2,  0xbd,  0x49,  0xa3,
  0xc3,  0x3e,  0xee,  0x99,  0x6f,  0xe9,  0x49,  0xe8,  0x86,  0x9d,  0xc8,  0x64,  0x63,  0xe4,  0xa0,  0x2c,
  0xac,  0x09,  0x19,  0x04,  0xf3,  0x82,  0x4d,  0x5a,  0xdd,  0xd8,  0xcd,  0xfc,  0x31,  0xb8,  0x46,  0x00,
  0x90,  0x85,  0x5c,  0x0d,  0x83,  0xbe,  0x4f,  0x4a,  0xce,  0x5b,  0x1d,  0x34,  0xd5,  0xa5,  0xa1,  0x52,
  0x3c,  0x14,  0x52,  0x40,  0xfb,  0xa3,  0xa3,  0x1a,  0xdd,  0xdc,  0xe6,  0x85,  0xad,  0xb1,  0x24,  0x2c,
  0x0c,  0xa7,  0x24,  0x13,  0xb3,  0x1d,  0x71,  0x51,  0x3d,  0x17,  0xfd,  0xbc,  0x55,  0x3d,  0x65,  0xf2,
  0x26,  0x11,  0x95,  0x75,  0x5e,  0x02,  0xe4,  0x9f,  0x7e,  0x6a,  0x1c,  0xae,  0xae,  0x6e,  0xa0,  0xa3,
  0x2b,  0x05,  0xc6,  0x44,  0x6e,  0xa0,  0xf5,  0x1e,  0x94,  0xe9,  0xb5,  0x74,  0xcc,  0xeb,  0xa7,  0xc8,
  0xe2,  0x11,  0xab,  0x46,  0x76,  0xb6,  0x01,  0x56,  0xc0,  0x1f,  0x9d,  0x0d,  0xf3,  0x2d,  0x05,  0x4e,
  0x3c,  0x92,  0xd4,  0x54,  0xc0,  0x24,  0x11,  0xce,  0x40,  0xc7,  0xd7,  0x34,  0xa4,  0xae,  0xac,  0x34,
  0xf9,  0x65,  0x71,  0x61,  0xfb,  0x8a,  0xc1,  0x78,  0x23,  0xd6,  0x89,  0xa5,  0xa8,  0xe8,  0xb7,  0xcb,
  0x11,  0x77,  0x0f,  0x30,  0x8c,  0xb6,  0x47,  0xbd,  0x4b,  0xf8,  0x4d,  0x7e,  0xd9,  0x4e,  0xe0,  0x66,
  0x70,  0x48,  0xfe,  0x0c,  0xf1,  0x5b,  0x41,  0xae,  0x5f,  0xfb,  0x78,  0xe6,  0xaa,  0x9b,  0x97,  0xfd,
  0xba,  0x39,  0xc1,  0x31,  0x8e,  0x38,  0x27,  0x14,  0x75,  0x07,  0xf0,  0x96,  0x98,  0x36,  0x50,  0x70,
  0x54,  0x83,  0x90,  0x3b,  0x0c,  0x56,  0x4b,  0x66,  0x74,  0x4e,  0x57,  0x71,  0x12,  0x20,  0x15,  0x24,
  0xdc,  0x32,  0x07,  0x1b,  0x7f,  0x0a,  0xb9,  0x3b,  0xb4,  0x73,  0x72,  0xd9,  0x49,  0x12,  0x36,  0xc6,
  0x75,  0xc1,  0xe0,  0x1e,  0x7f,  0x1c,  0xd4,  0x37,  0x64,  0x68,  0xa3,  0xcc,  0x46,  0x47,  0x25,  0xd7,
  0x94,  0x2e,  0x09,  0x07,  0xb5,  0x57,  0x32,  0xb1,  0x2e,  0x93,  0x72,  0x1b,  0x2a,  0x81,  0x33,  0x8f,
  0x54,  0x23,  0xf4,  0xa1,  0x3f,  0x77,  0xe6,  0x3a,  0x8b,  0xdf,  0x02,  0x9b,  0x11,  0xb0,  0x30,  0x46,
  0x47,  0xeb,  0x42,  0x77,  0x61,  0x34,  0xb9,  0x47,  0x38,  0xc8,  0x5e,  0x0e,  0x33,  0xfe,  0x7d,  0x29,
  0x16,  0xfd,  0xd0,  0x41,  0x80,  0xdd,  0x71,  0x9f,  0xf3,  0xeb,  0x40,  0x2f,  0x78,  0x68,  0x40,  0xc8,
  0xb9,  0x19,  0x3c,  0x7f,  0x3a,  0x6d,  0xd9,  0xe8,  0x44,  0x12,  0xe5,  0x08,  0x94,  0x79,  0xa8,  0x3d,
  0x10,  0x7f,  0x2a,  0x1b,  0xf7,  0x7e,  0x61,  0x4d,  0x7e,  0xf0,  0x78,  0x04,  0x90,  0xe7,  0x85,  0x0e,
  0x48,  0x03,  0xbd,  0x1c,  0xca,  0xc2,  0x54,  0x9a,  0x90,  0x98,  0xc1,  0x2e,  0xbc,  0xa3,  0x38,  0x27,
  0x3d,  0xa8,  0xe6,  0x56,  0x07,  0x49,  0xb9,  0x0d,  0x95,  0x40,  0x99,  0xc7,  0xaa,  0x11,  0xf5,  0xe2,
  0x84,  0xfd,  0xdf,  0x98,  0xea,  0x2f,  0x7c,  0x0a,  0x6c,  0x46,  0xc0,  0xc1,  0x19,  0x1f,  0xad,  0x09,
  0xdd,  0x8e,  0xa2,  0x5c,  0xa3,  0x9c,  0x64,  0x2f,  0x07,  0x19,  0xff,  0x00,  0x3e,  0x94,  0x8a,  0x7e,
  0xe8,  0x20,  0xc0,  0x6e,  0xb8,  0xcf,  0xf9,  0xf5,  0xa0,  0x17,  0xbc,  0x34,  0x20,  0x64,  0x5c,  0x8c,
  0x9e,  0x3f,  0x9d,  0x36,  0xec,  0xf4,  0x22,  0x09,  0x72,  0x84,  0x4a,  0x3c,  0xd4,  0x1e,  0x88,  0x3f,
  0x95,  0x0d,  0xfb,  0xbf,  0x30,  0xa6,  0xbf,  0x78,  0x3b,  0x1c,  0x87,  0x6e,  0x15,  0x5c,  0x91,  0x8e,
  0xf4,  0x73,  0x2b,  0x09,  0x52,  0x7c,  0xc4,  0x8b,  0xb5,  0x5d,  0xb2,  0x78,  0x27,  0x8f,  0xc3,  0x15,
  0x29,  0xdd,  0x14,  0xe3,  0xca,  0x32,  0x61,  0xb9,  0x23,  0xda,  0x30,  0x1b,  0xb7,  0xe1,  0x57,  0x17,
  0x66,  0xcc,  0xf9,  0x79,  0x94,  0x50,  0x28,  0x6c,  0xb8,  0xe0,  0x28,  0x03,  0x00,  0xf7,  0x18,  0xa8,
  0x7b,  0x23,  0xaa,  0x12,  0xb3,  0x91,  0x55,  0x01,  0x11,  0x74,  0xe0,  0x71,  0x9a,  0xdb,  0xa9,  0xcc,
  0xbe,  0x11,  0x20,  0x18,  0x98,  0xf1,  0xfc,  0x19,  0xe6,  0x94,  0xdd,  0xe3,  0xf3,  0x15,  0x24,  0xd4,
  0xbf,  0xed,  0xd2,  0xd9,  0x3f,  0xbd,  0x03,  0x2c,  0x49,  0x3e,  0xb5,  0x8a,  0xf8,  0x4e,  0xbf,  0xb7,
  0x71,  0x26,  0xfb,  0xac,  0xc5,  0x78,  0x03,  0x8a,  0xa8,  0x5b,  0x43,  0x1a,  0xcf,  0xdd,  0x90,  0x8f,
  0xc9,  0x00,  0x0e,  0x72,  0x46,  0x33,  0xf4,  0xa2,  0x2a,  0xca,  0xc2,  0x6f,  0x99,  0xdc,  0x5d,  0xd9,
  0x69,  0x0e,  0xd1,  0xc9,  0x52,  0x4e,  0x78,  0xa7,  0x6d,  0x3e,  0xf0,  0x9c,  0xd3,  0x90,  0xb0,  0x67,
  0xca,  0xcb,  0x70,  0xc0,  0x63,  0x1e,  0xf5,  0x15,  0x34,  0x91,  0xa5,  0x18,  0xfe,  0xec,  0x7c,  0x9b,
  0x46,  0xd2,  0xc7,  0x04,  0xe3,  0xf4,  0xa5,  0xab,  0xd1,  0x15,  0x26,  0x96,  0xe5,  0x69,  0x72,  0x24,
  0x41,  0x80,  0x50,  0xee,  0xfa,  0xe2,  0xb4,  0x86,  0xb1,  0x6c,  0xc6,  0x7f,  0xc4,  0x13,  0x3b,  0x62,
  0x04,  0xf2,  0x14,  0xf3,  0x4d,  0x6a,  0xd8,  0xa7,  0xee,  0xc4,  0xb0,  0xc8,  0xbb,  0x97,  0x25,  0x5b,
  0xa8,  0xc0,  0xa8,  0x4e,  0xe9,  0x9b,  0x49,  0x2b,  0xc4,  0x42,  0x40,  0xf3,  0xbe,  0x62,  0x73,  0xd4,
  0x7a,  0xf1,  0x54,  0xba,  0x7f,  0x5d,  0x4c,  0x26,  0xf5,  0x7f,  0xd7,  0x41,  0x47,  0xcd,  0x0b,  0x7c,
  0xc0,  0x92,  0x47,  0x3e,  0x94,  0xa4,  0xd2,  0x7a,  0x97,  0x18,  0x37,  0x1d,  0x08,  0xd8,  0xba,  0x2b,
  0x03,  0xc8,  0x61,  0x91,  0x8a,  0x6f,  0x96,  0x42,  0x6a,  0x54,  0xc2,  0x62,  0x0c,  0x91,  0xb7,  0x41,
  0x86,  0x1f,  0xa5,  0x28,  0xfc,  0x2c,  0x73,  0xfe,  0x20,  0xdd,  0xdf,  0xba,  0x20,  0x9e,  0xfd,  0x4f,
  0xd6,  0x9d,  0xb5,  0x14,  0x9d,  0xa2,  0x4a,  0xe1,  0x4f,  0xcc,  0xa0,  0x8e,  0x48,  0x00,  0x9f,  0x6a,
  0x88,  0x9a,  0xd6,  0x69,  0x04,  0x61,  0x47,  0xce,  0x41,  0x3c,  0x80,  0x70,  0x7d,  0xa8,  0x90,  0x51,
  0x6b,  0xb1,  0x16,  0xef,  0xdd,  0x01,  0x9e,  0xe3,  0x91,  0xf5,  0xab,  0x6b,  0x53,  0x28,  0xbf,  0x74,
  0x74,  0x27,  0x12,  0xc8,  0xdd,  0x40,  0x0a,  0x3f,  0x4a,  0x52,  0xf8,  0x50,  0x43,  0xf8,  0x82,  0x29,
  0x77,  0x50,  0x00,  0xc0,  0x51,  0xce,  0x69,  0xae,  0x58,  0x85,  0xa5,  0x31,  0x58,  0xba,  0x2b,  0x03,
  0xc8,  0x23,  0x23,  0x14,  0x3e,  0x59,  0x03,  0x52,  0x80,  0x4c,  0x41,  0x92,  0x36,  0xe8,  0x30,  0xc3,
  0xf4,  0xa5,  0x1f,  0x85,  0x8e,  0x7f,  0xc4,  0x1b,  0xbb,  0xf7,  0x44,  0x13,  0xdf,  0xa9,  0xfa,  0xd3,
  0xb6,  0xa2,  0x93,  0xb4,  0x49,  0x5c,  0x29,  0xf9,  0x94,  0x11,  0xc9,  0x00,  0x13,  0xed,  0x51,  0x13,
  0x5a,  0xcd,  0x20,  0x8c,  0x28,  0xf9,  0xc8,  0x27,  0x90,  0x0e,  0x0f,  0xb5,  0x12,  0x0a,  0x2d,  0x76,
  0x22,  0xdd,  0xfb,  0xa0,  0x33,  0xdc,  0x72,  0x3e,  0xb5,  0x6d,  0x6a,  0x65,  0x17,  0xee,  0x8e,  0x84,
  0xe2,  0x59,  0x1b,  0xa8,  0x01,  0x47,  0xe9,  0x4a,  0x5f,  0x0a,  0x08,  0x7f,  0x10,  0x45,  0x2e,  0xea,
  0x00,  0x18,  0x0a,  0x39,  0xcd,  0x35,  0xcb,  0x10,  0xb4,  0xa6,  0x4a,  0x72,  0xb0,  0x2f,  0x20,  0x1c,
  0xf5,  0xf5,  0xa5,  0x16,  0x9b,  0xd0,  0x72,  0x83,  0x51,  0xd4,  0x40,  0x47,  0xee,  0x72,  0xdc,  0x0e,
  0x83,  0xf0,  0xa6,  0xfa,  0xff,  0x00,  0x5d,  0x48,  0x8e,  0xeb,  0xfa,  0xe8,  0x2a,  0xa2,  0xee,  0x6c,
  0x15,  0x00,  0x60,  0x73,  0x52,  0xdd,  0x92,  0x37,  0x8a,  0x5c,  0xcc,  0xaf,  0x90,  0xd1,  0x12,  0x38,
  0x56,  0x3c,  0x56,  0x8f,  0x46,  0x8c,  0x21,  0x79,  0x44,  0x58,  0xb3,  0xe6,  0x38,  0xc0,  0x08,  0x36,
  0xfd,  0x71,  0x53,  0x2d,  0x20,  0x99,  0x54,  0xfe,  0x32,  0xcc,  0x7b,  0x4e,  0xe2,  0xa7,  0x24,  0x67,
  0xf5,  0xac,  0xf5,  0x5a,  0x33,  0x68,  0xb4,  0xf6,  0x19,  0x3e,  0x7c,  0xa1,  0x8e,  0x49,  0xe0,  0x8f,
  0x7a,  0x74,  0xbe,  0x22,  0x6b,  0x47,  0xdc,  0x1b,  0xb8,  0x86,  0x8c,  0xed,  0x19,  0xcb,  0x1c,  0xe7,
  0x8e,  0xb5,  0x76,  0xd3,  0xee,  0x33,  0x84,  0xd7,  0x30,  0xe5,  0x25,  0xbc,  0xc3,  0x90,  0x39,  0x23,
  0xa7,  0xfb,  0x34,  0x9e,  0xc8,  0x4d,  0x2e,  0x69,  0x31,  0x7e,  0x6f,  0x29,  0xb0,  0x79,  0xeb,  0xd3,
  0xd6,  0x87,  0x6b,  0x8f,  0xde,  0x70,  0xb2,  0x23,  0x11,  0xe5,  0x59,  0x9c,  0x96,  0x00,  0x90,  0x33,
  0xc5,  0x12,  0x92,  0x5b,  0x0d,  0x41,  0xbf,  0x88,  0x59,  0xf0,  0x27,  0x41,  0xd3,  0xe5,  0x63,  0xcf,
  0xd2,  0x88,  0x7c,  0x0c,  0x55,  0x3f,  0x88,  0x23,  0x2e,  0x22,  0x3b,  0x8f,  0x20,  0x9c,  0xd3,  0x5a,
  0xbd,  0x02,  0x5a,  0x47,  0x52,  0x56,  0xc1,  0xc0,  0xc0,  0xc1,  0x07,  0xa3,  0xfb,  0x54,  0x24,  0xcd,
  0xa7,  0x24,  0x46,  0xaa,  0x37,  0x30,  0x23,  0x92,  0x54,  0x7e,  0xb5,  0x77,  0xd3,  0xef,  0x30,  0x94,
  0x75,  0x1d,  0x0e,  0x16,  0x30,  0x07,  0x2a,  0xc2,  0xa2,  0xa6,  0xb2,  0x34,  0xa2,  0xd2,  0xa7,  0x61,
  0x59,  0xfe,  0x62,  0xa3,  0x07,  0x6e,  0xda,  0x56,  0xd0,  0xd1,  0xeb,  0x2b,  0x15,  0xe4,  0x2a,  0x26,
  0x0c,  0xc7,  0xe6,  0x0b,  0xf7,  0x7b,  0x73,  0x5a,  0x2f,  0x86,  0xc6,  0x13,  0x7e,  0xfd,  0xc0,  0x9c,
  0xc7,  0x1b,  0x39,  0xc8,  0x27,  0x91,  0x8a,  0xa5,  0xa3,  0x64,  0xbb,  0x38,  0x93,  0xcc,  0xec,  0x31,
  0x90,  0x48,  0x20,  0xe3,  0x20,  0x0f,  0xc7,  0xbd,  0x4c,  0x52,  0x2e,  0xab,  0x6f,  0x70,  0x81,  0xd8,
  0xe7,  0x00,  0x80,  0x00,  0xce,  0x00,  0xfc,  0xe8,  0x92,  0x41,  0x49,  0xb5,  0xb1,  0x06,  0x70,  0x8e,
  0xc8,  0x70,  0x01,  0xe3,  0x8a,  0xa7,  0xab,  0x44,  0x45,  0xda,  0x3a,  0x04,  0x65,  0x7c,  0xe2,  0xc0,
  0xfc,  0xc5,  0x73,  0xb7,  0xb5,  0x4b,  0xbf,  0x2d,  0x8a,  0x83,  0xf7,  0xee,  0x59,  0x57,  0xf9,  0x80,
  0x60,  0x06,  0xed,  0xd5,  0x9d,  0xb4,  0x37,  0x5a,  0x48,  0x46,  0x7f,  0x98,  0x85,  0x00,  0x95,  0xc7,
  0x34,  0x5b,  0x40,  0x7a,  0xca,  0xc5,  0x79,  0x0a,  0x89,  0x83,  0x31,  0xf9,  0x82,  0xe7,  0x6f,  0xd6,
  0xb4,  0x5f,  0x0d,  0x8c,  0x26,  0xfd,  0xfb,  0x81,  0x39,  0x8e,  0x36,  0x73,  0x90,  0x5b,  0x91,  0x8a,
  0xa5,  0xa3,  0x64,  0xbb,  0x34,  0x4f,  0x33,  0xb0,  0xc6,  0x41,  0x20,  0x83,  0x8c,  0x80,  0x3f,  0x1e,
  0xf5,  0x31,  0x48,  0xba,  0xad,  0xbd,  0xc2,  0x07,  0x63,  0x9c,  0x02,  0x00,  0x03,  0x38,  0x03,  0xf3,
  0xa2,  0x49,  0x05,  0x26,  0xd6,  0xc4,  0x19,  0xc2,  0x3b,  0x21,  0xc0,  0x07,  0x8e,  0x2a,  0x9e,  0xad,
  0x11,  0x17,  0x68,  0xe8,  0x11,  0x95,  0xf3,  0x8b,  0x03,  0xf3,  0x15,  0xce,  0xde,  0xd5,  0x2e,  0xfc,
  0xb6,  0x2a,  0x0f,  0xdf,  0xb9,  0x65,  0x5f,  0xe6,  0x01,  0x80,  0x1b,  0xb7,  0x56,  0x76,  0xd0,  0xdd,
  0x69,  0x21,  0xb3,  0x61,  0xa3,  0x20,  0xf0,  0xa0,  0x66,  0xaa,  0x9e,  0x92,  0x33,  0xac,  0xef,  0x01,
  0xac,  0xa3,  0x72,  0x85,  0x1c,  0x82,  0xc3,  0xf5,  0xaa,  0xbe,  0x9f,  0x71,  0x9c,  0x63,  0xa9,  0x22,
  0xe0,  0x64,  0x60,  0x60,  0x01,  0xfc,  0x67,  0xd2,  0xa1,  0xa6,  0x6f,  0x09,  0x22,  0x15,  0x5c,  0xc4,
  0x36,  0x9e,  0x49,  0x18,  0xe2,  0xad,  0xe8,  0xf5,  0x31,  0x8f,  0xbd,  0x1d,  0x07,  0x41,  0x83,  0x3b,
  0x8e,  0xa3,  0x6a,  0x9c,  0x0f,  0xa5,  0x29,  0x7c,  0x08,  0x29,  0xff,  0x00,  0x10,  0x43,  0x1e,  0x14,
  0x32,  0x12,  0x3a,  0x03,  0x8e,  0x68,  0x8c,  0x93,  0xdc,  0x6e,  0x0d,  0x7c,  0x24,  0x9f,  0x37,  0x96,
  0x80,  0x9e,  0x7b,  0xf1,  0xe9,  0x42,  0xb5,  0xf4,  0x17,  0xbc,  0xa1,  0x66,  0x23,  0x12,  0xbe,  0x5b,
  0x64,  0x1e,  0x40,  0xe9,  0xfe,  0xcd,  0x0b,  0x66,  0x25,  0x6e,  0x68,  0xb0,  0x4d,  0xaa,  0x65,  0xcf,
  0x2a,  0x01,  0x1e,  0x99,  0xc0,  0xf6,  0xa7,  0xba,  0x4c,  0x99,  0xe9,  0x29,  0x21,  0xec,  0x70,  0x41,
  0x00,  0x2e,  0xd3,  0xcf,  0x3e,  0xc6,  0xa6,  0xd7,  0x1b,  0x93,  0x89,  0x1b,  0xe4,  0xb7,  0x23,  0x0a,
  0x1c,  0x62,  0xae,  0xca,  0xc4,  0x4a,  0x52,  0xbd,  0xee,  0x32,  0x56,  0x02,  0x56,  0xcb,  0x10,  0xc2,
  0x33,  0xfc,  0xa8,  0x5a,  0xc6,  0xcb,  0xb9,  0x72,  0x69,  0x4e,  0xec,  0x68,  0x60,  0xc8,  0xc0,  0x67,
  0x9c,  0x91,  0xef,  0xcd,  0x09,  0x59,  0x8a,  0x73,  0x4e,  0x24,  0xed,  0xf7,  0x55,  0x86,  0x32,  0x73,
  0xfc,  0xaa,  0x0d,  0x64,  0x86,  0xc5,  0xcb,  0xb2,  0xed,  0xe0,  0x91,  0x81,  0x9e,  0xfc,  0x9a,  0x72,
  0xd2,  0x37,  0x12,  0xf7,  0xa5,  0x60,  0x8b,  0x04,  0x0c,  0x83,  0x80,  0x38,  0xa5,  0x3d,  0x2e,  0x3a,
  0x2a,  0xf6,  0x14,  0x67,  0xcc,  0x6c,  0x74,  0x3f,  0xe0,  0x2a,  0x5f,  0xc2,  0x6a,  0xbf,  0x88,  0x54,
  0x9c,  0xe2,  0x70,  0x06,  0x7e,  0xe7,  0x71,  0x5b,  0xc7,  0xe1,  0xff,  0x00,  0xb7,  0x8e,  0x59,  0xfc,
  0x5f,  0xf6,  0xe8,  0x16,  0xf9,  0x01,  0x1d,  0x86,  0x7d,  0xa9,  0xa5,  0xa9,  0x32,  0xf8,  0x4b,  0x73,
  0x36,  0xf0,  0xa3,  0x76,  0x40,  0x19,  0x04,  0xfa,  0x62,  0xb1,  0x8e,  0x87,  0x54,  0xd2,  0x90,  0x40,
  0x76,  0x6e,  0x1b,  0xb0,  0x08,  0xce,  0x47,  0x3c,  0x62,  0x89,  0x6a,  0x10,  0x49,  0x15,  0x03,  0x7c,
  0x99,  0x3d,  0xc6,  0x7d,  0xb9,  0xad,  0x9a,  0xd4,  0xe5,  0x8f,  0xc2,  0x10,  0x10,  0x67,  0x23,  0x9f,
  0xba,  0x7a,  0x0a,  0x52,  0xf8,  0x7f,  0xed,  0xe2,  0xa1,  0xf1,  0x7f,  0xdb,  0xa5,  0xb2,  0x0e,  0xf5,
  0xce,  0x30,  0x3b,  0xfe,  0x06,  0xb0,  0x5f,  0x09,  0xd4,  0xff,  0x00,  0x88,  0x00,  0x1f,  0x31,  0xb1,
  0x8c,  0x1f,  0xf0,  0x14,  0x3f,  0x84,  0x17,  0xf1,  0x0a,  0x93,  0x9c,  0x4e,  0x00,  0xcf,  0xdc,  0xee,
  0x2b,  0x78,  0xfc,  0x3f,  0xf6,  0xf1,  0xcb,  0x3f,  0x8b,  0xfe,  0xdd,  0x02,  0xdf,  0x20,  0x23,  0xb0,
  0xcf,  0xb7,  0x14,  0xd2,  0xd4,  0x99,  0x3f,  0x74,  0xb7,  0x31,  0xde,  0x14,  0x6e,  0xc8,  0x03,  0x20,
  0x9e,  0x38,  0xc5,  0x63,  0x15,  0x63,  0xaa,  0x76,  0x90,  0x42,  0xdb,  0x03,  0x0d,  0xd8,  0x04,  0x03,
  0x91,  0xcf,  0x18,  0xa2,  0x5a,  0x84,  0x2c,  0x8a,  0x80,  0xfc,  0x99,  0x3d,  0xf9,  0xf6,  0xe6,  0xb6,
  0x6b,  0x53,  0x96,  0x3f,  0x08,  0x40,  0x41,  0x9c,  0x8e,  0x7e,  0xe9,  0xe8,  0x29,  0x4b,  0xe1,  0xff,
  0x00,  0xb7,  0x8a,  0x87,  0xc5,  0xff,  0x00,  0x6e,  0x96,  0xce,  0x7c,  0xc5,  0xce,  0x30,  0x3f,  0xc0,
  0xd6,  0x0b,  0xe1,  0x3a,  0x9f,  0xf1,  0x04,  0x93,  0x00,  0x1c,  0x67,  0x04,  0x0a,  0xba,  0x7a,  0xd8,
  0xca,  0xb2,  0xb7,  0x30,  0x4b,  0xf2,  0xb8,  0x05,  0x78,  0x04,  0xe4,  0x7b,  0xf0,  0x69,  0x47,  0x58,
  0xdc,  0x4f,  0xdd,  0x9d,  0x87,  0x2f,  0x47,  0x27,  0x19,  0x18,  0xfe,  0x54,  0x0e,  0x29,  0x90,  0xee,
  0x0a,  0xaa,  0x0e,  0x78,  0xc1,  0x3e,  0xdc,  0xd5,  0xb5,  0x76,  0x65,  0x09,  0xa4,  0xb4,  0x08,  0x98,
  0x79,  0xa0,  0x86,  0xcb,  0x14,  0x1d,  0xbd,  0xa8,  0x7a,  0x46,  0xcf,  0xb8,  0xe2,  0xd4,  0xa7,  0x75,
  0xd8,  0x91,  0x32,  0x1c,  0x63,  0x95,  0x2e,  0x72,  0x3d,  0x28,  0xb2,  0xb1,  0x11,  0x94,  0xaf,  0x72,
  0x44,  0x39,  0x24,  0x95,  0x0d,  0xb8,  0xf0,  0x33,  0xd3,  0x81,  0x52,  0xd5,  0x8b,  0x52,  0xe6,  0x18,
  0xfb,  0x58,  0xc5,  0x8e,  0x01,  0x00,  0x7a,  0xe3,  0x23,  0xde,  0x9e,  0xc9,  0x8a,  0x17,  0x72,  0x8a,
  0xe8,  0x28,  0x53,  0xb6,  0x60,  0x30,  0x37,  0x13,  0xc7,  0x61,  0x92,  0x05,  0x3b,  0xad,  0x07,  0x2f,
  0xb4,  0x3e,  0x42,  0x0c,  0xc3,  0x71,  0x1f,  0x33,  0x1f,  0xa7,  0x43,  0x50,  0xb4,  0x43,  0x6d,  0x32,
  0x16,  0x2b,  0x91,  0x18,  0x1f,  0xc5,  0xf3,  0x1c,  0xd5,  0xa8,  0xee,  0xc9,  0x72,  0x4f,  0x42,  0x39,
  0x17,  0x33,  0xb8,  0x00,  0x73,  0xce,  0x73,  0xd0,  0x1c,  0x81,  0x44,  0x64,  0x94,  0x50,  0xea,  0x42,
  0xf3,  0x77,  0x1a,  0xe8,  0x42,  0xae,  0x49,  0xe3,  0x8c,  0x8f,  0x6a,  0xb5,  0x24,  0xcc,  0x64,  0x91,
  0x64,  0x33,  0x32,  0x8c,  0x64,  0xfc,  0xa4,  0x75,  0xef,  0x8a,  0xce,  0xc7,  0x4d,  0xc8,  0x18,  0xe0,
  0x03,  0x92,  0x08,  0x61,  0xfd,  0x3f,  0xc4,  0xd5,  0x69,  0xb3,  0x31,  0x93,  0x7b,  0xa1,  0x6d,  0xb8,
  0xb7,  0x0f,  0xbb,  0x27,  0x1c,  0x8f,  0x4e,  0x4d,  0x4d,  0x5d,  0xec,  0x6d,  0x43,  0x48,  0xdc,  0x46,
  0x7d,  0x8c,  0x59,  0x8f,  0x25,  0x80,  0xc7,  0xa5,  0x35,  0x14,  0xd5,  0x87,  0x39,  0xf2,  0xbe,  0x62,
  0x39,  0x18,  0x6e,  0xeb,  0x8f,  0x90,  0x0e,  0x9c,  0xd5,  0x74,  0xf9,  0x99,  0x4f,  0xe2,  0x22,  0x91,
  0xb0,  0x36,  0x90,  0x73,  0x82,  0x30,  0x09,  0xab,  0x48,  0x89,  0x4d,  0x76,  0x2e,  0x36,  0x37,  0x2e,
  0x01,  0x6c,  0x29,  0xe1,  0x98,  0x8e,  0xc6,  0xb0,  0x4f,  0x43,  0xa6,  0x40,  0xb8,  0xdc,  0xd9,  0x05,
  0x7e,  0x51,  0xd0,  0x93,  0xd8,  0x50,  0xde,  0x81,  0x12,  0x9c,  0x6d,  0x90,  0x14,  0x03,  0x9c,  0x01,
  0x8c,  0x9a,  0xdd,  0xae,  0xa7,  0x34,  0x66,  0xbb,  0x12,  0xa3,  0x60,  0xf5,  0xc8,  0xd8,  0x7b,  0x73,
  0x50,  0xf6,  0xff,  0x00,  0xb7,  0x8b,  0x87,  0xc5,  0xf2,  0x24,  0x57,  0xde,  0xc1,  0x94,  0xf2,  0x1b,
  0x18,  0xa8,  0x71,  0xb2,  0xb1,  0xac,  0x26,  0xe4,  0xee,  0x81,  0x9f,  0x63,  0x16,  0x63,  0x82,  0x58,
  0x0c,  0x7a,  0x50,  0xa3,  0x75,  0x60,  0x9c,  0xf9,  0x5f,  0x31,  0x1b,  0xb0,  0x2d,  0xd7,  0x1f,  0x20,
  0x1d,  0x2a,  0xfa,  0x7c,  0xcc,  0xa7,  0xf1,  0x7c,  0x88,  0xa5,  0x6c,  0x02,  0xa4,  0x1c,  0xe0,  0x8c,
  0x02,  0x6a,  0xd2,  0x22,  0x53,  0x5d,  0x8b,  0x8f,  0x8d,  0xcb,  0x80,  0x5b,  0xe5,  0xe8,  0xc4,  0x8e,
  0xc6,  0xb0,  0x4f,  0x43,  0xa6,  0x40,  0xb8,  0xdc,  0xd9,  0x05,  0x7e,  0x51,  0xd0,  0x93,  0xd8,  0x50,
  0xf6,  0x08,  0x94,  0xe3,  0x6c,  0x80,  0xa0,  0x1c,  0xe0,  0x0c,  0x64,  0xd6,  0xed,  0x75,  0x39,  0xa3,
  0x35,  0xd8,  0x95,  0x1b,  0x07,  0xae,  0x46,  0xc3,  0xdb,  0x9a,  0x87,  0xb7,  0xfd,  0xbc,  0x5c,  0x3e,
  0x2f,  0x91,  0x22,  0x3e,  0xf6,  0x0c,  0xa7,  0x90,  0xd8,  0xc5,  0x43,  0x8d,  0x95,  0x8d,  0x61,  0x37,
  0x27,  0x71,  0x6e,  0x39,  0x80,  0xb1,  0x6c,  0x12,  0x38,  0x1e,  0xbc,  0x8a,  0x29,  0xef,  0x61,  0x57,
  0xf8,  0x6e,  0x22,  0x9c,  0x82,  0x72,  0x49,  0x2d,  0xfe,  0x3f,  0xe0,  0x3f,  0x3a,  0xab,  0x74,  0x46,
  0x30,  0x6d,  0xab,  0xb2,  0x76,  0x2c,  0xaa,  0x73,  0x91,  0x95,  0x00,  0xf3,  0xdf,  0x15,  0x36,  0x36,
  0xe6,  0x2b,  0x2a,  0x12,  0x8d,  0x82,  0x79,  0xee,  0x7d,  0xeb,  0x47,  0x24,  0x8e,  0x68,  0xa1,  0xd1,
  0xae,  0x27,  0x40,  0x40,  0xe3,  0x9c,  0xe7,  0xa8,  0x18,  0x06,  0xa2,  0x52,  0x4e,  0x2c,  0xda,  0x9c,
  0x6d,  0x34,  0xd1,  0x22,  0x95,  0xe6,  0x32,  0x30,  0x37,  0x7c,  0xa6,  0x87,  0x17,  0xa3,  0x12,  0x92,
  0x8e,  0x84,  0xd1,  0xe0,  0x4c,  0x76,  0x9f,  0xba,  0xc0,  0x73,  0xf4,  0x15,  0x0f,  0x54,  0x52,  0x69,
  0x0c,  0x2a,  0x76,  0x42,  0x0e,  0x09,  0x04,  0x60,  0x76,  0x38,  0x24,  0x55,  0xdd,  0x6a,  0x28,  0xef,
  0x11,  0x55,  0x95,  0x55,  0x89,  0x04,  0xee,  0x27,  0xf9,  0x8a,  0x5d,  0x90,  0xa7,  0xf6,  0x98,  0x10,
  0x48,  0xce,  0xee,  0x40,  0xe3,  0xf2,  0xa7,  0x74,  0x4e,  0xe4,  0x2e,  0x41,  0x56,  0xe3,  0x04,  0xe4,
  0xfe,  0x94,  0xf6,  0x7a,  0x8a,  0xcd,  0xc6,  0xe8,  0x61,  0x25,  0xa7,  0x25,  0x4e,  0xd6,  0x03,  0x07,
  0x8f,  0x7c,  0xd1,  0xa7,  0x2d,  0x8a,  0x6d,  0xb9,  0x02,  0x9c,  0x00,  0x18,  0xf1,  0xcd,  0x53,  0x46,
  0x7e,  0xa4,  0xcf,  0x95,  0x61,  0x8c,  0x8d,  0xc3,  0x3c,  0x76,  0x35,  0x11,  0x57,  0x5a,  0x9a,  0x4a,
  0x56,  0x76,  0x45,  0x76,  0x3f,  0xbb,  0x72,  0xc7,  0xee,  0xe3,  0xf9,  0xf5,  0xab,  0xea,  0x91,  0x2d,
  0xe9,  0x2b,  0x8a,  0x09,  0xf2,  0xa3,  0x2a,  0x40,  0x1d,  0x0f,  0xbd,  0x27,  0x6b,  0xbb,  0x94,  0x9b,
  0x8c,  0x22,  0x23,  0x81,  0x29,  0x41,  0x91,  0xd7,  0x9e,  0x7d,  0xa9,  0x2f,  0x76,  0xe5,  0x4d,  0xf3,
  0xda,  0xe2,  0x72,  0x25,  0x6f,  0x98,  0x70,  0x83,  0x8e,  0xb4,  0xfa,  0x22,  0x65,  0xa4,  0xa4,  0x46,
  0x81,  0x95,  0x83,  0x11,  0x9e,  0xf5,  0x6d,  0xab,  0x58,  0x89,  0x27,  0x7b,  0x97,  0x5b,  0x91,  0xc9,
  0xc1,  0x23,  0xfb,  0xc3,  0x8e,  0xbf,  0xe7,  0xb5,  0x60,  0x8e,  0x97,  0xa8,  0x2f,  0x0b,  0x9c,  0xe4,
  0x8f,  0xf6,  0x87,  0x3d,  0x3f,  0xcf,  0x7a,  0x18,  0x96,  0x85,  0x37,  0x0c,  0x58,  0xb0,  0x18,  0xef,
  0x5b,  0xa6,  0xb6,  0x39,  0xd2,  0x77,  0xb8,  0xf1,  0x9f,  0x35,  0x7e,  0x61,  0xca,  0x1e,  0x3a,  0x54,
  0x74,  0x65,  0xc6,  0xdc,  0xd1,  0x16,  0x30,  0x22,  0xde,  0x01,  0x07,  0x9e,  0x39,  0xf6,  0xa4,  0xfd,
  0xeb,  0x15,  0x17,  0xc9,  0x71,  0x5c,  0x09,  0x4a,  0x8c,  0x80,  0x73,  0xcf,  0xe5,  0x42,  0xf7,  0x6e,
  0x13,  0x7c,  0xf6,  0xb8,  0xde,  0x7c,  0xd6,  0xf9,  0x87,  0x08,  0x38,  0xeb,  0x4f,  0xa2,  0x26,  0x4f,
  0xde,  0x91,  0x1a,  0x06,  0x56,  0x0c,  0x46,  0x7b,  0xd5,  0xb6,  0xad,  0x62,  0x24,  0x9d,  0xcb,  0xad,
  0xc8,  0xeb,  0x82,  0x47,  0xf7,  0x87,  0x1d,  0x7f,  0xcf,  0x6a,  0xc1,  0x1d,  0x2f,  0x50,  0x5e,  0x17,
  0x39,  0xc9,  0x1f,  0xed,  0x0e,  0x7a,  0x7f,  0x9e,  0xf4,  0x31,  0x2d,  0x0a,  0x6e,  0x18,  0xb1,  0x60,
  0x31,  0xde,  0xb7,  0x4d,  0x6c,  0x73,  0xa4,  0xef,  0x71,  0xe3,  0x3e,  0x6a,  0xfc,  0xc3,  0x94,  0x3c,
  0x74,  0xa8,  0xe8,  0xcb,  0x8d,  0xb9,  0xa2,  0x2c,  0x60,  0x45,  0xbc,  0x02,  0x0f,  0x3c,  0x73,  0xed,
  0x49,  0xfb,  0xd6,  0x2a,  0x2f,  0x92,  0xe2,  0x92,  0x7c,  0xa9,  0x0b,  0x61,  0x87,  0x41,  0xed,  0x4d,
  0x5a,  0xea,  0xc4,  0xb6,  0xdc,  0x24,  0x22,  0x9f,  0xdd,  0xa1,  0x53,  0x9d,  0xd9,  0xc7,  0xe7,  0xd6,
  0x9f,  0x56,  0x89,  0x8f,  0xc3,  0x1b,  0x16,  0x13,  0x2c,  0xc4,  0x73,  0xf2,  0x8c,  0xf3,  0xdc,  0xd4,
  0x49,  0x59,  0x68,  0x54,  0x65,  0x7d,  0x19,  0x0b,  0x1c,  0x82,  0xaa,  0x78,  0xe2,  0xad,  0x23,  0x3f,
  0x41,  0x01,  0x2b,  0x38,  0x62,  0x72,  0xc4,  0x70,  0x31,  0xd3,  0x9c,  0xd4,  0xe9,  0xcb,  0x63,  0x44,
  0xda,  0x91,  0x22,  0x10,  0x15,  0x78,  0xc9,  0x18,  0x3f,  0xa5,  0x1b,  0xbd,  0x09,  0xb5,  0xa3,  0x76,
  0x4c,  0x01,  0x00,  0x7c,  0xdc,  0xe3,  0x27,  0xf2,  0xa5,  0x74,  0x37,  0xa0,  0x33,  0x02,  0xaa,  0x40,
  0x23,  0x18,  0xfe,  0x66,  0x95,  0x96,  0xa8,  0xa8,  0x7d,  0x96,  0x45,  0xe6,  0x60,  0x9e,  0x9f,  0x2b,
  0x63,  0x1e,  0xc4,  0x55,  0x72,  0x99,  0xca,  0x43,  0xa3,  0x70,  0x18,  0x0c,  0xe4,  0xb6,  0x40,  0xc8,
  0xa5,  0x28,  0xe8,  0x55,  0x37,  0xef,  0x08,  0xc0,  0x2c,  0x21,  0xc7,  0x38,  0xf9,  0xbe,  0xbe,  0xb4,
  0xaf,  0x79,  0x58,  0xd2,  0xc9,  0x53,  0x2b,  0x96,  0xc5,  0xc3,  0x95,  0x50,  0x41,  0xc1,  0x3c,  0xfb,
  0xd6,  0x96,  0xbc,  0x12,  0x66,  0x1c,  0xde,  0xfc,  0x89,  0x10,  0xf9,  0x8a,  0x06,  0x30,  0x79,  0xa5,
  0x24,  0xc6,  0xec,  0xc7,  0x29,  0x05,  0x9b,  0x3e,  0x9c,  0x73,  0xd2,  0x8e,  0x81,  0x2e,  0xa5,  0x79,
  0x33,  0xf3,  0x67,  0xa3,  0x29,  0xab,  0x44,  0xd4,  0x25,  0x60,  0xc6,  0x35,  0x28,  0xdc,  0x2f,  0x3d,
  0x3a,  0xd4,  0x5d,  0x26,  0xee,  0x6a,  0xbd,  0xe8,  0x44,  0x8f,  0x73,  0x2b,  0x20,  0x52,  0xc5,  0xd7,
  0x9f,  0xf1,  0xaa,  0xb6,  0x84,  0x49,  0xb5,  0x2d,  0x07,  0x36,  0xe3,  0x29,  0x24,  0x01,  0xc0,  0xc9,
  0xa5,  0xb4,  0x50,  0x5d,  0x39,  0x4a,  0xe3,  0x94,  0x80,  0xac,  0x38,  0xdb,  0xb7,  0x93,  0x50,  0xf7,
  0x34,  0x6f,  0x42,  0x6d,  0xd8,  0x61,  0xdf,  0x38,  0xe0,  0x8f,  0x7a,  0x9e,  0x85,  0xf5,  0x0d,  0xd9,
  0x63,  0xed,  0x9e,  0x00,  0xf7,  0xa3,  0xa0,  0x75,  0x21,  0x63,  0xf2,  0x80,  0x31,  0x8c,  0x70,  0x6a,
  0xa3,  0xb9,  0x09,  0xfb,  0xa3,  0x54,  0x95,  0x90,  0x10,  0x01,  0xc2,  0x9c,  0x1a,  0xbd,  0xe2,  0xcc,
  0xf6,  0x94,  0x6c,  0x26,  0xe6,  0x66,  0x70,  0xc5,  0x83,  0xb7,  0x3f,  0xe1,  0x4f,  0xa0,  0x45,  0xb7,
  0x2d,  0x44,  0xdc,  0xca,  0xc8,  0x14,  0xb1,  0x75,  0xe7,  0xeb,  0xeb,  0x45,  0xb4,  0xd4,  0x24,  0xda,
  0x96,  0x83,  0x9b,  0x71,  0x94,  0x92,  0x00,  0xe0,  0x64,  0xd2,  0xda,  0x28,  0x2e,  0x9c,  0xa5,  0x71,
  0xca,  0x40,  0x56,  0x1c,  0x6d,  0xdb,  0xc9,  0xa8,  0x7b,  0x9a,  0x37,  0xa1,  0x36,  0xec,  0x30,  0xef,
  0x9c,  0x70,  0x47,  0xbd,  0x4f,  0x42,  0xfa,  0x86,  0xec,  0xb1,  0xf6,  0xcf,  0x00,  0x7b,  0xd1,  0xd0,
  0x3a,  0x90,  0xb1,  0xf9,  0x40,  0x18,  0xc6,  0x38,  0x35,  0x51,  0xdc,  0x84,  0xfd,  0xd1,  0xaa,  0x4a,
  0xc8,  0x08,  0x00,  0xe1,  0x4e,  0x0d,  0x5e,  0xf1,  0x66,  0x7b,  0x4a,  0x36,  0x13,  0x73,  0x33,  0x38,
  0x62,  0xc1,  0xdb,  0x9f,  0xf0,  0xa7,  0xd0,  0x22,  0xdb,  0x96,  0xa3,  0xd4,  0x11,  0x1b,  0x17,  0x6e,
  0x1b,  0x9e,  0x95,  0x37,  0x4d,  0xab,  0x16,  0xfd,  0xd8,  0x32,  0x28,  0xc9,  0xca,  0xe3,  0x18,  0x55,
  0x15,  0x6c,  0xca,  0x99,  0x61,  0xb0,  0x19,  0x76,  0x8e,  0xa3,  0x9e,  0x7a,  0xd4,  0x7d,  0x92,  0xe3,
  0xd0,  0x6c,  0x87,  0xcb,  0x04,  0x63,  0x27,  0x8c,  0x52,  0x8a,  0x62,  0x4d,  0x22,  0x3d,  0xe4,  0xdc,
  0x21,  0x2a,  0x00,  0x19,  0x23,  0x9f,  0x7a,  0xab,  0x5a,  0x0e,  0xc1,  0xcd,  0xfb,  0xc8,  0xb2,  0xc2,
  0x80,  0xd0,  0x96,  0x3c,  0x6e,  0xe7,  0xe9,  0xe9,  0x59,  0xed,  0x2b,  0x1b,  0x59,  0x4a,  0x98,  0xb2,
  0x38,  0x2e,  0x46,  0x48,  0x2b,  0x8c,  0x8c,  0x53,  0x8a,  0xd0,  0xce,  0xa3,  0xf7,  0x86,  0xf9,  0x99,
  0x23,  0xa7,  0xcc,  0xd8,  0xc7,  0xe1,  0x4f,  0x94,  0x98,  0xc8,  0x82,  0x31,  0xfe,  0xb9,  0x98,  0x64,
  0x75,  0xfa,  0x71,  0x56,  0xfa,  0x10,  0xb5,  0x52,  0x25,  0x84,  0x64,  0xab,  0x1e,  0x8a,  0x47,  0xf2,
  0xa9,  0x9e,  0x89,  0x97,  0x4b,  0x56,  0x3d,  0xc0,  0x30,  0xb0,  0x07,  0x92,  0xa7,  0x15,  0x0a,  0xfc,
  0xc6,  0xf2,  0x4b,  0xd9,  0x95,  0x63,  0x20,  0x3b,  0x9f,  0xbc,  0xdb,  0x47,  0x07,  0xf0,  0xad,  0x9e,
  0xc8,  0xe5,  0x5f,  0x14,  0x85,  0x5c,  0x02,  0x1b,  0x1e,  0xbd,  0x0d,  0x4e,  0xe8,  0xa9,  0xe8,  0x4e,
  0xe3,  0x6b,  0x16,  0xf5,  0x00,  0x9f,  0xce,  0xa6,  0x2f,  0x4b,  0x1a,  0x4e,  0x36,  0x2b,  0xb7,  0xce,
  0xb2,  0x31,  0x18,  0xdb,  0xc7,  0xe5,  0xd6,  0xb5,  0x5a,  0x34,  0xbb,  0x99,  0x4d,  0xa9,  0x46,  0x4f,
  0xb1,  0x3c,  0x04,  0x98,  0xf1,  0xfc,  0x20,  0x8c,  0x7e,  0x55,  0x94,  0xd1,  0xa5,  0x17,  0xad,  0x87,
  0x22,  0x05,  0x88,  0x93,  0xe9,  0xc1,  0xf6,  0xa9,  0x94,  0xb9,  0xa5,  0x62,  0xe3,  0x1e,  0x58,  0xf3,
  0x32,  0xb2,  0x31,  0x32,  0x49,  0x90,  0x08,  0xda,  0x3b,  0xd6,  0xb2,  0x49,  0x24,  0x73,  0x27,  0x79,
  0x48,  0x71,  0x6d,  0xb1,  0x63,  0x3c,  0x95,  0x3d,  0x45,  0x2b,  0x5d,  0x9a,  0x49,  0xda,  0x25,  0x84,
  0xdc,  0x1c,  0x1c,  0x93,  0x9c,  0x67,  0x9f,  0xf6,  0xaa,  0x1d,  0xac,  0x6f,  0xf6,  0x81,  0xf2,  0x58,
  0x9c,  0x91,  0x8c,  0xe3,  0x9f,  0xf6,  0xa8,  0x56,  0xb0,  0x7d,  0xa2,  0xb8,  0x62,  0xd1,  0x60,  0x9e,
  0x40,  0x1d,  0x05,  0x5d,  0xac,  0xcc,  0x20,  0xf9,  0xa2,  0x35,  0xd8,  0x89,  0x23,  0xe0,  0x01,  0xb4,
  0xf7,  0xaa,  0x8a,  0xba,  0x66,  0x6d,  0xda,  0x51,  0xb1,  0x65,  0xd0,  0x3c,  0x40,  0x8f,  0x41,  0xb8,
  0x8f,  0x4a,  0xc6,  0x32,  0xe5,  0x95,  0x8e,  0x99,  0x46,  0xf1,  0xe6,  0x40,  0x88,  0x16,  0x22,  0x4f,
  0xa1,  0xc1,  0xf6,  0xa2,  0x52,  0xe6,  0x95,  0x82,  0x31,  0xe5,  0x8f,  0x33,  0x2b,  0x23,  0x13,  0x24,
  0x99,  0x00,  0x8d,  0xa3,  0xbd,  0x6b,  0x24,  0x92,  0x47,  0x32,  0x77,  0x94,  0x87,  0x16,  0xdb,  0x16,
  0x33,  0xc9,  0x53,  0xd4,  0x52,  0xb5,  0xd9,  0xa4,  0x9d,  0xa2,  0x58,  0x4d,  0xc1,  0xc1,  0xc9,  0x39,
  0xc6,  0x79,  0xff,  0x00,  0x6a,  0xa1,  0xda,  0xc6,  0xff,  0x00,  0x68,  0x1f,  0x25,  0x89,  0xc9,  0x18,
  0xce,  0x39,  0xff,  0x00,  0x6a,  0x85,  0x6b,  0x07,  0xda,  0x2b,  0x86,  0x2d,  0x16,  0x09,  0xe4,  0x01,
  0xd0,  0x55,  0xda,  0xcc,  0xc2,  0x0f,  0x9a,  0x23,  0x5d,  0x88,  0x92,  0x3e,  0x00,  0x1b,  0x4f,  0x7a,
  0xa8,  0xab,  0xa6,  0x66,  0xdd,  0xa5,  0x1b,  0x16,  0x5d,  0x03,  0xc4,  0x08,  0xf4,  0x1b,  0x88,  0xf4,
  0xac,  0x63,  0x2e,  0x59,  0x58,  0xe9,  0x94,  0x6f,  0x1e,  0x64,  0x36,  0x62,  0x42,  0x63,  0xf8,  0x59,
  0x88,  0x3f,  0x95,  0x55,  0x34,  0x45,  0x67,  0xad,  0x88,  0x17,  0xe4,  0x58,  0xc8,  0x19,  0x0d,  0x91,
  0xf9,  0xf4,  0xad,  0x5e,  0xad,  0xae,  0xc6,  0x70,  0xf7,  0x63,  0x17,  0xdc,  0xb0,  0x83,  0x73,  0x06,
  0xf6,  0x2c,  0x07,  0xe3,  0x59,  0x49,  0xe9,  0x63,  0x58,  0x40,  0x81,  0xb0,  0x49,  0x6c,  0x7a,  0x75,
  0x35,  0x7b,  0x23,  0x38,  0xfb,  0xc2,  0x39,  0x1b,  0xd0,  0xf4,  0x6d,  0xa7,  0x8f,  0xce,  0x85,  0xb3,
  0x25,  0xfc,  0x51,  0x2d,  0x20,  0x02,  0x15,  0x04,  0xf2,  0x14,  0x66,  0xb2,  0x6d,  0xf3,  0x1d,  0x51,
  0x4b,  0xd9,  0x8c,  0x98,  0x6d,  0x67,  0x61,  0xd1,  0x89,  0xfe,  0x55,  0x70,  0xd5,  0x23,  0x0a,  0xba,
  0x48,  0x8a,  0x40,  0x31,  0x0b,  0x28,  0xc0,  0xc6,  0x7a,  0xf5,  0xe2,  0xa9,  0x6b,  0x7b,  0x90,  0xf4,
  0x8c,  0x44,  0x98,  0xed,  0x0c,  0x3b,  0x32,  0xff,  0x00,  0x21,  0x8a,  0x69,  0x26,  0xd7,  0x90,  0xe6,
  0xed,  0x17,  0xe6,  0x4d,  0x0e,  0xdd,  0x85,  0xb3,  0xc9,  0x60,  0x48,  0xf4,  0xac,  0xa6,  0x6b,  0x49,
  0x75,  0x1b,  0x1c,  0x8a,  0xa0,  0xa3,  0x9c,  0x33,  0x12,  0x4e,  0x7b,  0x77,  0xa2,  0x51,  0x6d,  0xdd,
  0x0e,  0x33,  0x51,  0x5c,  0xb2,  0x18,  0x13,  0x13,  0x48,  0x4e,  0x4e,  0x54,  0x71,  0x5a,  0x3d,  0x91,
  0x82,  0xf8,  0x98,  0xf0,  0x33,  0x1e,  0x09,  0xe8,  0x0f,  0x6a,  0x87,  0xb9,  0xa3,  0xd6,  0x3a,  0x8e,
  0x90,  0x12,  0x48,  0x2d,  0x91,  0x80,  0x32,  0x3e,  0xb4,  0x47,  0x45,  0x73,  0x4a,  0x89,  0xbd,  0xd9,
  0x14,  0x43,  0x09,  0x27,  0x00,  0x83,  0x95,  0xeb,  0xed,  0x5a,  0x4f,  0x75,  0x63,  0x99,  0x7c,  0x2c,
  0x96,  0x36,  0x01,  0x90,  0x7a,  0x9e,  0x7d,  0xb8,  0xa9,  0x9e,  0xa9,  0x97,  0x4f,  0x49,  0x0f,  0x90,
  0x96,  0xb6,  0x6f,  0xf7,  0x7f,  0xa5,  0x64,  0x92,  0xe7,  0x36,  0x93,  0xfd,  0xd9,  0x59,  0x7f,  0xd6,
  0xc8,  0x18,  0x64,  0x1c,  0x0f,  0xe5,  0x5b,  0xcb,  0xe1,  0x4c,  0xe7,  0x8a,  0xf7,  0xa4,  0x28,  0x52,
  0xdc,  0x00,  0x3a,  0x11,  0x92,  0x7e,  0xb4,  0xb6,  0x07,  0xa9,  0x38,  0xce,  0xe2,  0x01,  0x1b,  0x87,
  0xf4,  0x22,  0xa7,  0x4b,  0x1a,  0xb6,  0xdc,  0xb4,  0x02,  0x4e,  0xe5,  0x07,  0x1b,  0x8f,  0x1e,  0xdd,
  0x4d,  0x1a,  0x58,  0x13,  0x6a,  0x5a,  0x90,  0x11,  0xb4,  0x6d,  0x2a,  0x3a,  0x63,  0x39,  0xfa,  0x55,
  0x5e,  0xe6,  0x4b,  0xdd,  0x11,  0xbf,  0xd6,  0xc6,  0x14,  0x60,  0x0c,  0x8f,  0xe7,  0x4e,  0x3f,  0x0b,
  0x61,  0x25,  0xef,  0x45,  0x16,  0x50,  0x95,  0xb7,  0x1f,  0xee,  0x8f,  0xc7,  0x8a,  0xc5,  0xa5,  0xce,
  0x74,  0x45,  0xbf,  0x66,  0x0e,  0x4b,  0x5b,  0x37,  0xfb,  0xbf,  0xd2,  0x92,  0x4b,  0x9c,  0x24,  0xdf,
  0xb3,  0x2b,  0x2f,  0xfa,  0xd9,  0x03,  0x0c,  0x83,  0x81,  0xfc,  0xab,  0x79,  0x7c,  0x29,  0x9c,  0xf1,
  0x5e,  0xf4,  0x85,  0x0a,  0x5b,  0x80,  0x07,  0x42,  0x32,  0x4f,  0xd6,  0x96,  0xc0,  0xf5,  0x27,  0x19,
  0xdc,  0x40,  0x23,  0x70,  0xfe,  0x84,  0x54,  0xe9,  0x63,  0x56,  0xdb,  0x96,  0x80,  0x49,  0xdc,  0xa0,
  0xe3,  0x71,  0xe3,  0xdb,  0xa9,  0xa3,  0x4b,  0x02,  0x6d,  0x4b,  0x52,  0x02,  0x36,  0x8d,  0xa5,  0x47,
  0x4c,  0x67,  0x3f,  0x4a,  0xab,  0xdc,  0xc9,  0x7b,  0xa2,  0x37,  0xfa,  0xd8,  0xc2,  0x8c,  0x01,  0x91,
  0xfc,  0xe9,  0xc7,  0xe1,  0x6c,  0x24,  0xbd,  0xe8,  0xa2,  0xca,  0x12,  0xb6,  0xe3,  0xfd,  0xd1,  0xf8,
  0xf1,  0x58,  0xb4,  0xb9,  0xce,  0x88,  0xb7,  0xec,  0xc6,  0x48,  0xc0,  0xb3,  0x03,  0xd0,  0x1e,  0x3f,
  0x2a,  0xd2,  0x1a,  0x24,  0x63,  0x53,  0x59,  0x11,  0x4b,  0xf3,  0x24,  0x7c,  0x00,  0x17,  0x03,  0xaf,
  0x7c,  0x55,  0x43,  0x46,  0xee,  0x44,  0x97,  0xba,  0x89,  0x63,  0x04,  0x15,  0x0a,  0x70,  0x00,  0x23,
  0x27,  0xeb,  0x59,  0xca,  0xcd,  0x5c,  0xe9,  0x82,  0x68,  0x69,  0x18,  0x8c,  0x00,  0x7a,  0x81,  0xce,
  0x28,  0xdd,  0x99,  0xad,  0x23,  0xa1,  0x19,  0x40,  0x65,  0x8c,  0x8c,  0x8c,  0x29,  0xe2,  0xad,  0x6a,
  0x9d,  0x8c,  0xdf,  0xc4,  0xae,  0x49,  0x24,  0x8a,  0xca,  0x11,  0x0e,  0x59,  0x4e,  0xe1,  0x8e,  0xfd,
  0xeb,  0x38,  0xc1,  0xa7,  0x76,  0x6f,  0x29,  0xa9,  0x2e,  0x54,  0x3a,  0x6c,  0x6c,  0x0d,  0x9e,  0x43,
  0x70,  0x28,  0x80,  0xab,  0x2d,  0x2e,  0x45,  0x09,  0x2c,  0x14,  0x76,  0x55,  0xfe,  0x63,  0x15,  0xab,
  0x56,  0x6f,  0xcc,  0xca,  0x2e,  0xe9,  0x79,  0x04,  0xe3,  0x3e,  0x63,  0x0f,  0xba,  0xa8,  0x71,  0xf8,
  0x81,  0x4a,  0x2f,  0x41,  0x4d,  0x75,  0x1d,  0xc9,  0x86,  0x3c,  0x1e,  0x3a,  0x1c,  0x75,  0xa5,  0xa2,
  0x93,  0xb9,  0xb6,  0xf0,  0x56,  0x1a,  0x57,  0x25,  0x14,  0x9c,  0xee,  0x6c,  0x13,  0x8e,  0xdc,  0xd0,
  0xdd,  0x91,  0x2e,  0x1c,  0xc1,  0xd1,  0xd8,  0x2e,  0x78,  0x51,  0xcd,  0x2f,  0xb3,  0xa8,  0x72,  0xda,
  0x43,  0xb2,  0x30,  0x49,  0x38,  0x38,  0x38,  0x07,  0xbd,  0x2e,  0xa5,  0x4b,  0xe1,  0x27,  0x91,  0x77,
  0x7a,  0xf4,  0x1d,  0xb8,  0xa9,  0x8b,  0xd0,  0xba,  0x88,  0x6a,  0x28,  0xf2,  0xe3,  0x24,  0x70,  0xd9,
  0x63,  0xf9,  0x66,  0xaa,  0x4f,  0x56,  0x65,  0x18,  0xae,  0x52,  0x44,  0x00,  0x6e,  0x2d,  0x8f,  0x5f,
  0xd2,  0xa6,  0x4d,  0xd8,  0x71,  0xf8,  0x88,  0xc3,  0x93,  0x10,  0x0e,  0x4f,  0xa9,  0xe7,  0xd2,  0x87,
  0x0b,  0x49,  0x96,  0xa6,  0xa5,  0x4e,  0x24,  0x21,  0x55,  0xae,  0x64,  0x66,  0x19,  0x20,  0x8e,  0xfe,
  0xf5,  0x6d,  0xda,  0x08,  0xce,  0x31,  0xfd,  0xe4,  0x85,  0x24,  0x6c,  0xe3,  0xaf,  0x34,  0xf7,  0x62,
  0x96,  0x9b,  0x12,  0x8c,  0x21,  0x3b,  0x80,  0x19,  0x3c,  0x64,  0xfb,  0xe6,  0xa5,  0xea,  0x8a,  0x7e,
  0xe8,  0x1c,  0x39,  0x05,  0x40,  0xe0,  0xf3,  0xcf,  0xe3,  0x42,  0xd1,  0x02,  0xf7,  0x88,  0x81,  0x52,
  0x98,  0x3d,  0x78,  0xaa,  0xd9,  0x93,  0x1d,  0x44,  0x2a,  0xab,  0x71,  0x1b,  0x28,  0xc1,  0x24,  0xf1,
  0x9f,  0x7a,  0x49,  0xde,  0x0c,  0x72,  0x8f,  0xef,  0x22,  0x4c,  0x5c,  0x88,  0x88,  0x42,  0x4f,  0x71,
  0xc8,  0xef,  0x51,  0x18,  0x5e,  0x48,  0xd1,  0xcd,  0x46,  0x9b,  0x00,  0xe4,  0xc4,  0x03,  0x93,  0xea,
  0x79,  0xf4,  0xa1,  0xc6,  0xd2,  0x60,  0xa6,  0xa5,  0x4d,  0x10,  0x85,  0x56,  0xb9,  0x90,  0xb0,  0xc9,
  0x04,  0x71,  0x9f,  0x7a,  0xb6,  0xed,  0x04,  0x67,  0x18,  0xfe,  0xf2,  0x4c,  0x52,  0x46,  0xce,  0x3a,
  0xf3,  0x4f,  0x76,  0x29,  0x69,  0xb1,  0x28,  0xc2,  0x13,  0xb8,  0x01,  0x93,  0xc6,  0x4f,  0xbe,  0x6a,
  0x5e,  0xa8,  0xa7,  0xee,  0x81,  0xc3,  0x90,  0x54,  0x0e,  0x0f,  0x3c,  0xfe,  0x34,  0x2d,  0x10,  0x2f,
  0x78,  0x88,  0x15,  0x29,  0x83,  0xd7,  0x8a,  0xad,  0x99,  0x31,  0xd4,  0x42,  0xaa,  0xb7,  0x11,  0xb2,
  0x8c,  0x12,  0x4f,  0x19,  0xf7,  0xa4,  0x9d,  0xe0,  0xc7,  0x28,  0xfe,  0xf2,  0x24,  0xc5,  0xc8,  0x88,
  0x84,  0x24,  0xf7,  0x1c,  0x8e,  0xf5,  0x11,  0x85,  0xe4,  0x8d,  0x1c,  0xd4,  0x69,  0xb2,  0x47,  0x00,
  0xe0,  0xae,  0x3d,  0x79,  0x1e,  0xd4,  0x45,  0xbb,  0x11,  0x2f,  0x88,  0x8d,  0xd5,  0x7c,  0xb9,  0x08,
  0x1c,  0x2e,  0x08,  0xfc,  0xb3,  0x55,  0x17,  0xaa,  0x14,  0xa3,  0xee,  0x8f,  0x8d,  0x71,  0xeb,  0xd0,
  0xf6,  0xe2,  0xa6,  0x4f,  0x43,  0x5a,  0x68,  0xaf,  0x95,  0xc0,  0x20,  0xe4,  0xe0,  0x67,  0x15,  0x5d,
  0x4c,  0xe3,  0xf0,  0x8d,  0x1c,  0xc8,  0x81,  0x8f,  0x55,  0x3c,  0x8a,  0xa5,  0xa4,  0x74,  0x15,  0xaf,
  0x20,  0x0b,  0x8d,  0xca,  0xa7,  0x1b,  0x58,  0x00,  0x71,  0xdb,  0x8a,  0x13,  0xba,  0x1f,  0x25,  0x87,
  0x72,  0x21,  0x93,  0x27,  0xe5,  0xe8,  0x32,  0x28,  0xd1,  0xc9,  0x58,  0x2f,  0x68,  0x3b,  0x8d,  0x80,
  0x60,  0xc4,  0xc7,  0xee,  0xb2,  0x0c,  0xfe,  0x00,  0xd3,  0x93,  0xd0,  0xca,  0x9e,  0x9a,  0x8f,  0x9f,
  0x28,  0xae,  0x18,  0x0c,  0x30,  0xa9,  0x8e,  0xad,  0x1a,  0xd4,  0x8f,  0x2a,  0x92,  0x14,  0x0d,  0xd1,
  0x8c,  0x70,  0x14,  0x65,  0x97,  0xea,  0x38,  0xa4,  0xdd,  0x9b,  0xb9,  0x50,  0x8f,  0x3c,  0x23,  0x61,
  0x97,  0x19,  0x40,  0x08,  0xfe,  0x13,  0x81,  0xfa,  0xd1,  0x0f,  0x7a,  0xe3,  0xab,  0xee,  0x72,  0x8d,
  0x73,  0x87,  0x62,  0xdd,  0x0a,  0x0a,  0x6b,  0x62,  0x65,  0xf1,  0x11,  0xe3,  0xe7,  0xc1,  0x3d,  0x33,
  0x5a,  0x5d,  0x38,  0xdd,  0x19,  0xcb,  0x7e,  0x52,  0xf3,  0x60,  0x03,  0xc8,  0x00,  0x0c,  0xf4,  0xf6,
  0x3f,  0xe7,  0xbd,  0x73,  0xa3,  0xaa,  0x63,  0xad,  0xc8,  0x31,  0x1f,  0x97,  0xee,  0x8c,  0x0a,  0xa9,
  0xe8,  0xcc,  0x17,  0xc2,  0x2b,  0x71,  0xc0,  0x6c,  0x6e,  0xe3,  0xf4,  0x1f,  0xfc,  0x55,  0x2b,  0xa6,
  0x12,  0xb9,  0x0b,  0x63,  0x04,  0x0e,  0xd9,  0xfe,  0x55,  0x5b,  0x6a,  0xc9,  0xf8,  0x97,  0x2a,  0x19,
  0xb7,  0xf7,  0xef,  0xb5,  0xb6,  0xa8,  0x03,  0x3c,  0x7a,  0xf1,  0x47,  0x32,  0x70,  0x2d,  0xc1,  0xc6,
  0xa5,  0x80,  0x29,  0x48,  0xc1,  0x3e,  0xf4,  0xef,  0xcd,  0xb1,  0x9c,  0xb4,  0x26,  0x0b,  0xe6,  0x1d,
  0xdd,  0x89,  0xc0,  0xfc,  0xaa,  0x13,  0xb2,  0x37,  0x71,  0xe6,  0x02,  0xbe,  0x59,  0xc9,  0xe8,  0x38,
  0x38,  0xf7,  0x14,  0x37,  0x74,  0x0a,  0x3c,  0xa4,  0x3b,  0x4b,  0xa1,  0x23,  0x1d,  0xaa,  0xef,  0xcb,
  0xb9,  0x84,  0x75,  0x10,  0x28,  0xf3,  0xd3,  0x73,  0x6e,  0x52,  0x0e,  0x38,  0xf4,  0xe2,  0x93,  0x92,
  0x50,  0x34,  0x50,  0x72,  0xab,  0x62,  0x45,  0xc6,  0x00,  0x3d,  0xf1,  0xfc,  0xa8,  0xdf,  0x54,  0x47,
  0xc2,  0xb9,  0x58,  0x36,  0x30,  0x71,  0xdb,  0x3f,  0xca,  0x8d,  0x95,  0xd8,  0x7c,  0x4b,  0x95,  0x0c,
  0xda,  0x3c,  0xf7,  0xda,  0xdb,  0x54,  0x01,  0x9e,  0x3d,  0x78,  0xa3,  0x99,  0x38,  0x16,  0xe0,  0xe3,
  0x52,  0xc0,  0x14,  0xa4,  0x60,  0x9f,  0x7a,  0x77,  0xe6,  0xd8,  0xce,  0x5a,  0x13,  0x05,  0xf3,  0x0e,
  0xee,  0xc4,  0xe0,  0x7e,  0x55,  0x09,  0xd9,  0x1b,  0xb8,  0xf3,  0x01,  0x5f,  0x2c,  0xe4,  0xf4,  0x1c,
  0x1c,  0x7b,  0x8a,  0x1b,  0xba,  0x05,  0x1e,  0x52,  0x1d,  0xa5,  0xd0,  0x91,  0x8e,  0xd5,  0x77,  0xe5,
  0xdc,  0xc2,  0x3a,  0x88,  0x14,  0x79,  0xe9,  0xb9,  0xb7,  0x29,  0x07,  0x1c,  0x7a,  0x71,  0x49,  0xc9,
  0x28,  0x1a,  0x28,  0x39,  0x55,  0xb1,  0x22,  0xe3,  0x00,  0x1e,  0xf8,  0xfe,  0x54,  0x6f,  0xaa,  0x23,
  0x65,  0xca,  0xc9,  0x57,  0x9e,  0x0b,  0x64,  0x8e,  0x3f,  0x4f,  0xfe,  0xb5,  0x4d,  0xd2,  0x2e,  0x3a,
  0x85,  0xc9,  0x02,  0x21,  0xf2,  0xfd,  0xe1,  0x83,  0xcd,  0x38,  0x6a,  0xc4,  0xfe,  0x11,  0xab,  0x82,
  0xa0,  0xe4,  0x10,  0x46,  0x7a,  0x76,  0x20,  0x54,  0x33,  0x7a,  0x65,  0x1c,  0x65,  0xc0,  0x07,  0xae,
  0x2b,  0xa6,  0xe9,  0x46,  0xec,  0xe5,  0x8a,  0xd7,  0x94,  0x92,  0x33,  0xb9,  0xd4,  0xaf,  0x40,  0x86,
  0xb3,  0x7b,  0x1a,  0x47,  0xe2,  0x1d,  0x6f,  0x96,  0x04,  0x9f,  0xe2,  0x38,  0xfe,  0x55,  0x33,  0xf7,
  0x6c,  0x55,  0x2f,  0x7f,  0x98,  0x7b,  0x0d,  0xb1,  0x37,  0x70,  0xc3,  0x2a,  0xa7,  0xe9,  0xcd,  0x34,
  0xee,  0xd5,  0x85,  0x28,  0xf2,  0x42,  0x57,  0x12,  0x0c,  0xba,  0xa8,  0x51,  0xc2,  0x8a,  0x1e,  0x8d,
  0x93,  0x4d,  0x5d,  0x45,  0x04,  0xb8,  0x29,  0x23,  0x13,  0xf7,  0x46,  0x70,  0x69,  0xad,  0xd0,  0xa7,
  0x2b,  0xc5,  0xb6,  0x00,  0xfe,  0xe5,  0x08,  0x3f,  0x2e,  0x31,  0x83,  0xdf,  0x8e,  0x28,  0x6a,  0xcd,
  0xdc,  0xa4,  0xdf,  0x24,  0x79,  0x46,  0xca,  0x37,  0x95,  0x19,  0xc6,  0xe3,  0xcf,  0xeb,  0x49,  0x7b,
  0xb7,  0x2a,  0x7e,  0xff,  0x00,  0x2d,  0xc4,  0x3c,  0xc8,  0xdd,  0xf0,  0x83,  0x8a,  0x6b,  0x62,  0x65,
  0xf1,  0x11,  0xe1,  0x83,  0x03,  0x8c,  0xe7,  0x3d,  0x2a,  0xf9,  0x93,  0x56,  0x22,  0x49,  0xfc,  0x45,
  0xe2,  0x4f,  0x63,  0x8f,  0x6c,  0xfb,  0x1f,  0xf3,  0xda,  0xb0,  0x47,  0x4c,  0xec,  0x10,  0x95,  0x58,
  0x46,  0x47,  0x0e,  0xb9,  0x15,  0x52,  0xd5,  0x98,  0x2f,  0x84,  0x71,  0xc9,  0x07,  0x9c,  0x11,  0xc8,
  0x3f,  0x87,  0xff,  0x00,  0x5a,  0x86,  0xd2,  0x07,  0xa9,  0x0b,  0x1c,  0xa9,  0x38,  0xeb,  0x9e,  0x9f,
  0x4a,  0xad,  0xb4,  0x64,  0xef,  0x1e,  0x64,  0x47,  0xb9,  0x8d,  0xc3,  0x90,  0x76,  0x91,  0x80,  0x47,
  0xeb,  0x46,  0x8a,  0x03,  0x5c,  0xd2,  0xa9,  0x71,  0x14,  0xfc,  0x80,  0x31,  0x3d,  0xe9,  0xdb,  0xb1,
  0x32,  0xf3,  0x27,  0x72,  0x55,  0xb8,  0x19,  0x07,  0xa6,  0x3e,  0x95,  0x09,  0x5d,  0x6a,  0x6b,  0x29,
  0x58,  0x10,  0x97,  0x6e,  0x41,  0xc0,  0xeb,  0x9f,  0xa5,  0x0d,  0x59,  0x0e,  0x32,  0xbe,  0xe4,  0x04,
  0xfc,  0x84,  0x29,  0x3d,  0xaa,  0xd2,  0xee,  0x63,  0x1f,  0x21,  0x77,  0x30,  0xb8,  0x42,  0x4e,  0xe2,
  0x73,  0x81,  0x8a,  0x5a,  0x38,  0x17,  0xac,  0x6a,  0x5c,  0x91,  0x4e,  0x14,  0x1c,  0x74,  0x03,  0xaf,
  0xd2,  0x8d,  0xdd,  0x91,  0x3b,  0x46,  0xec,  0x18,  0xe5,  0x49,  0x23,  0xae,  0x7a,  0x7d,  0x28,  0xdb,
  0x46,  0x1b,  0xc7,  0x99,  0x11,  0xee,  0x63,  0x70,  0xe4,  0x1d,  0xa4,  0x60,  0x11,  0xfa,  0xd1,  0xa2,
  0x80,  0xd7,  0x34,  0xaa,  0x5c,  0x45,  0x3f,  0x20,  0x0c,  0x4f,  0x7a,  0x76,  0xec,  0x4c,  0xbc,  0xc9,
  0xdc,  0x95,  0x6e,  0x06,  0x41,  0xe9,  0x8f,  0xa5,  0x42,  0x57,  0x5a,  0x9a,  0xca,  0x56,  0x04,  0x25,
  0xdb,  0x90,  0x70,  0x3a,  0xe7,  0xe9,  0x43,  0x56,  0x43,  0x8c,  0xaf,  0xb9,  0x01,  0x3f,  0x21,  0x0a,
  0x7d,  0x2a,  0xed,  0xdc,  0xc6,  0x3e,  0x42,  0xee,  0x61,  0x70,  0x84,  0x9d,  0xc4,  0xe7,  0x03,  0x14,
  0xb4,  0x70,  0x2f,  0x58,  0xd4,  0xb9,  0x22,  0x9c,  0x28,  0x38,  0xe8,  0x07,  0x5f,  0xa5,  0x1b,  0xbb,
  0x22,  0x76,  0x8d,  0xd9,  0x30,  0xc8,  0x00,  0xee,  0xc9,  0x23,  0x24,  0xfe,  0x1f,  0xfd,  0x7a,  0x94,
  0xd3,  0x29,  0x68,  0x36,  0x62,  0xad,  0x11,  0xc2,  0xfd,  0xc5,  0xcf,  0x26,  0x88,  0xe8,  0xc1,  0xfc,
  0x20,  0x09,  0xe8,  0x4e,  0x70,  0x33,  0x8c,  0x8f,  0x41,  0xfe,  0x7b,  0xd4,  0xc8,  0xda,  0x9b,  0x28,
  0xed,  0x62,  0x73,  0x8c,  0x63,  0x1d,  0x6b,  0xa3,  0x99,  0x25,  0x66,  0x73,  0xc5,  0x3d,  0xc9,  0x00,
  0xc4,  0x8b,  0xdb,  0x28,  0x78,  0xac,  0xde,  0xa8,  0xb8,  0xfc,  0x42,  0xc4,  0x36,  0x16,  0x19,  0xe4,
  0x1e,  0x3f,  0x4a,  0x4f,  0xde,  0xb1,  0x50,  0xf7,  0x39,  0xac,  0x38,  0x9c,  0xc4,  0xe5,  0xb9,  0x5e,
  0x9b,  0x47,  0x6e,  0x29,  0xa5,  0x76,  0xac,  0x4b,  0x6f,  0x92,  0x5c,  0xc2,  0x45,  0x8f,  0x2e,  0x36,
  0x07,  0xef,  0x0c,  0xf1,  0x43,  0xdd,  0x93,  0x09,  0x5a,  0x2a,  0xc3,  0x2e,  0x33,  0xb9,  0x8f,  0xf0,
  0xb2,  0x1e,  0x3f,  0x01,  0x57,  0x1d,  0x8c,  0xea,  0x0f,  0x00,  0xb4,  0x48,  0x54,  0xfd,  0xda,  0x9e,
  0x6b,  0x49,  0xdc,  0xda,  0xd7,  0x86,  0x83,  0x0b,  0x10,  0xca,  0x32,  0x59,  0xd4,  0x96,  0x18,  0x1f,
  0x5a,  0x76,  0xba,  0x21,  0xc9,  0xad,  0x87,  0x1c,  0xb3,  0xb6,  0x70,  0x0e,  0x05,  0x27,  0xa4,  0x44,
  0x9d,  0xe4,  0x38,  0x64,  0x2b,  0x0e,  0xd8,  0x35,  0x3d,  0x4d,  0x1e,  0xb1,  0x25,  0x95,  0xc8,  0xe3,
  0xd8,  0x70,  0x46,  0x0d,  0x28,  0xaf,  0x74,  0xba,  0x8b,  0x51,  0x91,  0xbf,  0xc8,  0xbc,  0x63,  0x61,
  0xdb,  0xfa,  0x62,  0xaa,  0x4b,  0x56,  0x63,  0x19,  0x7b,  0xa4,  0x91,  0xc8,  0x01,  0xc6,  0x49,  0xc9,
  0x20,  0x64,  0x7b,  0x54,  0xca,  0x2e,  0xc5,  0x45,  0xfb,  0xc3,  0x42,  0x05,  0x83,  0x23,  0x69,  0xc7,
  0x3d,  0x3a,  0x8e,  0xf5,  0x2d,  0xb7,  0x26,  0x69,  0xee,  0xaa,  0x71,  0x20,  0xdf,  0x8b,  0x87,  0xc2,
  0xee,  0x52,  0x47,  0xf3,  0xad,  0x5a,  0xbc,  0x15,  0xcc,  0x62,  0xdf,  0xb4,  0x90,  0xf0,  0x77,  0x2e,
  0x31,  0xcf,  0x34,  0x6c,  0xc1,  0xd9,  0x92,  0x2e,  0x37,  0x30,  0x20,  0xe7,  0x3f,  0xd7,  0x15,  0x2f,
  0x45,  0xa1,  0x4b,  0x57,  0xa8,  0x3e,  0x37,  0x20,  0x00,  0xf5,  0xfc,  0xf9,  0xc5,  0x11,  0xd8,  0x36,
  0x7a,  0x11,  0x93,  0xb5,  0x76,  0x91,  0xf3,  0x71,  0x55,  0x6b,  0xb2,  0x53,  0xb0,  0xc2,  0xd9,  0xb8,
  0x8f,  0x2b,  0xb5,  0x41,  0x3f,  0xce,  0x84,  0xbd,  0xc6,  0x12,  0x6f,  0xda,  0x44,  0x9c,  0xa0,  0x68,
  0x49,  0x38,  0x19,  0xe7,  0xa7,  0x41,  0xda,  0xb2,  0x4d,  0xa9,  0x23,  0x6f,  0x75,  0xd3,  0x90,  0xaa,
  0x81,  0x61,  0xc8,  0xc1,  0xc7,  0x3d,  0x3b,  0x77,  0xa1,  0xb6,  0xe4,  0xc3,  0xdd,  0x54,  0xe2,  0x57,
  0xdf,  0x8b,  0x97,  0xc2,  0xee,  0x52,  0x47,  0xf3,  0xad,  0x5a,  0xbc,  0x15,  0xcc,  0x62,  0xdf,  0xb4,
  0x90,  0xf0,  0x77,  0x2e,  0x31,  0xcf,  0x34,  0x6c,  0xc1,  0xd9,  0x92,  0x26,  0x37,  0x38,  0x20,  0xe7,
  0x3f,  0xd7,  0x15,  0x2f,  0x45,  0xa1,  0x4b,  0x57,  0xa8,  0x3e,  0x37,  0x20,  0x00,  0xf5,  0xfc,  0xf9,
  0xc5,  0x11,  0xd8,  0x36,  0x7a,  0x11,  0x93,  0xb5,  0x76,  0x91,  0xf3,  0x71,  0x54,  0x95,  0xd9,  0x29,
  0xa4,  0x30,  0xbe,  0x6e,  0x23,  0x05,  0x76,  0xa8,  0x27,  0xf9,  0xd0,  0x97,  0xb8,  0xc2,  0x4f,  0xf7,
  0x91,  0x27,  0x64,  0x0d,  0x0e,  0x4e,  0x06,  0x79,  0xe9,  0xd0,  0x76,  0xac,  0x93,  0x6a,  0x48,  0xdb,
  0xdd,  0x74,  0xd8,  0xe9,  0x24,  0x04,  0xe3,  0x24,  0x60,  0x80,  0x70,  0x3d,  0xaa,  0xa3,  0x17,  0x63,
  0x29,  0x3f,  0x78,  0x8e,  0x49,  0x3f,  0x76,  0x78,  0xfb,  0xe7,  0x18,  0xfc,  0x31,  0x55,  0x15,  0xaa,
  0x14,  0xa5,  0xee,  0x8f,  0x89,  0x8e,  0x47,  0xd0,  0xf6,  0xc9,  0xa9,  0x92,  0x56,  0x36,  0xa7,  0x7b,
  0x91,  0x1c,  0x90,  0xa3,  0x8c,  0x60,  0x62,  0x9f,  0x53,  0x38,  0xfc,  0x23,  0x06,  0x56,  0x45,  0xc6,
  0x09,  0xda,  0x71,  0x54,  0xb5,  0x89,  0x0e,  0x56,  0x90,  0x81,  0x89,  0x66,  0x04,  0x95,  0x76,  0x21,
  0x8e,  0x46,  0x3d,  0x29,  0xda,  0xc8,  0x71,  0x93,  0x6f,  0x51,  0xe4,  0x11,  0x13,  0x96,  0x3f,  0x7b,
  0xb6,  0x29,  0x73,  0x27,  0x25,  0x62,  0xed,  0xcb,  0x06,  0x98,  0xcb,  0x7f,  0xbc,  0xbd,  0xc2,  0xa0,
  0x18,  0xfc,  0x0d,  0x54,  0xb6,  0x31,  0xa7,  0xd4,  0x57,  0x1b,  0x96,  0x46,  0x1d,  0x55,  0x78,  0xfc,
  0xb3,  0x45,  0xec,  0xd7,  0x98,  0xdf,  0xbd,  0x19,  0x79,  0x13,  0x42,  0x49,  0x42,  0x3f,  0x84,  0x30,
  0xc7,  0xbd,  0x67,  0x50,  0xd2,  0x8c,  0xb5,  0x08,  0x86,  0xd8,  0xce,  0x47,  0x20,  0xfc,  0xa7,  0xdb,
  0xa5,  0x4c,  0x9b,  0x6e,  0xc8,  0xd2,  0x31,  0xe5,  0x87,  0x33,  0x2b,  0xab,  0x13,  0x2c,  0x99,  0x1b,
  0x86,  0xd1,  0x5b,  0x74,  0x47,  0x37,  0xda,  0x91,  0x26,  0xed,  0xb1,  0x70,  0x79,  0xc1,  0xea,  0x2a,
  0x2d,  0x76,  0x5c,  0xbd,  0xd4,  0x3e,  0x5d,  0xcb,  0xb8,  0xe7,  0x27,  0x68,  0x3f,  0xad,  0x28,  0xd9,
  0xab,  0x1a,  0xd4,  0x4d,  0x6c,  0x43,  0x1e,  0xd1,  0x1c,  0xc5,  0x86,  0x71,  0x9e,  0x87,  0xbe,  0x2b,
  0x49,  0xea,  0xd5,  0x8e,  0x65,  0xf0,  0xc9,  0x93,  0xc3,  0x86,  0x0a,  0xc7,  0xf8,  0x4f,  0xf4,  0xa9,
  0x9e,  0xcc,  0xba,  0x57,  0x72,  0x1f,  0x20,  0xff,  0x00,  0x47,  0x3b,  0x7b,  0xaf,  0x1f,  0x95,  0x64,
  0x9f,  0xbe,  0x6f,  0x28,  0xfe,  0xec,  0xa8,  0x98,  0xf3,  0x24,  0x3c,  0xb1,  0x00,  0x1e,  0x7f,  0x0a,
  0xde,  0x5b,  0x24,  0x73,  0x45,  0xfb,  0xd2,  0x14,  0x90,  0x06,  0x7b,  0xe0,  0x9e,  0x0f,  0xd6,  0x96,
  0xe1,  0x25,  0x62,  0xc8,  0x5c,  0x9e,  0xe3,  0x38,  0xe7,  0xea,  0x45,  0x47,  0x32,  0xb1,  0xb3,  0x87,
  0xbc,  0x05,  0x70,  0x40,  0xe7,  0x8c,  0x9c,  0xfe,  0x26,  0x8e,  0x65,  0x60,  0x50,  0xf7,  0x8a,  0xc0,
  0x82,  0x09,  0xef,  0x80,  0x79,  0x3f,  0x4a,  0xbd,  0x8c,  0x60,  0x9b,  0x11,  0xf1,  0xe6,  0x46,  0x79,
  0x1d,  0x4f,  0x1f,  0x8d,  0x38,  0xec,  0xd0,  0xa4,  0xfd,  0xe8,  0x96,  0xa3,  0x03,  0xec,  0xe0,  0x36,
  0x78,  0x5e,  0x7f,  0x2a,  0xc1,  0xbf,  0x7c,  0xea,  0x8a,  0xfd,  0xd8,  0xb2,  0x0f,  0xf4,  0x73,  0xb7,
  0xba,  0x9c,  0x7e,  0x54,  0x27,  0xef,  0x84,  0xa3,  0xfb,  0xb2,  0xa2,  0x63,  0xcc,  0x90,  0xf2,  0xd8,
  0x00,  0xf3,  0xf8,  0x56,  0xf2,  0xd9,  0x23,  0x96,  0x2f,  0xde,  0x90,  0xa4,  0x80,  0x33,  0x8e,  0x70,
  0x4f,  0x07,  0xeb,  0x4b,  0x71,  0xc9,  0x58,  0xb2,  0x17,  0x24,  0xf5,  0xe7,  0x07,  0x3f,  0x88,  0xa8,
  0xe6,  0x56,  0x36,  0x70,  0xf7,  0x80,  0xae,  0x08,  0x1c,  0xf1,  0x93,  0x9f,  0xc4,  0xd1,  0xcc,  0xac,
  0x0a,  0x1e,  0xf1,  0x58,  0x10,  0x41,  0x3d,  0xf0,  0x0f,  0x27,  0xe9,  0x57,  0xb1,  0x8c,  0x13,  0x62,
  0x3e,  0x3c,  0xc8,  0xcf,  0x23,  0xa9,  0xe3,  0xf1,  0xa7,  0x1d,  0x9a,  0x14,  0x9f,  0xbd,  0x12,  0xd4,
  0x6a,  0x3e,  0xce,  0x03,  0x76,  0x5e,  0x7f,  0x2a,  0xc1,  0xbf,  0x7c,  0xea,  0x8a,  0xfd,  0xd8,  0xd9,
  0xb0,  0x37,  0x30,  0xee,  0x7f,  0xa5,  0x69,  0x0d,  0x52,  0x30,  0xaa,  0xad,  0x22,  0x09,  0x48,  0x31,
  0xc2,  0x57,  0x8c,  0xe3,  0xa9,  0xef,  0x8a,  0xd2,  0x1a,  0x37,  0x72,  0x1f,  0xc3,  0x16,  0x4d,  0x10,
  0x2c,  0x41,  0x27,  0x1f,  0x29,  0x39,  0xfc,  0x6b,  0x29,  0x34,  0x95,  0x8e,  0x9a,  0x69,  0xbd,  0xc6,
  0x16,  0xdd,  0x17,  0x27,  0x9c,  0x0e,  0x82,  0x9e,  0xcc,  0xca,  0x3e,  0xf2,  0x23,  0x66,  0x22,  0x68,
  0xff,  0x00,  0x84,  0x6d,  0x35,  0x7d,  0x19,  0x1f,  0x6a,  0x25,  0x89,  0x17,  0x74,  0x63,  0x03,  0x92,
  0x7e,  0x63,  0xed,  0xd2,  0xb1,  0x8b,  0x69,  0xd9,  0x9d,  0x52,  0x8d,  0xe3,  0xcc,  0x82,  0x62,  0x76,
  0x01,  0x8f,  0x94,  0xb1,  0xcf,  0xb5,  0x55,  0x33,  0x2a,  0xd2,  0x21,  0x8c,  0x6d,  0x58,  0xdb,  0xfb,
  0xc3,  0x9f,  0xcb,  0x35,  0x77,  0xbb,  0x7e,  0x46,  0x6b,  0xdd,  0x8c,  0x7c,  0xc5,  0x41,  0xb4,  0xcd,
  0x95,  0xc8,  0xce,  0x31,  0x9f,  0x6a,  0x1e,  0xb6,  0x16,  0xc9,  0x8f,  0x88,  0xed,  0x92,  0x30,  0x3b,
  0x9f,  0xc3,  0xa5,  0x4c,  0xf5,  0x4c,  0xba,  0x7a,  0x48,  0x92,  0x42,  0x7e,  0xce,  0xdc,  0x60,  0x15,
  0x38,  0xf5,  0xac,  0xd2,  0x5c,  0xc6,  0xf2,  0x6f,  0xd9,  0x95,  0x93,  0xfd,  0x63,  0xab,  0x0c,  0x8c,
  0x0f,  0xe9,  0x5b,  0xbd,  0x91,  0xca,  0xbe,  0x29,  0x0e,  0x8c,  0x6e,  0x60,  0x02,  0xe4,  0x0c,  0xf7,
  0xa4,  0xf4,  0x45,  0x3d,  0x49,  0x58,  0xe5,  0xc8,  0xec,  0x3f,  0x96,  0x6a,  0x52,  0xf7,  0x6e,  0x54,
  0x99,  0x5e,  0x4f,  0x94,  0x1d,  0xbd,  0x18,  0x03,  0x56,  0xb5,  0x69,  0xf6,  0x22,  0xa6,  0x89,  0xae,
  0xe4,  0xf1,  0x6d,  0x11,  0xee,  0xcf,  0x24,  0xe4,  0x8f,  0x4e,  0x2b,  0x29,  0xb3,  0x4a,  0x4b,  0x4b,
  0x88,  0x92,  0xe0,  0x14,  0x6e,  0x18,  0x82,  0x79,  0xed,  0x4e,  0x50,  0xd6,  0xe8,  0x71,  0x9d,  0x95,
  0xa4,  0x44,  0xa8,  0x16,  0x49,  0x32,  0x0f,  0x2a,  0x38,  0xab,  0x6e,  0xe9,  0x18,  0xda,  0xd2,  0x95,
  0x87,  0xe3,  0x31,  0x60,  0x9e,  0x42,  0x9e,  0x82,  0xa6,  0xf6,  0x66,  0x8d,  0x5e,  0x3a,  0x92,  0xa8,
  0xc3,  0x8d,  0xc5,  0x48,  0x18,  0xc7,  0x1f,  0xed,  0x54,  0xb9,  0x68,  0x6c,  0xbe,  0x20,  0x61,  0x97,
  0x3b,  0x4a,  0xf3,  0x9c,  0xe7,  0xfd,  0xea,  0x4a,  0x5a,  0x07,  0xda,  0x21,  0xc6,  0x21,  0x00,  0x13,
  0x92,  0xa3,  0xa8,  0xab,  0xbd,  0xd9,  0x8a,  0x56,  0x88,  0xd7,  0x40,  0x64,  0x42,  0x01,  0xe1,  0x4e,
  0x46,  0x6a,  0x93,  0xb2,  0x66,  0x76,  0xbc,  0xa3,  0x72,  0x57,  0x94,  0x10,  0x11,  0x79,  0x60,  0x01,
  0xfa,  0xd4,  0x46,  0x1a,  0xdd,  0x9b,  0x4a,  0x7c,  0xcb,  0x96,  0x20,  0x92,  0x80,  0x0a,  0xb7,  0xde,
  0x20,  0x9a,  0x27,  0x0d,  0x6e,  0x82,  0x33,  0xb2,  0xe5,  0x91,  0x12,  0xa0,  0x59,  0x1f,  0x83,  0xf7,
  0x47,  0x15,  0x6d,  0xdd,  0x23,  0x1b,  0x5a,  0x52,  0xb0,  0xfc,  0x66,  0x2c,  0x1e,  0xa1,  0x4f,  0x41,
  0x53,  0x7b,  0x33,  0x46,  0xaf,  0x1d,  0x49,  0x54,  0x61,  0xc6,  0xe2,  0xa4,  0x0c,  0x63,  0x8f,  0xf6,
  0xaa,  0x5c,  0xb4,  0x36,  0x5f,  0x10,  0x30,  0xcb,  0x9d,  0xa5,  0x79,  0xce,  0x73,  0xfe,  0xf5,  0x25,
  0x2d,  0x03,  0xed,  0x10,  0xe3,  0x10,  0x80,  0x09,  0xc9,  0x51,  0xd4,  0x55,  0xde,  0xec,  0xc5,  0x2b,
  0x44,  0x6b,  0xa0,  0x32,  0x21,  0x00,  0xf0,  0xa7,  0x23,  0x35,  0x49,  0xd9,  0x33,  0x3b,  0x5e,  0x51,
  0xb9,  0x2b,  0xca,  0x08,  0x08,  0xbc,  0xb0,  0x00,  0xfd,  0x6a,  0x23,  0x0d,  0x6e,  0xcd,  0xa5,  0x3e,
  0x65,  0xcb,  0x11,  0x65,  0xc1,  0x8f,  0x7e,  0x79,  0x07,  0x2a,  0x3d,  0x78,  0xa5,  0x06,  0x15,  0x56,
  0x97,  0x20,  0x8f,  0xe6,  0x0b,  0xbb,  0xf8,  0x41,  0x3f,  0x9f,  0x4a,  0xd9,  0xe8,  0xdb,  0xee,  0x65,
  0x4f,  0x54,  0x97,  0x62,  0xc2,  0xfc,  0xae,  0x07,  0x6f,  0xe9,  0x9a,  0xcd,  0xaf,  0x76,  0xe6,  0x91,
  0x93,  0x22,  0x90,  0x15,  0x62,  0x0a,  0xe0,  0x71,  0xde,  0xa9,  0x6a,  0x88,  0x5a,  0x0d,  0x7f,  0xf5,
  0x88,  0xaa,  0x30,  0x30,  0x7f,  0xad,  0x0b,  0x66,  0x4b,  0xf8,  0xa2,  0x59,  0x8c,  0x9f,  0xb3,  0xa9,
  0xc6,  0x40,  0x51,  0x9f,  0x7a,  0xc9,  0xa5,  0xcc,  0x75,  0x45,  0xbf,  0x66,  0x32,  0x53,  0xba,  0x49,
  0x01,  0xec,  0x78,  0xf4,  0xe9,  0x57,  0x0d,  0x12,  0x30,  0xa9,  0xac,  0x88,  0xdc,  0x16,  0x30,  0xe1,
  0x70,  0x07,  0x04,  0x7e,  0x15,  0x4b,  0x4b,  0x91,  0xba,  0x40,  0x84,  0xb1,  0x98,  0x96,  0xc0,  0xce,
  0x41,  0xfc,  0x28,  0x7a,  0x58,  0x37,  0x4c,  0x92,  0x21,  0xba,  0x48,  0xc8,  0xec,  0x7f,  0xa5,  0x4c,
  0xf4,  0x4c,  0xba,  0x7a,  0xc8,  0x7c,  0x80,  0xfd,  0x9d,  0x80,  0x3c,  0x05,  0x38,  0xa8,  0x56,  0xe6,
  0x37,  0x92,  0x7e,  0xcc,  0xac,  0x9f,  0x7e,  0x46,  0x63,  0x81,  0xb4,  0x7f,  0x4a,  0xd9,  0xec,  0x8e,
  0x55,  0xf1,  0x48,  0x74,  0x64,  0xab,  0x64,  0x30,  0x00,  0xe7,  0xb5,  0x2d,  0xd1,  0x4f,  0xdd,  0x25,
  0x61,  0x86,  0x27,  0xa0,  0x3f,  0xcb,  0x35,  0x29,  0xe9,  0x62,  0xe4,  0x8a,  0xf2,  0x7c,  0xc1,  0x8a,
  0xf4,  0x5c,  0x0f,  0xcf,  0xad,  0x68,  0xb4,  0x69,  0x77,  0x33,  0xa9,  0xaa,  0x6f,  0xb1,  0x3c,  0x58,
  0x31,  0xed,  0xc7,  0x20,  0xe0,  0x9f,  0x5e,  0x2b,  0x19,  0xa3,  0x5a,  0x2f,  0x4b,  0x08,  0x91,  0x02,
  0xa5,  0x9b,  0xef,  0x00,  0x47,  0xd6,  0x9c,  0xa7,  0xad,  0x90,  0x46,  0x17,  0x5c,  0xd2,  0x22,  0x57,
  0x0d,  0x24,  0x80,  0x9e,  0x8a,  0x30,  0x6a,  0xda,  0xb2,  0x46,  0x37,  0xbc,  0xa5,  0x61,  0xf9,  0xc4,
  0x39,  0x23,  0x92,  0xa7,  0xbd,  0x4d,  0xae,  0xcd,  0x1b,  0xb4,  0x49,  0x54,  0xe5,  0xc6,  0xe0,  0xa0,
  0x1c,  0x63,  0xdb,  0xe6,  0xa8,  0x71,  0xd0,  0xd9,  0x6e,  0x0c,  0x40,  0x76,  0xda,  0x14,  0x81,  0x9c,
  0xe7,  0xfd,  0xea,  0x69,  0x68,  0x1f,  0x68,  0x87,  0x76,  0x61,  0x04,  0x0e,  0x42,  0x8e,  0xa6,  0xaa,
  0xd6,  0x66,  0x29,  0xde,  0x3a,  0x0d,  0x67,  0x02,  0x44,  0x00,  0xf5,  0x53,  0xcd,  0x52,  0x57,  0x4c,
  0xce,  0xf6,  0x94,  0x6e,  0x4a,  0xf1,  0x00,  0x03,  0x2f,  0xde,  0x60,  0x07,  0xd2,  0xa2,  0x33,  0xd6,
  0xcc,  0xda,  0x50,  0xe5,  0x5c,  0xd1,  0x04,  0x88,  0x10,  0x59,  0xbe,  0xf0,  0x04,  0x7d,  0x68,  0x94,
  0xf5,  0xb2,  0x08,  0xc7,  0x99,  0x73,  0x48,  0x89,  0x5c,  0x34,  0x92,  0x02,  0x7a,  0x28,  0xc1,  0xab,
  0x6a,  0xc9,  0x18,  0xde,  0xf2,  0x95,  0x87,  0xe7,  0x10,  0xe4,  0x8e,  0x4a,  0x9e,  0xf5,  0x36,  0xbb,
  0x34,  0x6e,  0xd1,  0x25,  0x53,  0x97,  0x1b,  0x82,  0x80,  0x71,  0x8f,  0x6f,  0x9a,  0xa1,  0xc7,  0x43,
  0x65,  0xb8,  0x31,  0x01,  0xdb,  0x68,  0x52,  0x06,  0x73,  0x9f,  0xf7,  0xa9,  0xa5,  0xa0,  0x7d,  0xa2,
  0x1d,  0xd9,  0x84,  0x10,  0x39,  0x0a,  0x3a,  0x9a,  0xab,  0x59,  0x98,  0xa7,  0x78,  0xe8,  0x35,  0x9c,
  0x09,  0x10,  0x03,  0xd5,  0x4f,  0x35,  0x49,  0x5d,  0x33,  0x3b,  0xda,  0x51,  0xb9,  0x2b,  0xc4,  0x00,
  0x0c,  0xbf,  0x79,  0x80,  0x1f,  0x4a,  0x88,  0xcf,  0x5b,  0x33,  0x69,  0x43,  0x95,  0x73,  0x44,  0x59,
  0x70,  0x23,  0xdb,  0x8e,  0x49,  0xc2,  0x9f,  0x4e,  0x29,  0x41,  0x05,  0x57,  0xa5,  0x88,  0x23,  0xf9,
  0x40,  0xdc,  0x7e,  0xf0,  0x23,  0xf2,  0xe9,  0x5a,  0xbd,  0x5b,  0x5d,  0x8c,  0xa9,  0xe8,  0x93,  0x7d,
  0x4b,  0x03,  0x96,  0x07,  0xb0,  0xfe,  0x59,  0xa8,  0x6f,  0xdd,  0xb1,  0xa4,  0x62,  0x45,  0x23,  0x16,
  0x6c,  0x96,  0xc8,  0x18,  0xed,  0x54,  0xb4,  0x44,  0x2f,  0x78,  0x63,  0xff,  0x00,  0xac,  0x46,  0x53,
  0x91,  0xb4,  0xff,  0x00,  0x5a,  0x16,  0xa9,  0x92,  0xfe,  0x28,  0x96,  0xa3,  0x07,  0xec,  0xeb,  0xce,
  0x06,  0xd1,  0x9a,  0xc9,  0xdb,  0x98,  0xea,  0x8a,  0x7e,  0xcc,  0x64,  0xa3,  0x12,  0x48,  0x4f,  0x73,
  0xfd,  0x2a,  0xe1,  0xaa,  0x46,  0x35,  0x34,  0x91,  0x1b,  0x92,  0x9e,  0x49,  0x0d,  0x9c,  0xf2,  0x7d,
  0xb8,  0xaa,  0x5a,  0xdc,  0xcf,  0x64,  0x84,  0x73,  0xb5,  0x64,  0x51,  0xd5,  0x87,  0x1f,  0x96,  0x29,
  0xda,  0xed,  0x79,  0x0d,  0xfb,  0xb1,  0x97,  0x99,  0x2c,  0x20,  0xec,  0x27,  0xf8,  0x4b,  0x0c,  0x7b,
  0x56,  0x75,  0x0d,  0x28,  0xc7,  0x51,  0x63,  0x6d,  0xd1,  0x9c,  0x9e,  0x49,  0x3b,  0x47,  0xb7,  0x5a,
  0x99,  0x26,  0x9d,  0xd1,  0xac,  0x65,  0x78,  0xf2,  0xb2,  0xba,  0xa9,  0x13,  0x49,  0xd1,  0x46,  0xd1,
  0x5a,  0xf4,  0x47,  0x2a,  0xf8,  0xa4,  0x48,  0x17,  0x74,  0x63,  0x8e,  0x79,  0xea,  0x6a,  0x76,  0x65,
  0xcb,  0xde,  0x88,  0xf9,  0x0b,  0x36,  0xe1,  0x8c,  0x1d,  0xa0,  0x7e,  0xb4,  0xa2,  0x95,  0xae,  0x6b,
  0x51,  0xb7,  0xb2,  0x21,  0x8b,  0x05,  0x25,  0x0d,  0xdf,  0x3d,  0x07,  0x7c,  0x56,  0x93,  0xd1,  0xab,
  0x1c,  0xcb,  0xe1,  0x92,  0xee,  0x4f,  0x0e,  0x17,  0x6a,  0xff,  0x00,  0x78,  0xff,  0x00,  0x4a,  0x89,
  0xea,  0x99,  0x74,  0xb4,  0x90,  0xe9,  0x0f,  0xfa,  0x39,  0xdb,  0xd9,  0x78,  0xfc,  0xab,  0x34,  0xbd,
  0xf3,  0x79,  0x35,  0xec,  0xca,  0xa9,  0x8f,  0x32,  0x55,  0xe5,  0x78,  0x03,  0x9f,  0xc2,  0xb7,  0x96,
  0xc9,  0x9c,  0xb1,  0x5e,  0xf4,  0x85,  0x20,  0x11,  0x8c,  0xf3,  0x82,  0x38,  0x1f,  0x5a,  0x5b,  0x0e,
  0x4e,  0xe5,  0x90,  0xc4,  0x13,  0xd4,  0xe3,  0x1c,  0x7e,  0x22,  0xa3,  0x95,  0x58,  0xd9,  0xcf,  0xde,
  0x02,  0xd9,  0xc7,  0x5e,  0x73,  0xc7,  0xe2,  0x68,  0xe5,  0x56,  0x05,  0x3f,  0x78,  0xac,  0x00,  0x0a,
  0x46,  0x79,  0xc0,  0x1c,  0x8f,  0xa5,  0x5e,  0xe6,  0x30,  0x7c,  0xa2,  0x3e,  0x3c,  0xc8,  0xc7,  0x5c,
  0x02,  0x38,  0xfc,  0x69,  0xc7,  0x66,  0xc5,  0x25,  0xef,  0x44,  0xb7,  0x19,  0xff,  0x00,  0x47,  0x1b,
  0xb3,  0xca,  0x8c,  0xfe,  0x55,  0x83,  0x5e,  0xf9,  0xd5,  0x19,  0x2f,  0x66,  0x24,  0x87,  0xfd,  0x1c,
  0xed,  0xcf,  0x0b,  0xfd,  0x28,  0x4b,  0xdf,  0x09,  0x3f,  0xdd,  0x95,  0x53,  0x1e,  0x64,  0xab,  0xca,
  0xf0,  0x07,  0x3f,  0x85,  0x6f,  0x2d,  0x93,  0x39,  0x62,  0xbd,  0xe9,  0x0a,  0x40,  0x23,  0x19,  0xe7,
  0x04,  0x70,  0x3e,  0xb4,  0xb6,  0x1c,  0x9d,  0xcb,  0x21,  0x88,  0x27,  0xa9,  0xc6,  0x38,  0xfc,  0x45,
  0x47,  0x2a,  0xb1,  0xb3,  0x9f,  0xbc,  0x05,  0xb3,  0x8e,  0xbc,  0xe7,  0x8f,  0xc4,  0xd1,  0xca,  0xac,
  0x0a,  0x7e,  0xf1,  0x58,  0x00,  0x14,  0x8c,  0xf3,  0x80,  0x39,  0x1f,  0x4a,  0xbd,  0xcc,  0x60,  0xf9,
  0x44,  0x7c,  0x79,  0x91,  0x8e,  0xb8,  0x04,  0x71,  0xf8,  0xd3,  0x8e,  0xcd,  0x8a,  0x4b,  0xde,  0x89,
  0x6e,  0x33,  0xfe,  0x8e,  0x37,  0x67,  0x95,  0x19,  0xfc,  0xab,  0x06,  0xbd,  0xf3,  0xaa,  0x32,  0x5e,
  0xcc,  0x64,  0xb8,  0x6d,  0xcb,  0xe8,  0x7f,  0xa5,  0x69,  0x0d,  0x12,  0x30,  0xaa,  0xef,  0x22,  0x09,
  0x40,  0x09,  0x08,  0x5e,  0xd8,  0xce,  0x47,  0x7c,  0x56,  0x91,  0xd5,  0xbb,  0x90,  0xfe,  0x18,  0x93,
  0x44,  0x48,  0x2a,  0x31,  0x93,  0xb4,  0x8c,  0x7e,  0x35,  0x94,  0x92,  0x6a,  0xe8,  0xe9,  0xa6,  0xda,
  0xdc,  0x61,  0x5d,  0xb1,  0x72,  0x39,  0xe3,  0xa1,  0xa7,  0xbb,  0x32,  0x8e,  0x88,  0x8d,  0x94,  0x99,
  0xa3,  0xc7,  0xcc,  0x36,  0x9a,  0xbe,  0x8c,  0x8f,  0xb5,  0x12,  0xc4,  0x8d,  0xb6,  0x31,  0x83,  0xc8,
  0x3f,  0x30,  0xf6,  0xeb,  0x58,  0xc5,  0x36,  0xee,  0xce,  0x99,  0x4a,  0xd1,  0xb2,  0x09,  0x81,  0xd8,
  0x0f,  0xf0,  0x86,  0x39,  0xf7,  0xaa,  0xa6,  0x67,  0x5a,  0x24,  0x31,  0x9d,  0xcb,  0x18,  0xfe,  0xea,
  0x9c,  0xfe,  0x58,  0xab,  0xb5,  0x9b,  0xf3,  0x33,  0x5e,  0xf4,  0x63,  0xe4,  0x25,  0xc6,  0x77,  0x37,
  0xa2,  0x21,  0xe7,  0xf0,  0x14,  0xe3,  0xb0,  0xaa,  0x0f,  0x04,  0xac,  0x48,  0x14,  0x7d,  0xef,  0x7a,
  0x9e,  0x54,  0xe4,  0xee,  0x6d,  0x7e,  0x58,  0x68,  0x30,  0xa9,  0x2c,  0xb8,  0x05,  0x5d,  0x89,  0x51,
  0x83,  0xf5,  0xa7,  0x7b,  0x22,  0x25,  0x16,  0xc5,  0xc9,  0x0e,  0xd9,  0xc1,  0x38,  0x14,  0x9e,  0xb1,
  0x05,  0x1b,  0x48,  0x78,  0xc9,  0x0c,  0x78,  0xc0,  0x06,  0xa7,  0xa9,  0x6f,  0xe1,  0x25,  0x95,  0x4e,
  0x73,  0xdf,  0x03,  0xbe,  0x4d,  0x28,  0xbf,  0x74,  0xb9,  0xdc,  0x64,  0x69,  0xfb,  0xb5,  0xe7,  0xef,
  0x1c,  0xe7,  0xf0,  0xcd,  0x54,  0x9e,  0xac,  0xc6,  0x31,  0xf7,  0x49,  0x23,  0x8c,  0x13,  0x9c,  0x11,
  0x8c,  0x91,  0x93,  0xed,  0x53,  0x29,  0x3b,  0x0e,  0x0b,  0xde,  0x1a,  0x1c,  0x34,  0x18,  0x18,  0x19,
  0xe3,  0xaf,  0x41,  0xde,  0xa5,  0xa6,  0xa4,  0xcd,  0x7d,  0xd7,  0x4e,  0x24,  0x1b,  0x33,  0x70,  0xf8,
  0x6d,  0xaa,  0x08,  0x1f,  0xad,  0x6a,  0xdd,  0xa0,  0xae,  0x63,  0x18,  0xfe,  0xf2,  0x43,  0xc7,  0xca,
  0xb9,  0x07,  0x9e,  0x68,  0xdd,  0x83,  0x4a,  0x24,  0x89,  0x8d,  0xce,  0x4b,  0x1e,  0xbf,  0x9f,  0x39,
  0xa9,  0x7a,  0xad,  0x0a,  0x4a,  0xcf,  0x50,  0x7c,  0x6e,  0x42,  0x09,  0xeb,  0xf9,  0x73,  0x9a,  0x16,
  0xda,  0x86,  0xef,  0x42,  0x33,  0xf3,  0x2e,  0x49,  0xe7,  0x8a,  0xad,  0x99,  0x29,  0x29,  0x0c,  0xd9,
  0x8b,  0x88,  0xc9,  0x6d,  0xca,  0x49,  0xfe,  0x74,  0x27,  0xee,  0x30,  0x92,  0x7e,  0xd2,  0x24,  0xec,
  0xe1,  0x61,  0x20,  0xe0,  0xe3,  0x8e,  0xbd,  0x47,  0x6a,  0xc9,  0x26,  0xe4,  0x8d,  0xbd,  0xd5,  0x4d,
  0x80,  0x70,  0xd0,  0xe0,  0x60,  0x67,  0x8e,  0xbd,  0x07,  0x7a,  0x1a,  0x6a,  0x4c,  0x3d,  0xd9,  0x53,
  0x44,  0x1b,  0x33,  0x70,  0xf8,  0x6d,  0xaa,  0x08,  0xfe,  0x75,  0xab,  0x76,  0x82,  0xb9,  0x8c,  0x63,
  0x7a,  0x92,  0x1e,  0x3e,  0x55,  0xc8,  0x3c,  0xf3,  0x46,  0xec,  0x1a,  0x51,  0x24,  0x4c,  0x6e,  0x72,
  0x58,  0xf5,  0xfc,  0xf9,  0xcd,  0x4b,  0xd5,  0x68,  0x52,  0x56,  0x7a,  0x83,  0xe3,  0x72,  0x10,  0x4f,
  0x5f,  0xcb,  0x9c,  0xd0,  0xb6,  0xd4,  0x37,  0x7a,  0x11,  0x9f,  0x99,  0x72,  0x4f,  0x3c,  0x55,  0x6c,
  0xc9,  0x49,  0x48,  0x66,  0xcc,  0x5c,  0x46,  0x4b,  0x6e,  0x52,  0x4f,  0xf3,  0xa1,  0x3f,  0x71,  0x84,
  0x93,  0xf6,  0x91,  0x27,  0x67,  0x0b,  0x09,  0x07,  0x07,  0x1c,  0x75,  0xea,  0x3b,  0x56,  0x49,  0x37,
  0x24,  0x6d,  0xee,  0xaa,  0x6c,  0x74,  0x91,  0x80,  0x73,  0x82,  0x72,  0x41,  0x38,  0x3d,  0x78,  0xaa,
  0x8c,  0x9d,  0x8c,  0xa4,  0xbd,  0xe2,  0x37,  0x8f,  0x08,  0xdc,  0xfd,  0xc2,  0x0f,  0x5f,  0x6c,  0xd5,
  0x45,  0xea,  0x85,  0x28,  0xfb,  0xa3,  0xe2,  0x52,  0x3e,  0xb8,  0x3d,  0xf0,  0x6a,  0x64,  0xd5,  0x8d,
  0xa9,  0xb6,  0xc8,  0x8e,  0x40,  0x52,  0x71,  0x82,  0x06,  0x29,  0xf5,  0x33,  0x5f,  0x08,  0xde,  0x5a,
  0x45,  0xc0,  0x00,  0xed,  0x38,  0x15,  0x4b,  0x48,  0x92,  0xe3,  0x79,  0x0d,  0x0a,  0x43,  0x31,  0x39,
  0x67,  0x04,  0x29,  0xc9,  0xfa,  0x53,  0xbd,  0xd0,  0x46,  0x2d,  0x0f,  0x24,  0x98,  0x9c,  0x30,  0xfb,
  0xbd,  0xf3,  0x4b,  0x95,  0x29,  0x2b,  0x17,  0x7e,  0x68,  0x6a,  0x32,  0xdc,  0x7c,  0xca,  0x3a,  0x06,
  0x41,  0xcf,  0xe0,  0x6a,  0xa5,  0xb1,  0x8d,  0x32,  0x49,  0x70,  0x12,  0x45,  0x23,  0xef,  0x0c,  0x64,
  0xd4,  0x2d,  0xd1,  0xa4,  0xe3,  0x68,  0xb4,  0xc3,  0x1f,  0xba,  0x40,  0x39,  0x5e,  0xb9,  0x3d,  0xb8,
  0xa1,  0xbb,  0xb7,  0x72,  0x92,  0x7c,  0x91,  0xe5,  0x1b,  0x31,  0xd8,  0x54,  0xe3,  0x3b,  0x4f,  0xf8,
  0xd2,  0x5e,  0xf5,  0xca,  0x97,  0xb9,  0xca,  0x21,  0x3f,  0xbc,  0x6e,  0xd9,  0x41,  0xcd,  0x35,  0xb1,
  0x32,  0xf8,  0x88,  0xf2,  0xc5,  0x80,  0xce,  0x31,  0x9e,  0x95,  0x7c,  0xaa,  0xd7,  0x44,  0x36,  0xf6,
  0x2f,  0x11,  0xc7,  0x03,  0x3c,  0x63,  0x38,  0xc7,  0x63,  0xfe,  0x7b,  0xd6,  0x08,  0xe8,  0x9a,  0x08,
  0x42,  0xb4,  0x43,  0x27,  0xee,  0x2e,  0x38,  0x15,  0x52,  0xd1,  0x98,  0xaf,  0x84,  0x71,  0xc8,  0x04,
  0x63,  0x24,  0xf1,  0xfa,  0x7f,  0xf5,  0xc5,  0x0e,  0xcc,  0x1e,  0x9a,  0x90,  0xb0,  0xc2,  0x91,  0x9e,
  0x99,  0xe9,  0xf4,  0xaa,  0xdf,  0x56,  0x4e,  0xd1,  0xe5,  0x44,  0x61,  0x58,  0x4e,  0xe0,  0x0d,  0xc4,
  0xe3,  0x27,  0x34,  0x68,  0xe0,  0x35,  0x75,  0x52,  0xc2,  0x28,  0xf9,  0x01,  0x61,  0xeb,  0x4e,  0xfd,
  0x89,  0x97,  0x99,  0x3b,  0x02,  0xcf,  0xc1,  0x20,  0x0e,  0x98,  0xfa,  0x54,  0x27,  0x64,  0x6b,  0x28,
  0xdc,  0x10,  0x15,  0x6e,  0xa7,  0x07,  0xae,  0x7e,  0x94,  0x37,  0x74,  0x38,  0xc6,  0xdb,  0x90,  0x11,
  0xf2,  0x12,  0xa3,  0xd2,  0xad,  0x3e,  0xe6,  0x31,  0xf2,  0x17,  0x6b,  0x19,  0xd0,  0x11,  0xb4,  0x8c,
  0xe0,  0xe7,  0xf0,  0xa5,  0xa2,  0x81,  0x6f,  0x9a,  0x55,  0x2c,  0x48,  0xa3,  0x2a,  0x06,  0x4f,  0x38,
  0xeb,  0xf4,  0xa3,  0x67,  0x74,  0x4e,  0xf1,  0xb3,  0x06,  0x18,  0x52,  0x33,  0xd3,  0x3d,  0x3e,  0x94,
  0x6f,  0xab,  0x0d,  0xa3,  0xca,  0x88,  0xc2,  0xb0,  0x9d,  0xc0,  0x1b,  0x89,  0xc1,  0x27,  0x34,  0x68,
  0xe0,  0x52,  0xe6,  0x8d,  0x4b,  0x08,  0xa3,  0xe4,  0x05,  0x87,  0xad,  0x3b,  0xf6,  0x22,  0x5e,  0x64,
  0xec,  0x0b,  0x3f,  0x04,  0x80,  0x3a,  0x63,  0xe9,  0x50,  0x9d,  0x91,  0xac,  0xa3,  0x70,  0x40,  0x55,
  0xba,  0x9c,  0x1e,  0xb9,  0xfa,  0x50,  0xdd,  0xd0,  0xe3,  0x1b,  0x6e,  0x40,  0x47,  0xc8,  0x4a,  0x8f,
  0x4a,  0xb4,  0xfb,  0x98,  0xc7,  0xc8,  0x5d,  0xac,  0x67,  0x40,  0x46,  0xd2,  0x33,  0x83,  0x9f,  0xc2,
  0x96,  0x8a,  0x05,  0xbe,  0x69,  0x54,  0xb1,  0x22,  0x8c,  0xa8,  0x19,  0x3c,  0xe3,  0xaf,  0xd2,  0x8d,
  0x9d,  0xd1,  0x3b,  0xc6,  0xcc,  0x98,  0x02,  0x40,  0x05,  0x70,  0x47,  0x07,  0xf2,  0xff,  0x00,  0xeb,
  0x54,  0xab,  0x22,  0x96,  0xac,  0x6c,  0xe1,  0x56,  0x16,  0xc1,  0x3f,  0x3a,  0xe3,  0xa5,  0x11,  0xd5,
  0x83,  0xf8,  0x40,  0x03,  0x8e,  0x98,  0xf7,  0xc7,  0xb0,  0xff,  0x00,  0x3d,  0xaa,  0x59,  0xbd,  0x32,
  0x8e,  0x58,  0x36,  0x33,  0x9c,  0xe2,  0xba,  0x39,  0x53,  0x57,  0x67,  0x34,  0x5b,  0xd8,  0x90,  0x73,
  0x22,  0xe7,  0x9c,  0x21,  0xe6,  0xb3,  0x7b,  0x17,  0x1f,  0x88,  0x58,  0x8e,  0xf2,  0xc7,  0x1d,  0x4f,
  0xf8,  0x52,  0x7e,  0xed,  0x8a,  0x8f,  0xbf,  0xcc,  0x38,  0x8f,  0xdc,  0xb8,  0x6e,  0x17,  0xae,  0xe1,
  0xdf,  0x8e,  0x69,  0xa7,  0x66,  0xac,  0x4b,  0x4f,  0x92,  0x5c,  0xc1,  0x16,  0x36,  0x46,  0xa3,  0xf8,
  0x46,  0x32,  0x28,  0x7b,  0xb2,  0x61,  0x1b,  0xc5,  0x58,  0x27,  0xcb,  0xab,  0x96,  0x3c,  0x2f,  0xf5,
  0xa4,  0xb4,  0x68,  0x75,  0x25,  0xcc,  0xa4,  0xc5,  0x07,  0x6c,  0x43,  0x1c,  0x86,  0x18,  0x66,  0xfa,
  0x0e,  0x28,  0x6a,  0xed,  0xdc,  0xa8,  0x4b,  0x92,  0x11,  0xb0,  0xcb,  0x8c,  0xb0,  0xc0,  0xee,  0x73,
  0xfc,  0xe8,  0x87,  0xbb,  0x72,  0xaa,  0xfb,  0xfc,  0xa3,  0x5c,  0x65,  0xd8,  0x37,  0x40,  0x82,  0x9a,
  0xd8,  0x89,  0x7c,  0x44,  0x7f,  0xc7,  0x92,  0x0f,  0x39,  0xad,  0x2c,  0x94,  0x6c,  0x8c,  0xe5,  0xbf,
  0x31,  0x79,  0xb0,  0x41,  0xe0,  0x10,  0x46,  0x3a,  0xf6,  0xc1,  0xff,  0x00,  0x3d,  0xab,  0x9d,  0x1d,
  0x53,  0x1d,  0x6e,  0x00,  0x88,  0xfc,  0xc3,  0xe6,  0x19,  0x1c,  0x55,  0x4f,  0x56,  0x60,  0xbe,  0x11,
  0x4e,  0x4f,  0x20,  0x64,  0xaf,  0x3d,  0x7d,  0x87,  0xff,  0x00,  0x13,  0x4a,  0xc9,  0x04,  0x88,  0x5b,
  0x18,  0x24,  0x74,  0x39,  0xfe,  0x55,  0x5b,  0xe8,  0xc9,  0xf8,  0x57,  0x34,  0x46,  0x16,  0xfd,  0xfb,
  0xed,  0x5d,  0xca,  0x40,  0xcf,  0xf3,  0xa1,  0x45,  0x28,  0x14,  0xe6,  0xe5,  0x52,  0xe0,  0x18,  0xbc,
  0x60,  0x1c,  0x0e,  0xb4,  0xed,  0xcb,  0xb1,  0x12,  0xd4,  0x98,  0x30,  0x8c,  0xed,  0x1c,  0x00,  0x73,
  0xfa,  0x54,  0x25,  0x74,  0x6e,  0xe5,  0xca,  0x05,  0xbc,  0xc3,  0xb4,  0xf4,  0x3c,  0x9f,  0xc0,  0x50,
  0xd5,  0x90,  0x29,  0x73,  0x10,  0xee,  0x29,  0x19,  0x03,  0xda,  0xae,  0xdc,  0xdb,  0x98,  0x47,  0x41,
  0x37,  0x7e,  0xfd,  0x37,  0x2e,  0xd5,  0x00,  0xe3,  0x9f,  0x5e,  0x69,  0x72,  0xa7,  0x03,  0x45,  0x36,
  0xaa,  0x5c,  0x91,  0x71,  0x85,  0x24,  0xf4,  0xc7,  0xf2,  0xa7,  0xb6,  0x88,  0x8d,  0xd7,  0x34,  0x81,
  0xb1,  0xb4,  0xe3,  0xbe,  0x7f,  0x95,  0x2d,  0xf4,  0x61,  0xf0,  0xae,  0x64,  0x30,  0xb7,  0xef,  0xdf,
  0x6a,  0xee,  0x52,  0x06,  0x7f,  0x9d,  0x0a,  0x29,  0x40,  0xa7,  0x37,  0x2a,  0x97,  0x00,  0xc5,  0xe3,
  0x00,  0xe0,  0x75,  0xa7,  0x6e,  0x5d,  0x88,  0x96,  0xa4,  0xc1,  0x84,  0x67,  0x68,  0xe0,  0x03,  0x9f,
  0xd2,  0xa1,  0x2b,  0xa3,  0x77,  0x2e,  0x50,  0x2d,  0xe6,  0x1d,  0xa7,  0xa1,  0xe4,  0xfe,  0x02,  0x86,
  0xac,  0x81,  0x4b,  0x98,  0x87,  0x71,  0x48,  0xc8,  0x1e,  0xd5,  0x76,  0xe6,  0xdc,  0xc2,  0x3a,  0x09,
  0xbb,  0xf7,  0xe9,  0xb9,  0x76,  0xa8,  0x07,  0x1c,  0xfa,  0xf3,  0x4b,  0x95,  0x38,  0x1a,  0x29,  0xb5,
  0x52,  0xe4,  0x8b,  0x8c,  0x29,  0x3d,  0xb1,  0xfc,  0xa9,  0xed,  0xa2,  0x23,  0x75,  0xcc,  0xc9,  0x47,
  0x07,  0x25,  0x71,  0x9e,  0x7a,  0xfb,  0x7f,  0xf5,  0xea,  0x2c,  0x99,  0x71,  0x0b,  0x90,  0x0c,  0x43,
  0xe6,  0xce,  0xd1,  0x93,  0x4e,  0x1a,  0x31,  0x3f,  0x84,  0x6a,  0xe0,  0x00,  0x30,  0x00,  0x03,  0x1f,
  0x86,  0x07,  0xf9,  0xef,  0x53,  0x23,  0x78,  0x14,  0x73,  0xf3,  0x82,  0xa3,  0xa6,  0x2b,  0xa2,  0xc9,
  0xc6,  0xcc,  0xe5,  0x8e,  0xf7,  0x24,  0x8c,  0x6d,  0x75,  0x0b,  0xd0,  0xa1,  0xac,  0xde,  0xc6,  0x91,
  0xdc,  0x75,  0xbe,  0x54,  0x60,  0xf6,  0x39,  0xfe,  0x55,  0x33,  0xf7,  0xac,  0x55,  0x2f,  0x73,  0x98,
  0x7b,  0x1d,  0xd1,  0x9c,  0xf0,  0x14,  0x61,  0x5b,  0xf0,  0xe6,  0x9a,  0x56,  0x6a,  0xc2,  0x94,  0xb9,
  0xe1,  0x2b,  0x89,  0x06,  0x51,  0x54,  0x82,  0x30,  0xc2,  0x87,  0xab,  0x62,  0xa6,  0xec,  0xa2,  0xc6,
  0x4e,  0x71,  0xe6,  0x28,  0xfb,  0xac,  0x87,  0x1f,  0x80,  0x15,  0x71,  0x5a,  0x18,  0xcd,  0xf4,  0x1d,
  0xc8,  0x86,  0x3c,  0x0e,  0x07,  0x5c,  0x1e,  0x69,  0x68,  0xe4,  0xee,  0x6d,  0xb4,  0x15,  0x86,  0x96,
  0xc1,  0x46,  0x61,  0x8d,  0xad,  0x92,  0x33,  0xdb,  0x9a,  0x2d,  0x74,  0x4b,  0x9d,  0x80,  0xf3,  0x23,
  0x6d,  0xcf,  0x2a,  0x38,  0xa5,  0xf6,  0x75,  0x07,  0x2b,  0xc8,  0x70,  0x0b,  0x82,  0x08,  0xcb,  0x63,
  0x83,  0x4a,  0xfa,  0x95,  0x25,  0xee,  0x96,  0x24,  0x6c,  0x75,  0xcf,  0x41,  0xdf,  0x35,  0x31,  0x5a,
  0x17,  0x51,  0x8c,  0x8d,  0x81,  0x8e,  0x31,  0xd4,  0x2e,  0x54,  0xfe,  0x58,  0xaa,  0x92,  0xd5,  0x99,
  0x46,  0x5e,  0xe9,  0x22,  0x10,  0x72,  0x18,  0x0e,  0x78,  0xeb,  0xed,  0xff,  0x00,  0xd7,  0xa9,  0x92,
  0x76,  0x1c,  0x7e,  0x22,  0x30,  0x84,  0x44,  0x0b,  0x82,  0x7b,  0x1e,  0x3b,  0x1a,  0x1c,  0xef,  0x26,
  0x5a,  0x82,  0x8d,  0x38,  0x90,  0x86,  0x55,  0xb9,  0x91,  0x58,  0xe0,  0x92,  0x39,  0x02,  0xad,  0xab,
  0xc1,  0x19,  0xc6,  0x5f,  0xbc,  0x90,  0xa4,  0x29,  0x4c,  0xaf,  0x5e,  0x69,  0xec,  0xc5,  0x2d,  0x49,
  0x46,  0x1c,  0x9d,  0xc4,  0x1c,  0x1e,  0x32,  0x3f,  0x0a,  0x97,  0xa2,  0x29,  0xfb,  0xc0,  0x70,  0x85,
  0x76,  0x90,  0x32,  0x79,  0xc0,  0xfc,  0x28,  0x5a,  0xa0,  0x5e,  0xe9,  0x18,  0x0a,  0x13,  0x27,  0x39,
  0xe2,  0xab,  0x76,  0x4c,  0x74,  0x1a,  0x59,  0x4d,  0xc4,  0x6a,  0xa7,  0x24,  0x13,  0xce,  0x29,  0x25,
  0x68,  0x31,  0xca,  0x5f,  0xbc,  0x89,  0x29,  0x42,  0x62,  0x25,  0x01,  0x1d,  0x87,  0x1e,  0x95,  0x0a,
  0x76,  0x92,  0x34,  0x70,  0x4e,  0x9c,  0x85,  0x08,  0x7c,  0xa0,  0x5c,  0x13,  0xd8,  0xf1,  0xeb,  0x43,
  0x9d,  0xe4,  0xc1,  0x41,  0x46,  0x9c,  0x48,  0x77,  0x2a,  0xdc,  0xc8,  0xac,  0x70,  0x49,  0x1c,  0xd5,
  0xb5,  0x78,  0x23,  0x38,  0xcb,  0xf7,  0x92,  0x14,  0x85,  0x29,  0x95,  0xeb,  0xcd,  0x3d,  0x98,  0xa5,
  0xa9,  0x28,  0xc3,  0x93,  0xb8,  0x83,  0x83,  0xc6,  0x47,  0xe1,  0x52,  0xf4,  0x45,  0x3f,  0x78,  0x0e,
  0x10,  0xae,  0xd2,  0x06,  0x4f,  0x38,  0x1f,  0x85,  0x0b,  0x54,  0x0b,  0xdd,  0x23,  0x01,  0x42,  0x64,
  0xe7,  0x3c,  0x55,  0x6e,  0xc9,  0x8e,  0x83,  0x4b,  0x29,  0xb8,  0x8d,  0x54,  0xe4,  0x82,  0x79,  0xc5,
  0x24,  0xad,  0x06,  0x39,  0x4b,  0xf7,  0x91,  0x25,  0x28,  0x4c,  0x44,  0xa0,  0x23,  0xb0,  0xe3,  0xd2,
  0xa1,  0x4e,  0xd2,  0x46,  0x8e,  0x09,  0xd3,  0x91,  0x2b,  0x90,  0x30,  0x14,  0x0f,  0x4e,  0xbe,  0xd4,
  0x45,  0x3b,  0x11,  0x2f,  0x88,  0x8e,  0x46,  0x1e,  0x5c,  0x83,  0x3f,  0x7b,  0xe5,  0xfd,  0x31,  0xfc,
  0xea,  0xa2,  0xb5,  0x42,  0x94,  0xbd,  0xd1,  0xf1,  0xb6,  0x4f,  0x7e,  0x41,  0xef,  0xc5,  0x4c,  0x96,
  0x86,  0xb4,  0xd9,  0x5f,  0x03,  0x00,  0x01,  0x83,  0x81,  0x9c,  0x77,  0xaa,  0xbe,  0xa6,  0x71,  0x5e,
  0xe8,  0xd1,  0xc4,  0x8a,  0x5b,  0xb0,  0x3c,  0x0a,  0xa5,  0xf0,  0xe8,  0x2e,  0x6b,  0x48,  0x37,  0x64,
  0xb3,  0x28,  0xce,  0xe6,  0x04,  0x0c,  0xf6,  0xe2,  0x84,  0xac,  0x86,  0xa7,  0xcc,  0x3b,  0x93,  0x14,
  0x99,  0x1c,  0x75,  0x19,  0xa3,  0x45,  0x25,  0x60,  0xde,  0x9b,  0xb8,  0xd8,  0x0e,  0x7c,  0xb4,  0x3f,
  0x75,  0x50,  0x13,  0xf8,  0x83,  0x4e,  0x4b,  0x43,  0x28,  0x3e,  0x82,  0x4c,  0x37,  0x06,  0x3d,  0x95,
  0x7f,  0x98,  0xcd,  0x34,  0xec,  0xd7,  0x98,  0xe7,  0xac,  0x5f,  0x91,  0x34,  0x38,  0xd8,  0x57,  0x1c,
  0x86,  0xe4,  0xfa,  0xd6,  0x53,  0x35,  0xa2,  0xfa,  0x0d,  0x8e,  0x35,  0x60,  0x5d,  0xc6,  0x59,  0x4e,
  0x0e,  0x7b,  0xf6,  0xa2,  0x52,  0x69,  0xd9,  0x0e,  0x30,  0x4d,  0x73,  0x32,  0x30,  0xe0,  0xca,  0xe0,
  0xe5,  0x70,  0xa2,  0xb4,  0x7a,  0xa4,  0x60,  0xbe,  0x26,  0x48,  0x0e,  0x22,  0xc9,  0x19,  0xc8,  0x3d,
  0xea,  0x37,  0x66,  0x8f,  0x48,  0xea,  0x3a,  0x43,  0x82,  0xc5,  0x86,  0x06,  0x01,  0xc0,  0xfa,  0xd1,
  0x1d,  0x55,  0x8d,  0x2a,  0x36,  0xb7,  0x22,  0x8b,  0xe6,  0x49,  0x39,  0x03,  0x1c,  0xf4,  0xf6,  0xad,
  0x27,  0xa3,  0x56,  0x39,  0xa3,  0xf0,  0xb2,  0x58,  0x94,  0x33,  0x21,  0x1d,  0x33,  0xcf,  0xe2,  0x2a,
  0x67,  0xa2,  0x65,  0xd3,  0x77,  0x90,  0xf7,  0x05,  0x6d,  0xdb,  0xfd,  0xd3,  0xfc,  0xab,  0x24,  0xd7,
  0x39,  0xb4,  0x93,  0xf6,  0x65,  0x65,  0xff,  0x00,  0x5b,  0x21,  0x63,  0x80,  0x30,  0x7f,  0x95,  0x6f,
  0x2f,  0x85,  0x23,  0x9e,  0x2f,  0xde,  0x90,  0xa0,  0x95,  0xe4,  0x11,  0xd3,  0x38,  0xc7,  0xd6,  0x96,
  0xe0,  0xdf,  0x29,  0x38,  0x07,  0x71,  0x23,  0x1b,  0x8f,  0x3e,  0xdc,  0x91,  0x53,  0xa5,  0x8d,  0x5a,
  0x6a,  0x5a,  0x01,  0x07,  0x72,  0x93,  0x8d,  0xc3,  0x9f,  0xd4,  0xd0,  0xad,  0x60,  0x49,  0xf3,  0x6a,
  0x40,  0x49,  0x39,  0x62,  0x47,  0x4c,  0xe0,  0x0f,  0xa5,  0x56,  0xc6,  0x49,  0xf3,  0x08,  0xdf,  0xeb,
  0x63,  0x2a,  0x73,  0x9c,  0x9f,  0xe7,  0x4e,  0x3f,  0x0b,  0x41,  0x27,  0xef,  0x44,  0xb2,  0x80,  0xb5,
  0xb8,  0xff,  0x00,  0x74,  0x7e,  0x1c,  0x56,  0x0d,  0xae,  0x73,  0xa2,  0x2b,  0xf7,  0x61,  0x20,  0x2b,
  0x6e,  0xdf,  0xee,  0xfe,  0x7c,  0x53,  0x4d,  0x73,  0x84,  0x93,  0xf6,  0x65,  0x65,  0xff,  0x00,  0x5a,
  0xe5,  0x8e,  0x31,  0x83,  0xfc,  0xab,  0x69,  0x7c,  0x29,  0x1c,  0xf1,  0x7e,  0xf4,  0x85,  0x04,  0xaf,
  0x20,  0x8e,  0x99,  0xc6,  0x3e,  0xb4,  0xb7,  0x06,  0xf9,  0x49,  0xc0,  0x3b,  0x89,  0x18,  0xdc,  0x79,
  0xf6,  0xe4,  0x8a,  0x9d,  0x2c,  0x6a,  0xd3,  0x52,  0xd0,  0x08,  0x3b,  0x94,  0x9c,  0x6e,  0x1c,  0xfe,
  0xa6,  0x85,  0x6b,  0x02,  0x4f,  0x9b,  0x52,  0x02,  0x49,  0xcb,  0x12,  0x3a,  0x67,  0x00,  0x7d,  0x2a,
  0xb6,  0x32,  0x4f,  0x98,  0x46,  0xff,  0x00,  0x5b,  0x19,  0x53,  0x9c,  0xe4,  0xff,  0x00,  0x3a,  0x71,
  0xf8,  0x5a,  0x09,  0x3f,  0x7a,  0x25,  0x94,  0x05,  0xad,  0xc7,  0xfb,  0xa3,  0xf0,  0xe2,  0xb0,  0x6d,
  0x73,  0x9d,  0x11,  0x5f,  0xbb,  0x19,  0x28,  0x01,  0x9c,  0x9e,  0x84,  0xf1,  0xf9,  0x56,  0xb0,  0xd5,
  0x23,  0x1a,  0x9a,  0x48,  0x8a,  0x53,  0xb5,  0x22,  0xc1,  0x04,  0x1e,  0x7a,  0x7b,  0x55,  0x43,  0x56,
  0xee,  0x43,  0xf8,  0x51,  0x2c,  0x64,  0x92,  0xa5,  0x46,  0x46,  0x09,  0xc1,  0xe9,  0xd6,  0xb3,  0x96,
  0x8a,  0xc7,  0x4d,  0x36,  0xde,  0xc3,  0x49,  0xcc,  0x61,  0x80,  0xc1,  0x00,  0x51,  0xd4,  0xcd,  0x5d,
  0xc7,  0x42,  0x32,  0xff,  0x00,  0xbe,  0x8c,  0x0c,  0x9c,  0xa9,  0xab,  0x5a,  0x27,  0x63,  0x37,  0xf1,
  0x22,  0x49,  0x23,  0x55,  0x50,  0xe8,  0x30,  0xec,  0x40,  0x18,  0xed,  0xda,  0xb3,  0x8c,  0xdb,  0x76,
  0x66,  0xf2,  0x82,  0x8a,  0xba,  0x1d,  0x36,  0xdd,  0x81,  0x71,  0xc9,  0x63,  0x83,  0xe9,  0x44,  0x05,
  0x5a,  0x5d,  0x08,  0x61,  0x1b,  0x42,  0x9e,  0xcc,  0xbd,  0xfd,  0x86,  0x6b,  0x56,  0xee,  0xdf,  0x91,
  0x94,  0x15,  0x92,  0xf3,  0x1d,  0x19,  0xe2,  0x65,  0x63,  0x81,  0xd3,  0xa7,  0xb5,  0x27,  0xad,  0x84,
  0xb4,  0x8c,  0xae,  0x49,  0x09,  0xc1,  0x40,  0x7a,  0x31,  0x1f,  0xca,  0xa6,  0x7a,  0xa6,  0x5d,  0x2d,
  0x24,  0x3d,  0xc8,  0x10,  0xb1,  0x1d,  0x42,  0x9e,  0x6a,  0x12,  0x7c,  0xc6,  0xf2,  0x6b,  0xd9,  0x95,
  0x63,  0x03,  0x7b,  0x8f,  0xba,  0xc5,  0x47,  0xf4,  0xad,  0x9e,  0xc8,  0xe5,  0x5f,  0x14,  0x85,  0x18,
  0x38,  0x5c,  0xf4,  0xcf,  0x41,  0x53,  0xb2,  0x2a,  0x4e,  0xe4,  0xef,  0xf3,  0x31,  0x5f,  0x40,  0x17,
  0xf5,  0xa9,  0x8a,  0xd2,  0xe6,  0x93,  0x9d,  0xf7,  0x2b,  0xb7,  0xc8,  0xb2,  0x02,  0x72,  0x1b,  0x07,
  0xf3,  0xeb,  0x5a,  0xad,  0x5a,  0x7d,  0x8c,  0xa6,  0xb9,  0x63,  0x25,  0xdc,  0x9e,  0x10,  0x44,  0x79,
  0xfe,  0x16,  0x20,  0x8f,  0x6e,  0x2b,  0x29,  0xb2,  0xe8,  0xae,  0xa3,  0x91,  0xc3,  0x44,  0x41,  0xf4,
  0xe0,  0x7b,  0x54,  0xca,  0x3c,  0xb2,  0xba,  0x34,  0x8c,  0xb9,  0xa3,  0xca,  0xca,  0xc8,  0xa4,  0x49,
  0x26,  0x58,  0x01,  0xb4,  0x76,  0xad,  0xa4,  0xee,  0x91,  0xce,  0xb4,  0x94,  0x87,  0x15,  0xdd,  0x16,
  0x70,  0x72,  0x14,  0xf5,  0x35,  0x37,  0xb3,  0x2e,  0x49,  0x4a,  0x25,  0x84,  0xc9,  0x70,  0x30,  0xc3,
  0x18,  0xcf,  0x1d,  0x7e,  0x6a,  0x87,  0x6b,  0x1b,  0xfd,  0xa0,  0x7d,  0xc1,  0x88,  0xc1,  0x39,  0xce,
  0x38,  0xff,  0x00,  0x6a,  0x85,  0x6b,  0x07,  0xda,  0x2b,  0x85,  0xdb,  0x0e,  0x71,  0xc9,  0x51,  0xd0,
  0xd5,  0xde,  0xec,  0xc2,  0x2a,  0xc8,  0x6b,  0xa9,  0xf3,  0x23,  0xe4,  0x11,  0xb4,  0xf6,  0xaa,  0x8b,
  0xb2,  0x66,  0x6f,  0x59,  0x46,  0xc5,  0x97,  0x70,  0xb1,  0x00,  0x3d,  0x06,  0x47,  0xb5,  0x63,  0x18,
  0xf3,  0x4a,  0xe7,  0x4c,  0xa5,  0xcb,  0x1e,  0x54,  0x08,  0xe1,  0xa2,  0x20,  0xf4,  0xc1,  0xc0,  0xf6,
  0xa2,  0x51,  0xe5,  0x95,  0xd0,  0x46,  0x57,  0x8f,  0x2b,  0x2b,  0x22,  0x91,  0x24,  0x99,  0x60,  0x06,
  0xd1,  0xda,  0xb6,  0x93,  0xba,  0x47,  0x3a,  0xd2,  0x52,  0x1c,  0x57,  0x74,  0x59,  0xc1,  0xc8,  0x53,
  0xd4,  0xd4,  0xde,  0xcc,  0xb9,  0x25,  0x28,  0x96,  0x13,  0x25,  0xc0,  0xc3,  0x0c,  0x63,  0x3c,  0x75,
  0xf9,  0xaa,  0x1d,  0xac,  0x6f,  0xf6,  0x81,  0xf7,  0x06,  0x23,  0x04,  0xe7,  0x38,  0xe3,  0xfd,  0xaa,
  0x15,  0xac,  0x1f,  0x68,  0xae,  0x17,  0x6c,  0x39,  0xc7,  0x25,  0x47,  0x43,  0x57,  0x7b,  0xb3,  0x08,
  0xab,  0x21,  0xae,  0xa7,  0xcc,  0x8f,  0x90,  0x46,  0xd3,  0xda,  0xaa,  0x2e,  0xc9,  0x99,  0xbd,  0x65,
  0x1b,  0x16,  0x5d,  0xc2,  0xc4,  0x00,  0xf4,  0x19,  0x1e,  0xd5,  0x8c,  0x63,  0xcd,  0x2b,  0x9d,  0x32,
  0x97,  0x2c,  0x79,  0x50,  0xd9,  0x81,  0x29,  0x9f,  0xe1,  0x56,  0x39,  0xfc,  0xaa,  0xa0,  0xc8,  0xac,
  0xb5,  0xb9,  0x02,  0xfc,  0xeb,  0x18,  0x07,  0x01,  0x72,  0x7f,  0x2e,  0x95,  0xab,  0xd1,  0xb7,  0xdc,
  0xce,  0x0b,  0x9a,  0x31,  0x5d,  0x8b,  0x09,  0xc3,  0x05,  0x1d,  0xc1,  0x00,  0xfe,  0x35,  0x94,  0x96,
  0x97,  0x35,  0x84,  0xc8,  0x5b,  0x00,  0x95,  0xcf,  0x5c,  0x75,  0x15,  0x5b,  0xa3,  0x38,  0x68,  0x36,
  0x40,  0x37,  0xa0,  0xfb,  0xcc,  0x14,  0xf3,  0xf9,  0xd5,  0x2d,  0x99,  0x2f,  0xe2,  0x89,  0x69,  0x08,
  0x30,  0xa9,  0x3d,  0x4a,  0x8c,  0xd6,  0x2d,  0x3e,  0x63,  0xaa,  0x32,  0x5e,  0xcc,  0x64,  0xa7,  0x25,
  0x94,  0x74,  0x52,  0x7f,  0x95,  0x5d,  0x3d,  0x12,  0x30,  0xab,  0xac,  0x88,  0xa4,  0x3f,  0x2c,  0x01,
  0x4f,  0x1d,  0x3e,  0x9c,  0x55,  0x2d,  0x2e,  0x43,  0xd5,  0x44,  0x9c,  0x47,  0x92,  0x7a,  0x7c,  0xcd,
  0x92,  0x7b,  0x74,  0xa8,  0xb9,  0x72,  0x88,  0xe8,  0xd0,  0x16,  0x07,  0x07,  0x2b,  0x9c,  0x64,  0xd2,
  0x93,  0xd0,  0xaa,  0x7f,  0x10,  0x8e,  0x43,  0x42,  0x14,  0x71,  0x9e,  0x3e,  0x9e,  0xb5,  0x36,  0xb4,
  0xae,  0x69,  0x7b,  0xd3,  0x2b,  0x94,  0xcd,  0xc3,  0x85,  0x60,  0xa0,  0x60,  0x1e,  0x3d,  0xeb,  0x5b,
  0xda,  0x0a,  0xe6,  0x1c,  0xbe,  0xfc,  0x89,  0x23,  0xfd,  0xd8,  0x07,  0x39,  0x3c,  0xd2,  0x6d,  0xb1,
  0xb5,  0xca,  0x39,  0x70,  0x19,  0xb7,  0x1e,  0xdc,  0x71,  0xd6,  0x8f,  0xb2,  0x12,  0xea,  0x57,  0x90,
  0x1c,  0xb6,  0x7a,  0x2a,  0x9a,  0xb4,  0x4d,  0x42,  0x56,  0x24,  0x46,  0xa1,  0x17,  0x86,  0xe3,  0xad,
  0x45,  0x93,  0x6e,  0xe6,  0xab,  0xdd,  0x84,  0x6c,  0x33,  0x6b,  0x33,  0x26,  0xd0,  0xc1,  0xdb,  0x8f,
  0xf1,  0xaa,  0xbe,  0x84,  0x49,  0x37,  0x2d,  0x05,  0x6d,  0xc2,  0x56,  0x04,  0x83,  0xf2,  0x8e,  0x2a,
  0x77,  0x8a,  0x0b,  0x5a,  0x52,  0xb8,  0xe5,  0x1c,  0x31,  0xe3,  0x6e,  0x39,  0x15,  0x32,  0xdc,  0xd1,
  0xdb,  0x94,  0x98,  0xae,  0x58,  0x7b,  0x63,  0xa9,  0xf7,  0xa9,  0xe8,  0x58,  0x6d,  0xda,  0xc7,  0xdf,
  0xd0,  0xfb,  0xd1,  0xd0,  0x2f,  0xa9,  0x0b,  0x01,  0xb4,  0x11,  0x8c,  0x6d,  0xe0,  0x55,  0x2d,  0xc8,
  0x4b,  0xdd,  0x1a,  0xa1,  0x8c,  0x80,  0x02,  0x07,  0xca,  0x78,  0xab,  0xda,  0x2c,  0xcf,  0x47,  0x28,
  0xd8,  0x4d,  0xac,  0xac,  0xe5,  0x83,  0x17,  0x5e,  0x3e,  0xbe,  0x94,  0xfa,  0x04,  0x53,  0x52,  0xd4,
  0x36,  0xb3,  0x32,  0x15,  0x0c,  0x1d,  0xb8,  0xff,  0x00,  0x1a,  0x2f,  0xa0,  0x49,  0x37,  0x2d,  0x05,
  0x6d,  0xc2,  0x52,  0x09,  0x07,  0xe5,  0x19,  0x14,  0xb7,  0x8a,  0x0b,  0x25,  0x29,  0x5c,  0x72,  0x8f,
  0x94,  0x9e,  0x36,  0xe3,  0x91,  0x51,  0x2d,  0xcd,  0x1f,  0xc2,  0x4c,  0x57,  0x2c,  0x3d,  0xb1,  0xd4,
  0xfb,  0xd4,  0xf4,  0x2c,  0x36,  0xed,  0x63,  0xef,  0xe8,  0x7d,  0xe8,  0xe8,  0x17,  0xd4,  0x85,  0x80,
  0xda,  0x08,  0xc6,  0x36,  0xf0,  0x2a,  0x96,  0xe4,  0x25,  0xee,  0x8d,  0x50,  0xc6,  0x40,  0x01,  0x03,
  0xe5,  0x3c,  0x55,  0xed,  0x16,  0x67,  0xa3,  0x94,  0x6c,  0x26,  0xd6,  0x46,  0x72,  0xc1,  0x8b,  0xaf,
  0x1f,  0xe1,  0x4f,  0xa0,  0x45,  0x35,  0x2d,  0x47,  0xa9,  0x26,  0x26,  0x0e,  0x9c,  0x2f,  0x1d,  0x6a,
  0x6c,  0x93,  0x56,  0x2d,  0xfb,  0xd0,  0x64,  0x51,  0xe7,  0x2b,  0x8c,  0x61,  0x94,  0x55,  0xb3,  0x2a,
  0x65,  0x86,  0xc1,  0x65,  0xda,  0x7a,  0x0e,  0x78,  0xe9,  0x51,  0xf6,  0x4a,  0x8f,  0x41,  0xb2,  0x0f,
  0x30,  0x13,  0x9c,  0x1e,  0x28,  0x4d,  0xa0,  0x4a,  0xe4,  0x7b,  0x08,  0xb8,  0x40,  0xcc,  0x08,  0x39,
  0x03,  0x03,  0xde,  0x9d,  0xef,  0x07,  0x61,  0x72,  0xfe,  0xf2,  0x25,  0x85,  0x21,  0x61,  0x28,  0x79,
  0xc7,  0xcb,  0xf5,  0xf4,  0xac,  0xac,  0xdc,  0xae,  0x6e,  0x9a,  0x54,  0xc5,  0x91,  0x00,  0x62,  0x70,
  0x49,  0x6e,  0xa4,  0x1a,  0xa8,  0xbd,  0x0c,  0xaa,  0x7c,  0x43,  0x7c,  0xbc,  0x11,  0xd3,  0xe5,  0x6c,
  0xe7,  0xb7,  0x22,  0x9f,  0x30,  0xa3,  0x12,  0x55,  0x55,  0x2a,  0xc0,  0x92,  0x30,  0x4f,  0xf3,  0x15,
  0x3d,  0x99,  0xa4,  0xfa,  0xa0,  0x24,  0x81,  0x8d,  0xbc,  0x91,  0x81,  0xcf,  0xb5,  0x3b,  0x22,  0x56,
  0x84,  0x2e,  0xa0,  0x2b,  0x7a,  0x8c,  0x8f,  0xd2,  0xab,  0x77,  0xa9,  0x37,  0xb4,  0x6c,  0x88,  0xc8,
  0x2b,  0x39,  0x55,  0x1b,  0x98,  0x8e,  0x79,  0xf7,  0xc5,  0x2d,  0x39,  0x6e,  0x5b,  0x4d,  0x48,  0x55,
  0x19,  0x00,  0xb8,  0xf5,  0xaa,  0x6c,  0xcf,  0xd4,  0x99,  0xf2,  0xec,  0x08,  0xc9,  0xda,  0x31,  0xc7,
  0x7a,  0x88,  0xbb,  0x2d,  0x4d,  0x25,  0x1b,  0xbb,  0xa2,  0xbb,  0x0f,  0xdd,  0x3a,  0xb8,  0xce,  0xec,
  0x73,  0xf8,  0xf4,  0xab,  0xea,  0x99,  0x2f,  0x69,  0x0a,  0x01,  0xf2,  0xa3,  0x0b,  0x83,  0xdc,  0xfb,
  0x52,  0x76,  0xbb,  0xb9,  0x49,  0x37,  0x08,  0x88,  0xe4,  0x44,  0x54,  0xe0,  0x13,  0x9e,  0x78,  0xf6,
  0xa4,  0xbd,  0xeb,  0x95,  0x35,  0xc9,  0x6b,  0x89,  0xc9,  0x95,  0xbe,  0x51,  0xca,  0x2f,  0x3d,  0x29,
  0xf4,  0x44,  0xc9,  0x7b,  0xd2,  0x23,  0x42,  0xcc,  0xc1,  0x49,  0xc7,  0x6a,  0xb6,  0x95,  0xae,  0x88,
  0x93,  0x77,  0xb1,  0x75,  0xb8,  0x5e,  0x99,  0x23,  0xd5,  0x47,  0x3d,  0x7f,  0xcf,  0x7a,  0xc1,  0x1d,
  0x0f,  0x40,  0x5e,  0x57,  0x00,  0x63,  0x23,  0xfb,  0xa3,  0x8e,  0x9f,  0xe7,  0xb5,  0x0c,  0x6b,  0x52,
  0x93,  0x96,  0x56,  0x20,  0x1c,  0x9e,  0x95,  0xba,  0x4a,  0xd7,  0x39,  0x53,  0x77,  0xb1,  0x20,  0xcf,
  0x9a,  0x9f,  0x28,  0xe1,  0x0f,  0x3d,  0x6a,  0x3a,  0x33,  0x48,  0xaf,  0x7a,  0x22,  0xc6,  0x44,  0xbb,
  0x88,  0x00,  0x72,  0x31,  0xf9,  0x52,  0x7e,  0xed,  0x8a,  0x8a,  0xe7,  0x6c,  0x57,  0x22,  0x22,  0xbc,
  0x03,  0xcf,  0x3f,  0x95,  0x0b,  0xde,  0xb8,  0x4d,  0x72,  0x5a,  0xe3,  0x79,  0x32,  0xb7,  0xca,  0x39,
  0x41,  0xcf,  0x4a,  0x7d,  0x11,  0x32,  0x5e,  0xf4,  0x88,  0xd0,  0xb3,  0x30,  0x52,  0x71,  0xda,  0xad,
  0xa5,  0x6b,  0xa2,  0x24,  0xdd,  0xec,  0x5d,  0x6e,  0x17,  0xa6,  0x48,  0xf5,  0x51,  0xcf,  0x5f,  0xf3,
  0xde,  0xb0,  0x47,  0x43,  0xd0,  0x17,  0x95,  0xc0,  0x18,  0xc8,  0xfe,  0xe8,  0xe3,  0xa7,  0xf9,  0xed,
  0x43,  0x1a,  0xd4,  0xa4,  0xe5,  0x95,  0x88,  0x07,  0x27,  0xa5,  0x6e,  0x92,  0xb5,  0xce,  0x54,  0xdd,
  0xec,  0x48,  0x33,  0xe6,  0xa7,  0xca,  0x38,  0x43,  0xcf,  0x5a,  0x8e,  0x8c,  0xd2,  0x2b,  0xde,  0x88,
  0xb1,  0x91,  0x2e,  0xe2,  0x00,  0x1c,  0x8c,  0x7e,  0x54,  0x9f,  0xbb,  0x62,  0xa2,  0xb9,  0xdb,  0x14,
  0x83,  0xe5,  0x48,  0x18,  0x05,  0x1d,  0x47,  0xbd,  0x35,  0x6b,  0xab,  0x12,  0xd3,  0x50,  0x90,  0x8a,
  0x3f,  0x76,  0x81,  0x47,  0xdd,  0xce,  0x3f,  0x3e,  0x94,  0xfa,  0xb6,  0x4c,  0x6d,  0xcb,  0x1b,  0x16,
  0x13,  0x2a,  0xc4,  0x9c,  0xe1,  0x86,  0x06,  0x6a,  0x24,  0xee,  0xb4,  0x2a,  0x31,  0xb3,  0xbb,  0x21,
  0x61,  0x80,  0x4a,  0x8e,  0x38,  0xab,  0x4c,  0xcf,  0xd0,  0x40,  0x0b,  0x4e,  0x15,  0x86,  0x18,  0x0c,
  0x8e,  0x7d,  0xf1,  0x52,  0xad,  0xcb,  0x73,  0x44,  0x9b,  0x91,  0x22,  0x00,  0x55,  0x79,  0xe4,  0xe0,
  0x7e,  0x94,  0x5a,  0xcf,  0x42,  0x6f,  0x78,  0xd9,  0x93,  0x03,  0x90,  0x3e,  0x5e,  0x40,  0xc1,  0xfc,
  0xaa,  0x6c,  0x87,  0xb8,  0x32,  0x85,  0x45,  0x00,  0x93,  0x9c,  0x7f,  0x33,  0x45,  0xd6,  0xac,  0xa8,
  0x7d,  0x94,  0x20,  0x63,  0xb6,  0x62,  0x30,  0xd8,  0x27,  0x27,  0xb1,  0xc1,  0x06,  0x9d,  0x96,  0x83,
  0x97,  0xda,  0x63,  0xe4,  0x00,  0x4c,  0x37,  0x63,  0x2a,  0xc7,  0xe9,  0xd0,  0xd4,  0x6e,  0x86,  0xd2,
  0x89,  0x0b,  0x05,  0xca,  0xb8,  0x38,  0x1b,  0xbe,  0x61,  0x8a,  0xb5,  0x2d,  0xd1,  0x2e,  0x2a,  0x2e,
  0xe4,  0x72,  0xb6,  0x27,  0x72,  0x08,  0xe3,  0x8c,  0x63,  0xa8,  0x19,  0x22,  0x88,  0xc5,  0x38,  0xa1,
  0xce,  0x56,  0x9b,  0xb8,  0xc7,  0x7c,  0xaa,  0xe7,  0x3c,  0xfa,  0x7b,  0xd5,  0xa8,  0xa4,  0x63,  0x26,
  0x5a,  0x01,  0x95,  0x7a,  0x90,  0x76,  0x92,  0x38,  0xef,  0x8a,  0xce,  0xe7,  0x4f,  0x29,  0x03,  0x0c,
  0x80,  0x30,  0x49,  0x27,  0xfc,  0x3f,  0xc0,  0xd5,  0x5d,  0x6e,  0xcc,  0xa4,  0x9e,  0xc9,  0x0e,  0xb7,
  0xe6,  0x00,  0xa1,  0x70,  0x48,  0xc1,  0x3e,  0xbc,  0x9a,  0x9a,  0xbb,  0xdc,  0xd6,  0x87,  0xc3,  0x61,
  0xae,  0x9b,  0xd8,  0xab,  0x0e,  0x43,  0x67,  0x3e,  0xb4,  0x29,  0x24,  0xae,  0x39,  0xc1,  0xc9,  0xf2,
  0x91,  0xc8,  0xa3,  0x3d,  0x33,  0xf2,  0x03,  0xd6,  0xad,  0x6d,  0xf3,  0x32,  0x9f,  0xc4,  0x45,  0x2a,
  0xe4,  0x16,  0x24,  0xe7,  0x04,  0xe7,  0x06,  0xad,  0x3e,  0x84,  0x4a,  0x0b,  0xb9,  0x71,  0xb1,  0xb9,
  0x70,  0x4a,  0xfc,  0xbd,  0x48,  0x27,  0xb1,  0xac,  0x16,  0xc7,  0x4c,  0x81,  0x71,  0xbd,  0xb2,  0x4b,
  0x0d,  0xa3,  0xa0,  0x23,  0xb0,  0xa1,  0xad,  0x02,  0x05,  0x38,  0xd7,  0x00,  0x36,  0x4e,  0x70,  0x0e,
  0x48,  0x35,  0xbb,  0x67,  0x34,  0x60,  0x89,  0x51,  0x41,  0x3c,  0x0c,  0x0d,  0x87,  0xeb,  0x50,  0xf6,
  0xf9,  0x97,  0x0f,  0x8b,  0xe4,  0x48,  0xa9,  0xb1,  0x82,  0xa8,  0xc1,  0x2c,  0x4d,  0x43,  0x92,  0x6a,
  0xe6,  0xb0,  0x83,  0x8b,  0xb2,  0x06,  0x5d,  0xec,  0x55,  0x86,  0x48,  0x6c,  0xe7,  0xd6,  0x85,  0x2b,
  0x2b,  0x84,  0xe1,  0xcc,  0xf9,  0x48,  0xe4,  0x51,  0x9e,  0x99,  0xf9,  0x01,  0xeb,  0x56,  0xb6,  0xf9,
  0x99,  0x4f,  0xe2,  0x22,  0x95,  0x72,  0x0b,  0x12,  0x73,  0x82,  0x73,  0x83,  0x56,  0x9f,  0x42,  0x25,
  0x05,  0xdc,  0xb8,  0xd8,  0xdc,  0xb8,  0x25,  0x7e,  0x5e,  0xa4,  0x13,  0xd8,  0xd6,  0x0b,  0x63,  0xa6,
  0x40,  0xb8,  0xde,  0xd9,  0x25,  0x86,  0xd1,  0xd0,  0x11,  0xd8,  0x50,  0xd6,  0x81,  0x02,  0x9c,  0x6b,
  0x80,  0x1b,  0x27,  0x38,  0x07,  0x24,  0x1a,  0xdd,  0xb3,  0x9a,  0x30,  0x44,  0xa8,  0xa0,  0x9e,  0x06,
  0x06,  0xc3,  0xf5,  0xa8,  0x7b,  0x7c,  0xcb,  0x87,  0xc5,  0xf2,  0x24,  0x54,  0xd8,  0xc1,  0x54,  0x60,
  0x96,  0x26,  0xa1,  0xc9,  0x35,  0x73,  0x58,  0x41,  0xc5,  0xd9,  0x0b,  0x73,  0xc5,  0xb9,  0x42,  0xb9,
  0x38,  0xe0,  0xf7,  0x1c,  0x8a,  0x29,  0xef,  0x71,  0x57,  0xf8,  0x6c,  0x22,  0x8c,  0x02,  0x30,  0x72,
  0x1b,  0xfc,  0x7f,  0xc4,  0x7e,  0x55,  0x57,  0x5b,  0xa3,  0x18,  0x27,  0x6b,  0x32,  0x76,  0x0c,  0xca,
  0x73,  0x93,  0xf2,  0x82,  0x78,  0xef,  0x8a,  0x9b,  0x9b,  0x72,  0x95,  0x95,  0xf0,  0xad,  0x80,  0x78,
  0xc1,  0xc1,  0xf6,  0xad,  0x1c,  0x53,  0x39,  0xa2,  0xc7,  0x44,  0xd9,  0x9d,  0x09,  0x23,  0x9e,  0x31,
  0x8e,  0x80,  0xe0,  0x9a,  0x89,  0x45,  0x28,  0xb3,  0x68,  0x4a,  0xf3,  0x56,  0x24,  0x50,  0xbc,  0xc8,
  0x4e,  0x40,  0x6f,  0x94,  0x50,  0xe5,  0xb2,  0x12,  0x8a,  0x93,  0xb9,  0x34,  0x78,  0x33,  0x1d,  0xb8,
  0xcb,  0x30,  0xfa,  0x74,  0x15,  0x0f,  0x44,  0x52,  0x49,  0x8c,  0x2c,  0x76,  0x42,  0x48,  0x0a,  0x49,
  0x1c,  0xf6,  0x19,  0x24,  0xd5,  0xd9,  0x6a,  0x28,  0xfd,  0x91,  0x13,  0x6b,  0x19,  0x73,  0x90,  0xa4,
  0x13,  0xeb,  0x8c,  0x8f,  0x6a,  0x5b,  0x24,  0x85,  0x3d,  0x65,  0x26,  0x48,  0xe3,  0x24,  0x00,  0xc1,
  0xb7,  0x1e,  0x7f,  0x10,  0x69,  0x27,  0x61,  0xb8,  0xf3,  0x11,  0x49,  0x90,  0xf9,  0x3c,  0xab,  0x38,
  0xc5,  0x55,  0xd5,  0x88,  0x94,  0x65,  0x7b,  0x0c,  0x95,  0x41,  0x95,  0xb2,  0xa4,  0xb1,  0x43,  0xdf,
  0xbe,  0x28,  0x5a,  0x46,  0xeb,  0xb9,  0x72,  0x49,  0xce,  0xd2,  0x1b,  0xb4,  0x2a,  0x31,  0x19,  0xe3,
  0x20,  0x7b,  0x73,  0x42,  0x77,  0x62,  0x9c,  0x12,  0x89,  0x3b,  0x7d,  0xd5,  0x03,  0x1c,  0x67,  0xf9,
  0x54,  0x1a,  0xc9,  0xb1,  0xb1,  0x70,  0xec,  0x77,  0x70,  0x08,  0xc1,  0xc7,  0x7e,  0x45,  0x39,  0x6b,
  0x1b,  0x09,  0x7b,  0xb2,  0xb8,  0xb1,  0x60,  0x01,  0x9c,  0xe0,  0x8a,  0x55,  0x35,  0xb8,  0xe8,  0xb4,
  0xb9,  0x40,  0x13,  0xe6,  0x37,  0xa0,  0xff,  0x00,  0x01,  0x52,  0xfe,  0x13,  0x55,  0xfc,  0x42,  0xa4,
  0xe0,  0x19,  0xc1,  0xe7,  0xee,  0x77,  0x35,  0xbc,  0x7e,  0x1f,  0xfb,  0x78,  0xe5,  0x9f,  0xc5,  0xff,
  0x00,  0x6e,  0x8a,  0x57,  0xe4,  0x18,  0xee,  0x31,  0xcf,  0x4a,  0x69,  0xea,  0x4c,  0xbe,  0x12,  0xd4,
  0xcb,  0xb0,  0x21,  0xdb,  0x8c,  0x8c,  0x60,  0xfa,  0x62,  0xb1,  0x8e,  0xa7,  0x54,  0xda,  0x88,  0x40,
  0xbb,  0xc3,  0x1d,  0xb9,  0x00,  0x00,  0x40,  0xf4,  0xc5,  0x12,  0xd0,  0x21,  0x66,  0x54,  0x0b,  0xf2,
  0x10,  0x7b,  0x0c,  0x7b,  0x71,  0x5b,  0x37,  0xa9,  0xcb,  0x1f,  0x84,  0x20,  0x00,  0x4e,  0x4f,  0x3f,
  0x73,  0xb1,  0xa5,  0x2f,  0x87,  0xfe,  0xde,  0x2a,  0x9f,  0xc5,  0xff,  0x00,  0x6e,  0x96,  0xce,  0x77,
  0xae,  0x71,  0x83,  0xfe,  0x06,  0xb0,  0x5f,  0x09,  0xd4,  0xff,  0x00,  0x88,  0x00,  0x93,  0x23,  0x63,
  0xa0,  0xff,  0x00,  0x01,  0x43,  0xf8,  0x41,  0x7f,  0x10,  0xa9,  0x38,  0x06,  0x70,  0x79,  0xfb,  0x9d,
  0xcd,  0x6f,  0x1f,  0x87,  0xfe,  0xde,  0x39,  0x67,  0xf1,  0x7f,  0xdb,  0xa2,  0x95,  0xf9,  0x06,  0x3b,
  0x8c,  0x73,  0xd2,  0x9a,  0x7a,  0x93,  0x2f,  0x84,  0xb5,  0x32,  0xec,  0x08,  0x76,  0xe3,  0x23,  0x18,
  0x3e,  0x98,  0xac,  0x63,  0xa9,  0xd5,  0x36,  0xa2,  0x10,  0x2e,  0xf0,  0xc7,  0x6e,  0x40,  0x00,  0x10,
  0x3d,  0x31,  0x44,  0xb4,  0x08,  0x59,  0x95,  0x02,  0xfc,  0x84,  0x1e,  0xc3,  0x1e,  0xdc,  0x56,  0xcd,
  0xea,  0x72,  0xc7,  0xe1,  0x08,  0x00,  0x13,  0x93,  0xcf,  0xdc,  0xec,  0x69,  0x4b,  0xe1,  0xff,  0x00,
  0xb7,  0x8a,  0xa7,  0xf1,  0x7f,  0xdb,  0xa5,  0xb3,  0x9d,  0xeb,  0x9c,  0x60,  0xff,  0x00,  0x81,  0xac,
  0x17,  0xc2,  0x75,  0x3f,  0xe2,  0x04,  0x98,  0x20,  0xe3,  0x38,  0x03,  0xbd,  0x54,  0x34,  0xb1,  0x95,
  0x67,  0x7e,  0x61,  0x24,  0x39,  0x70,  0x77,  0x70,  0x49,  0xc9,  0xf7,  0xe0,  0x53,  0x8e,  0x91,  0xb0,
  0x9f,  0xbd,  0x2b,  0x8e,  0x5f,  0xba,  0xc0,  0xe3,  0x27,  0x1f,  0xca,  0x90,  0xe2,  0xc8,  0x36,  0x86,
  0x55,  0x27,  0x3c,  0xe0,  0x1f,  0x7e,  0x6a,  0xdb,  0xb3,  0x32,  0x84,  0x2f,  0x11,  0x62,  0x50,  0x25,
  0x00,  0x02,  0x18,  0x20,  0xfe,  0x54,  0x3d,  0x63,  0x77,  0xdc,  0x71,  0x4a,  0x33,  0xb2,  0x24,  0x4c,
  0x96,  0x1b,  0x78,  0x50,  0xe7,  0x26,  0x8b,  0xab,  0x11,  0x18,  0xca,  0xf6,  0x25,  0x51,  0x82,  0x41,
  0x60,  0xbb,  0x4f,  0xcb,  0xc7,  0xb0,  0xa9,  0x6e,  0xe5,  0xa8,  0xf2,  0x91,  0xbe,  0xd5,  0x31,  0x63,
  0x95,  0x00,  0x1f,  0x4c,  0xe0,  0x7b,  0xd3,  0xdd,  0x34,  0x28,  0x69,  0x28,  0xb0,  0x50,  0x54,  0x48,
  0x31,  0x9e,  0x49,  0xce,  0x78,  0xfb,  0xb4,  0x3d,  0x91,  0x4d,  0xae,  0x69,  0x0a,  0x77,  0x79,  0x6c,
  0x40,  0xe4,  0x74,  0xe7,  0xd2,  0x93,  0xb5,  0xf5,  0x1f,  0xbc,  0xa1,  0x74,  0x46,  0x24,  0xc2,  0x95,
  0x75,  0x2a,  0x0e,  0x48,  0xcf,  0x34,  0x4a,  0x29,  0xec,  0x35,  0x36,  0xbe,  0x21,  0x67,  0xc1,  0x9d,
  0x0f,  0x5f,  0x95,  0x86,  0x4f,  0xd2,  0x88,  0x7c,  0x0c,  0x55,  0x3f,  0x88,  0x23,  0x36,  0x62,  0x25,
  0x97,  0x92,  0x4e,  0x69,  0xad,  0x1e,  0x81,  0x2d,  0x63,  0xa9,  0x2b,  0x61,  0x48,  0x39,  0x18,  0x00,
  0xf4,  0x4e,  0xbc,  0x54,  0x26,  0xcd,  0xa7,  0x14,  0x46,  0xa4,  0x06,  0x62,  0x4f,  0x20,  0xa9,  0xe9,
  0xef,  0x57,  0x6d,  0x3e,  0xf3,  0x09,  0x4b,  0xde,  0x1d,  0x0e,  0x1a,  0x30,  0x47,  0x0a,  0xa3,  0x15,
  0x35,  0x34,  0x91,  0xa5,  0x15,  0x78,  0x0a,  0xc9,  0xf3,  0x16,  0x04,  0x0d,  0xdb,  0x6a,  0x6f,  0xa1,
  0xa3,  0xd2,  0x45,  0x79,  0x02,  0x99,  0x82,  0x91,  0xf3,  0x15,  0xc6,  0xee,  0xd5,  0xa2,  0x7e,  0xed,
  0xcc,  0x26,  0xbd,  0xfb,  0x01,  0x18,  0x44,  0x57,  0x18,  0x00,  0xf3,  0x54,  0xb5,  0x6c,  0x97,  0xa4,
  0x49,  0xe7,  0x46,  0x38,  0xc9,  0x20,  0x00,  0x71,  0x92,  0x3f,  0x2a,  0x98,  0x34,  0x5d,  0x54,  0xd6,
  0xe1,  0x0a,  0x30,  0x27,  0x04,  0x90,  0x40,  0xce,  0x08,  0x1f,  0x87,  0x7a,  0x24,  0xd0,  0x51,  0x4d,
  0xec,  0x41,  0x8c,  0xc6,  0xea,  0x83,  0x20,  0x9e,  0x0e,  0x6a,  0x9e,  0x8d,  0x11,  0x15,  0x78,  0xe8,
  0x11,  0x85,  0x13,  0x15,  0x03,  0xe6,  0xdb,  0x8d,  0xdd,  0xb9,  0xa9,  0x77,  0xe5,  0xb9,  0x50,  0x5e,
  0xf9,  0x61,  0x53,  0x2c,  0x0b,  0x10,  0x76,  0xee,  0xac,  0xef,  0xa1,  0xba,  0x57,  0x90,  0x32,  0x7c,
  0xc5,  0x81,  0x03,  0x76,  0xde,  0x28,  0xbe,  0x80,  0xf4,  0x91,  0x5e,  0x40,  0xa6,  0x60,  0xa4,  0x7c,
  0xc5,  0x71,  0xbb,  0xb5,  0x68,  0x9f,  0xbb,  0x73,  0x09,  0xaf,  0x7e,  0xc0,  0x46,  0x11,  0x15,  0xc6,
  0x00,  0x3c,  0xd5,  0x2d,  0x5b,  0x25,  0xe9,  0x12,  0x79,  0xd1,  0x8e,  0x32,  0x48,  0x00,  0x1c,  0x64,
  0x8f,  0xca,  0xa6,  0x0d,  0x17,  0x55,  0x35,  0xb8,  0x42,  0x8c,  0x09,  0xc1,  0x24,  0x10,  0x33,  0x82,
  0x07,  0xe1,  0xde,  0x89,  0x34,  0x14,  0x53,  0x7b,  0x10,  0x01,  0x94,  0x75,  0x41,  0x90,  0x4f,  0x1c,
  0xd5,  0x3d,  0x1a,  0x21,  0x2b,  0xc4,  0x23,  0x0a,  0x26,  0x2a,  0x07,  0xcd,  0xb7,  0x1b,  0xbb,  0x73,
  0x52,  0xef,  0xcb,  0x72,  0xa0,  0xbd,  0xf2,  0xc2,  0xa6,  0x58,  0x16,  0x20,  0xed,  0xdd,  0x59,  0xdf,
  0x43,  0x75,  0xac,  0x84,  0x9b,  0x0b,  0x19,  0x3d,  0x55,  0x86,  0x2a,  0xa9,  0xeb,  0x23,  0x3a,  0xca,
  0xd0,  0x1a,  0xcc,  0x37,  0x29,  0x53,  0x82,  0x4b,  0x1f,  0xd6,  0xaa,  0xda,  0x7d,  0xc6,  0x71,  0x96,
  0xa3,  0xd7,  0x07,  0x9c,  0x8c,  0x10,  0x07,  0x29,  0xd3,  0x8a,  0x86,  0xd9,  0xd1,  0x08,  0xc4,  0x89,
  0x5b,  0x11,  0x02,  0xa3,  0x90,  0x46,  0x2a,  0xde,  0xaf,  0x53,  0x08,  0xfb,  0xb1,  0xd0,  0x74,  0x1c,
  0x4e,  0xe7,  0xa7,  0xca,  0xa3,  0x3f,  0x85,  0x29,  0x7c,  0x08,  0x29,  0xff,  0x00,  0x10,  0x43,  0x26,
  0x55,  0x55,  0x01,  0x60,  0x39,  0x38,  0xe2,  0x88,  0xc5,  0x2d,  0xc6,  0xe6,  0xdf,  0xc2,  0x4a,  0x37,
  0x79,  0x68,  0x48,  0xe7,  0xbf,  0x3d,  0x33,  0x42,  0xb5,  0xf4,  0x13,  0xe6,  0x70,  0xbb,  0x1a,  0xc0,
  0x9f,  0x2d,  0x70,  0x07,  0x20,  0xf5,  0xff,  0x00,  0x66,  0x85,  0xb3,  0x12,  0x6b,  0x9a,  0x28,  0x4d,
  0xb8,  0x69,  0x3e,  0x61,  0x9f,  0x94,  0x1e,  0x38,  0xeb,  0x4e,  0xfa,  0x7d,  0xe3,  0x9c,  0x17,  0x30,
  0xb0,  0x67,  0xca,  0xc3,  0x72,  0xc4,  0x67,  0x35,  0x15,  0x7e,  0x23,  0x4a,  0x2f,  0xdc,  0x1f,  0x26,
  0xd3,  0xb4,  0x30,  0xc9,  0x18,  0xfd,  0x69,  0x6a,  0xb5,  0x2a,  0x69,  0x3d,  0xca,  0xd2,  0xe7,  0xcc,
  0x43,  0x90,  0x10,  0x6e,  0xe3,  0xbe,  0x2b,  0x48,  0xe9,  0x06,  0x8c,  0x6a,  0x7f,  0x10,  0x4c,  0x6e,
  0x8c,  0x03,  0xc0,  0x2c,  0x6a,  0x96,  0x8d,  0x8a,  0x7e,  0xf4,  0x4b,  0x0c,  0xeb,  0xb8,  0x64,  0x05,
  0xea,  0x46,  0x0d,  0x66,  0x95,  0x93,  0x36,  0x93,  0x5c,  0xc8,  0x42,  0xa3,  0xf7,  0xb8,  0x5c,  0x0e,
  0xe7,  0x3d,  0x38,  0xaa,  0x4f,  0x6f,  0xeb,  0xa9,  0x84,  0xd6,  0xaf,  0xfa,  0xe8,  0x28,  0xca,  0xc2,
  0xdc,  0x00,  0xd9,  0xe9,  0xd7,  0x34,  0xa4,  0x93,  0x7a,  0x97,  0x19,  0xb5,  0x1d,  0x11,  0x1b,  0x07,
  0x75,  0x62,  0x78,  0x0a,  0x30,  0x31,  0x4d,  0xf2,  0xc4,  0x5e,  0xf4,  0xc2,  0x61,  0x89,  0x63,  0x5e,
  0xa0,  0x06,  0x3f,  0xa5,  0x28,  0xfc,  0x2d,  0x84,  0xff,  0x00,  0x88,  0x34,  0x2f,  0xee,  0x98,  0xe3,
  0x03,  0x3d,  0x0f,  0xd6,  0x9d,  0xf5,  0x09,  0x2d,  0x09,  0x5c,  0xa8,  0xf9,  0x41,  0x24,  0xe4,  0x90,
  0x48,  0xe9,  0xc5,  0x44,  0x6e,  0x6b,  0x55,  0x20,  0x8c,  0xa9,  0xf9,  0x09,  0x23,  0x90,  0x4e,  0x07,
  0xb5,  0x12,  0x0a,  0x29,  0x77,  0x22,  0xdb,  0xfb,  0xa5,  0x20,  0x77,  0xe9,  0xf8,  0xd5,  0xb7,  0xa9,
  0x94,  0x55,  0xa3,  0xa0,  0xe8,  0x40,  0x32,  0xc8,  0x98,  0xc0,  0x21,  0x4f,  0xe9,  0x4a,  0x5f,  0x0a,
  0x61,  0x0f,  0xe2,  0x02,  0x07,  0x45,  0x52,  0x0e,  0x43,  0x0e,  0x73,  0x4d,  0x72,  0xc8,  0x2f,  0x2a,
  0x7a,  0x83,  0x07,  0x75,  0x24,  0x9c,  0x00,  0x38,  0xc5,  0x0f,  0x96,  0x20,  0xf9,  0xaa,  0x04,  0xc3,
  0x12,  0x46,  0xbd,  0x40,  0x0c,  0x7f,  0x4a,  0x51,  0xf8,  0x58,  0xe7,  0xfc,  0x41,  0xbb,  0x7f,  0x74,
  0xc4,  0x8c,  0x0c,  0xf4,  0x3f,  0x5a,  0x77,  0xd4,  0x52,  0x5a,  0x12,  0xc8,  0x54,  0x7c,  0xa0,  0x92,
  0x72,  0x48,  0x24,  0x7b,  0x54,  0x44,  0xd6,  0xaa,  0x41,  0x19,  0x53,  0xf2,  0x12,  0x47,  0x20,  0x92,
  0x07,  0xb5,  0x12,  0x0a,  0x29,  0x77,  0x22,  0xdb,  0xfb,  0xa0,  0x71,  0xdf,  0xa7,  0xe3,  0x56,  0xde,
  0xa6,  0x51,  0x5e,  0xee,  0x83,  0xa1,  0x00,  0xcb,  0x22,  0x63,  0x00,  0x85,  0x3f,  0xa5,  0x29,  0x7c,
  0x29,  0x84,  0x3f,  0x88,  0x08,  0x1d,  0x14,  0x10,  0x72,  0x18,  0x73,  0x9a,  0x6b,  0x96,  0x41,  0x79,
  0x53,  0xd4,  0x90,  0xfc,  0xd0,  0x2f,  0x00,  0x92,  0x7a,  0x7a,  0x52,  0x8a,  0x49,  0xe8,  0x39,  0x4d,
  0xb8,  0xea,  0x84,  0x00,  0x7e,  0xe4,  0x11,  0x90,  0x7a,  0x1f,  0xc2,  0x9b,  0xeb,  0xfd,  0x75,  0x26,
  0x2b,  0x55,  0xfd,  0x74,  0x15,  0x5d,  0x77,  0x36,  0x02,  0x9c,  0xe0,  0xe4,  0x9a,  0x97,  0xaa,  0x46,
  0xd1,  0x69,  0x36,  0x57,  0xc0,  0x58,  0xc8,  0x1c,  0xa8,  0x35,  0xa3,  0xd5,  0xa3,  0x08,  0xfb,  0xb1,
  0x16,  0x2c,  0x89,  0x1c,  0xe4,  0x14,  0x21,  0x7e,  0xb8,  0xa9,  0x96,  0xb0,  0x48,  0xa8,  0x7c,  0x65,
  0x98,  0xf6,  0x8d,  0xc1,  0x40,  0x04,  0xe7,  0xf4,  0xac,  0xf5,  0x7a,  0x9b,  0xc5,  0x25,  0xb0,  0xc9,
  0xf3,  0xe5,  0x7c,  0xbc,  0x11,  0xc9,  0x34,  0xe9,  0x69,  0x22,  0x2b,  0x4b,  0xdc,  0x1b,  0xb4,  0x96,
  0x8c,  0x6e,  0x1d,  0x58,  0x63,  0x1c,  0x55,  0xdf,  0x4f,  0xb8,  0xce,  0x10,  0x5c,  0xc0,  0xbc,  0x9c,
  0x93,  0xce,  0x41,  0xce,  0x3e,  0xb4,  0xa4,  0xec,  0xae,  0x09,  0x73,  0x3b,  0x0b,  0x11,  0xf9,  0x51,
  0x43,  0x60,  0x01,  0xe9,  0x44,  0xda,  0xd4,  0x74,  0x53,  0xe5,  0x88,  0xa1,  0x47,  0x9a,  0x4e,  0x18,
  0x93,  0xed,  0x52,  0xfe,  0x13,  0x5f,  0xb6,  0x54,  0x9c,  0x91,  0x30,  0x04,  0x8f,  0xb9,  0x8e,  0x2b,
  0x68,  0x24,  0xe3,  0xf3,  0x39,  0xaa,  0xe9,  0x2f,  0xfb,  0x74,  0x57,  0x24,  0x46,  0x39,  0xe0,  0x1c,
  0xd1,  0xd4,  0x1f,  0xc2,  0x5a,  0x62,  0xdf,  0x26,  0x70,  0x14,  0x03,  0x92,  0x3b,  0x8c,  0x56,  0x4b,
  0x66,  0x74,  0xce,  0x36,  0x71,  0x08,  0x4e,  0xf4,  0x93,  0x71,  0xc0,  0x3c,  0xe7,  0xf0,  0xab,  0x92,
  0xb3,  0x47,  0x2f,  0x35,  0xd4,  0x98,  0xf6,  0xd8,  0xae,  0xb8,  0x1c,  0x1e,  0xbf,  0x86,  0x6a,  0x1a,
  0xba,  0x34,  0x52,  0xe5,  0x23,  0xcf,  0x25,  0x17,  0x85,  0x0e,  0x01,  0x26,  0xab,  0x95,  0x58,  0x97,
  0x55,  0xa9,  0x0d,  0x95,  0x87,  0x9c,  0xc7,  0xd1,  0x09,  0xfd,  0x28,  0x4b,  0xdc,  0xf9,  0x8e,  0xa3,
  0xfd,  0xe0,  0x17,  0xde,  0x8d,  0x83,  0x92,  0x72,  0x7f,  0x5a,  0x12,  0xb3,  0x1c,  0xda,  0xe5,  0x1e,
  0xe7,  0x85,  0xeb,  0x8c,  0xd2,  0x45,  0x3f,  0x78,  0x10,  0xe4,  0x37,  0x5c,  0x67,  0xfc,  0xfa,  0x50,
  0x0b,  0xdd,  0x18,  0x18,  0x22,  0x2e,  0x4e,  0x0f,  0x07,  0xf5,  0xa6,  0xd5,  0xde,  0x84,  0x41,  0xae,
  0x50,  0x89,  0xc0,  0x95,  0x0f,  0x52,  0x50,  0x1f,  0xd2,  0x86,  0xbd,  0xdf,  0x98,  0x53,  0x7f,  0xbc,
  0x1d,  0xbb,  0x90,  0x8d,  0xca,  0xb3,  0x10,  0x31,  0xda,  0x8e,  0x45,  0x61,  0x2a,  0xad,  0xc8,  0x33,
  0xc9,  0x45,  0xe1,  0x55,  0x80,  0x34,  0x72,  0xab,  0x03,  0xaa,  0xd4,  0xac,  0x36,  0x56,  0x06,  0x67,
  0x3e,  0x88,  0x4f,  0xe9,  0x42,  0x5e,  0xef,  0xcc,  0x75,  0x1f,  0xef,  0x00,  0xbe,  0xf4,  0x6c,  0x1c,
  0x93,  0x93,  0xfa,  0xd0,  0x95,  0x98,  0xe6,  0xd7,  0x28,  0xf7,  0x3c,  0x2f,  0x5c,  0x67,  0xfc,  0xfa,
  0xd2,  0x29,  0xfb,  0xc2,  0x21,  0xc8,  0x6e,  0xb8,  0xcf,  0xf9,  0xf4,  0xa0,  0x17,  0xba,  0x34,  0x30,
  0x44,  0x5c,  0x9c,  0x1e,  0x0f,  0xeb,  0x4d,  0xab,  0xbd,  0x08,  0x83,  0x5c,  0xa1,  0x13,  0x81,  0x2a,
  0x1e,  0xa4,  0xa0,  0x3f,  0xa5,  0x0d,  0x7b,  0xbf,  0x30,  0xa6,  0xff,  0x00,  0x78,  0x3b,  0x77,  0x21,
  0x1b,  0x95,  0x66,  0x20,  0x63,  0xb5,  0x1c,  0x8a,  0xc2,  0x55,  0x5b,  0x91,  0x22,  0xec,  0x66,  0x6c,
  0x8e,  0x01,  0xff,  0x00,  0x0a,  0x94,  0xac,  0x8a,  0x72,  0xe6,  0x19,  0x31,  0xd8,  0x91,  0xed,  0x39,
  0x03,  0x07,  0x3f,  0x85,  0x5c,  0x55,  0xdb,  0x33,  0xe6,  0xb2,  0x8b,  0x05,  0x2c,  0x37,  0x91,  0x82,
  0xa4,  0x0c,  0x13,  0xd8,  0x11,  0x50,  0xf6,  0x47,  0x54,  0x23,  0x77,  0x22,  0xaa,  0x12,  0x63,  0xeb,
  0xc1,  0x39,  0xad,  0xba,  0x9c,  0xcb,  0x58,  0x89,  0x01,  0xcc,  0xc4,  0x67,  0xf8,  0x31,  0xcd,  0x29,
  0xaf,  0x77,  0xe6,  0x14,  0x9b,  0x72,  0xff,  0x00,  0xb7,  0x4b,  0x64,  0x66,  0x50,  0x70,  0xc0,  0x83,
  0xe9,  0x58,  0xaf,  0x84,  0xea,  0xfb,  0x76,  0x12,  0x6f,  0xba,  0xca,  0x5b,  0x82,  0x3d,  0x2a,  0xa1,
  0x6d,  0x0c,  0xab,  0x2f,  0x76,  0x42,  0x3f,  0x18,  0x20,  0xe3,  0x92,  0x73,  0x8e,  0x9d,  0x28,  0x8b,
  0xba,  0xb9,  0x2e,  0x3c,  0xae,  0xc2,  0x48,  0xcd,  0x19,  0xca,  0xe1,  0x4a,  0xb6,  0x7f,  0x95,  0x34,
  0xb9,  0x96,  0xa2,  0xa9,  0x2e,  0x49,  0x5d,  0x05,  0xbe,  0x44,  0x48,  0xc4,  0x70,  0x47,  0xad,  0x15,
  0x12,  0xbb,  0x43,  0xa0,  0xdf,  0x27,  0x30,  0x17,  0x2a,  0xec,  0xdd,  0x17,  0x20,  0x7e,  0x74,  0x94,
  0x6e,  0xac,  0x68,  0xe6,  0x94,  0xae,  0x43,  0x32,  0x86,  0x94,  0x10,  0x01,  0x3b,  0x2a,  0xe1,  0xa2,
  0xff,  0x00,  0xb7,  0x8c,  0x6a,  0x6b,  0x2f,  0x91,  0x1c,  0x84,  0x14,  0x60,  0xa7,  0x8d,  0xa7,  0xaa,
  0x9a,  0xb4,  0x99,  0x13,  0xb5,  0xb7,  0x2d,  0xc8,  0x40,  0x90,  0x6e,  0x6c,  0x0d,  0xa7,  0xa0,  0xc9,
  0x3c,  0x56,  0x31,  0xd8,  0xe9,  0xa8,  0xda,  0x7a,  0x84,  0x6a,  0x7c,  0x97,  0xc2,  0x86,  0x0d,  0x9c,
  0x10,  0x30,  0x40,  0x24,  0x55,  0xbd,  0xd5,  0xce,  0x65,  0xf0,  0xca,  0xc4,  0xd2,  0x61,  0x9f,  0x6f,
  0x4c,  0x93,  0xfc,  0xaa,  0x23,  0xa2,  0x34,  0x6a,  0xe4,  0x32,  0x60,  0xaa,  0xae,  0x72,  0xc5,  0xb2,
  0x7f,  0x01,  0x4d,  0x5f,  0x72,  0x65,  0xca,  0xf4,  0x44,  0x73,  0xff,  0x00,  0xae,  0x70,  0x73,  0x9c,
  0x63,  0xa7,  0xd6,  0xaa,  0x2f,  0xdc,  0x0a,  0x89,  0xba,  0x8e,  0xc3,  0x0e,  0xe5,  0x54,  0x2b,  0xc7,
  0x1c,  0xe6,  0xad,  0x5b,  0x53,  0x29,  0x16,  0xa4,  0x52,  0xca,  0x83,  0x07,  0x24,  0x12,  0x46,  0x7d,
  0xab,  0x14,  0xec,  0x75,  0x6f,  0x1d,  0x04,  0x8c,  0x15,  0x57,  0x1c,  0xe4,  0x00,  0x71,  0x9f,  0x6a,
  0x2f,  0x70,  0xda,  0x3a,  0x95,  0x86,  0xe6,  0x57,  0x2d,  0x83,  0xc7,  0x18,  0xed,  0x5a,  0xbb,  0x68,
  0x72,  0xc4,  0x7c,  0x03,  0x33,  0x28,  0xcf,  0x38,  0xc6,  0x08,  0xfa,  0x54,  0xc9,  0xfb,  0x86,  0xb4,
  0xd3,  0x55,  0x11,  0x24,  0x7f,  0x75,  0x94,  0x10,  0x18,  0x36,  0x47,  0xe2,  0x2a,  0x5d,  0xf7,  0x08,
  0xf2,  0xad,  0x18,  0x49,  0x8d,  0x8a,  0xb9,  0xcb,  0x16,  0xc9,  0xfc,  0x05,  0x0a,  0xe3,  0x9f,  0x2b,
  0xd1,  0x11,  0xcf,  0xc4,  0xce,  0x09,  0xe7,  0x18,  0xe9,  0xf5,  0xaa,  0x8b,  0xf7,  0x05,  0x51,  0x37,
  0x51,  0xd8,  0x61,  0x0c,  0xaa,  0x85,  0x70,  0x38,  0xe7,  0x35,  0x6a,  0xda,  0x99,  0x4a,  0xe5,  0xa9,
  0x14,  0xb2,  0xa0,  0xc1,  0xc9,  0x04,  0x91,  0x9f,  0x6a,  0xc5,  0x3b,  0x1d,  0x5b,  0xc7,  0x41,  0x23,
  0x05,  0x55,  0xc7,  0x39,  0x00,  0x1c,  0x67,  0xda,  0x8b,  0xdc,  0x36,  0x8e,  0xa5,  0x61,  0xb9,  0x95,
  0xcb,  0x60,  0xf1,  0xc6,  0x3b,  0x56,  0xae,  0xda,  0x1c,  0xb1,  0x1f,  0x00,  0xcc,  0xca,  0x33,  0xce,
  0x31,  0x82,  0x3e,  0x95,  0x32,  0x7e,  0xe1,  0xad,  0x34,  0xd5,  0x44,  0x49,  0x1f,  0xdd,  0x65,  0x04,
  0x06,  0x0d,  0x91,  0xf8,  0x8a,  0x97,  0x7d,  0xc2,  0x3c,  0xab,  0x46,  0x4d,  0x1e,  0x15,  0xf6,  0xfd,
  0xee,  0x47,  0xf2,  0xa4,  0xf5,  0x45,  0x25,  0xca,  0x43,  0x22,  0x9f,  0x25,  0x09,  0x55,  0x50,  0x31,
  0x93,  0x8e,  0x48,  0x04,  0xd5,  0xad,  0xdd,  0x8c,  0xdf,  0xc3,  0x1b,  0x84,  0x64,  0x19,  0x0e,  0xd6,
  0xc8,  0xda,  0x31,  0x91,  0x83,  0xd2,  0xa2,  0x5b,  0x1d,  0x34,  0xdb,  0x72,  0xd0,  0xa9,  0x1e,  0x36,
  0x28,  0x62,  0x31,  0x81,  0xd1,  0x4d,  0x6c,  0xd3,  0x39,  0xa1,  0x6b,  0x6e,  0x49,  0x0a,  0x81,  0x29,
  0x27,  0x00,  0xec,  0xf4,  0xa8,  0x9e,  0xab,  0xfe,  0xde,  0x2a,  0x9e,  0x92,  0xf9,  0x13,  0x09,  0x0b,
  0x3a,  0xb7,  0x05,  0x72,  0x47,  0xbf,  0x15,  0x0e,  0x36,  0x56,  0x37,  0x53,  0x4e,  0x57,  0x0b,  0x8c,
  0xf9,  0x4e,  0xc0,  0x60,  0x05,  0xf5,  0xa7,  0x4d,  0x2b,  0xa4,  0x46,  0x21,  0xbe,  0x47,  0x20,  0x8d,
  0x9a,  0x43,  0x96,  0x20,  0x96,  0x60,  0x7f,  0x9d,  0x0d,  0x72,  0xad,  0x09,  0xa7,  0x2e,  0x79,  0x6a,
  0x7f,  0xff,  0xd9,
};

wxImage GetImage_Wood43()
{
	static wxMemoryInputStream is(image_Wood43, sizeof(image_Wood43));
	static wxImage image(is, wxBITMAP_TYPE_ANY, -1);
	return image;
}
